game_id,image_id,rep_num,step_size
0,0,2,0.16925682127475739
0,0,3,0.10602835565805435
0,0,4,0.06297928094863892
0,0,5,0.041723791509866714
0,0,6,0.029675215482711792
0,1,2,0.18593454360961914
0,1,3,0.10822883248329163
0,1,4,0.07382369041442871
0,1,5,0.07593794912099838
0,1,6,0.05525591969490051
0,2,2,0.15360715985298157
0,2,3,0.07535453140735626
0,2,4,0.06698854267597198
0,2,5,0.03440295159816742
0,2,6,0.02446841634809971
0,3,2,0.16299307346343994
0,3,3,0.0799589455127716
0,3,4,0.04749443754553795
0,3,5,0.0314650759100914
0,3,6,0.022378908470273018
0,4,2,0.10715705901384354
0,4,3,0.05256766453385353
0,4,4,0.031224416568875313
0,4,5,0.020686184987425804
0,4,6,0.014712635427713394
0,5,2,0.1724393516778946
0,5,3,0.1316571980714798
0,5,4,0.0849909856915474
0,5,5,0.05630654841661453
0,5,6,0.04004691541194916
0,6,2,0.17392127215862274
0,6,3,0.08877795934677124
0,6,4,0.0971149355173111
0,6,5,0.06433866173028946
0,6,6,0.04348808154463768
0,7,2,0.10655828565359116
0,7,3,0.08253031969070435
0,7,4,0.06513920426368713
0,7,5,0.07208164781332016
0,7,6,0.054186973720788956
0,8,2,0.13916638493537903
0,8,3,0.10688458383083344
0,8,4,0.06348787248134613
0,8,5,0.0420607291162014
0,8,6,0.02991485968232155
0,9,2,0.163120299577713
0,9,3,0.11671151965856552
0,9,4,0.06684178113937378
0,9,5,0.0442826934158802
0,9,6,0.05622180551290512
0,10,2,0.17084746062755585
0,10,3,0.08381205797195435
0,10,4,0.058479007333517075
0,10,5,0.039623238146305084
0,10,6,0.02818123623728752
0,11,2,0.16734915971755981
0,11,3,0.09269510209560394
0,11,4,0.056613318622112274
0,11,5,0.037506334483623505
0,11,6,0.0266756359487772
1,0,2,0.14733314514160156
1,0,3,0.07227671146392822
1,0,4,0.04293130338191986
1,0,5,0.02844199538230896
1,0,6,0.05153758078813553
1,1,2,0.1548004299402237
1,1,3,0.08626119047403336
1,1,4,0.07531893998384476
1,1,5,0.06485846638679504
1,1,6,0.05408098176121712
1,2,2,0.21661143004894257
1,2,3,0.13913962244987488
1,2,4,0.08264689147472382
1,2,5,0.05475357547402382
1,2,6,0.05334177985787392
1,3,2,0.11361739039421082
1,3,3,0.10327082872390747
1,3,4,0.07405088096857071
1,3,5,0.07634922862052917
1,3,6,0.04214727506041527
1,4,2,0.14857478439807892
1,4,3,0.07970651239156723
1,4,4,0.0921064168214798
1,4,5,0.0657937079668045
1,4,6,0.04679445922374725
1,5,2,0.09747002273797989
1,5,3,0.08827748149633408
1,5,4,0.05243552476167679
1,5,5,0.03473854809999466
1,5,6,0.02470710128545761
1,6,2,0.22579506039619446
1,6,3,0.08253835141658783
1,6,4,0.07416234910488129
1,6,5,0.11842218786478043
1,6,6,0.09379720687866211
1,7,2,0.2480364590883255
1,7,3,0.19843557476997375
1,7,4,0.11102323979139328
1,7,5,0.07784795016050339
1,7,6,0.055627793073654175
1,8,2,0.21861058473587036
1,8,3,0.13427656888961792
1,8,4,0.07991719245910645
1,8,5,0.06097777187824249
1,8,6,0.05459347367286682
1,9,2,0.13402624428272247
1,9,3,0.09697103500366211
1,9,4,0.07105526328086853
1,9,5,0.047074124217033386
1,9,6,0.04544873908162117
1,10,2,0.14805392920970917
1,10,3,0.20589840412139893
1,10,4,0.13822883367538452
1,10,5,0.10610583424568176
1,10,6,0.07674622535705566
1,11,2,0.1884787529706955
1,11,3,0.17536140978336334
1,11,4,0.0954289585351944
1,11,5,0.0886264517903328
1,11,6,0.10998538136482239
2,0,2,0.1207391694188118
2,0,3,0.108043372631073
2,0,4,0.048036154359579086
2,0,5,0.031823962926864624
2,0,6,0.02263415977358818
2,1,2,0.07899294793605804
2,1,3,0.11795201152563095
2,1,4,0.04376029595732689
2,1,5,0.08005592972040176
2,1,6,0.038901619613170624
2,2,2,0.0830906331539154
2,2,3,0.04286309704184532
2,2,4,0.06688668578863144
2,2,5,0.059621717780828476
2,2,6,0.06436353176832199
2,3,2,0.10661803930997849
2,3,3,0.09287269413471222
2,3,4,0.0709947720170021
2,3,5,0.07955355197191238
2,3,6,0.05197291821241379
2,4,2,0.1154850572347641
2,4,3,0.07009240984916687
2,4,4,0.03858080506324768
2,4,5,0.04118127003312111
2,4,6,0.02706042304635048
2,5,2,0.1192135140299797
2,5,3,0.11018034815788269
2,5,4,0.05322752147912979
2,5,5,0.06138550117611885
2,5,6,0.05238126963376999
2,6,2,0.13919644057750702
2,6,3,0.09726624935865402
2,6,4,0.08090648055076599
2,6,5,0.03556390106678009
2,6,6,0.057137396186590195
2,7,2,0.13365338742733002
2,7,3,0.10259100794792175
2,7,4,0.13147298991680145
2,7,5,0.07700851559638977
2,7,6,0.060580749064683914
2,8,2,0.09853050857782364
2,8,3,0.058041710406541824
2,8,4,0.06337764114141464
2,8,5,0.04827156290411949
2,8,6,0.03279941529035568
2,9,2,0.2161734253168106
2,9,3,0.07629583775997162
2,9,4,0.09950144588947296
2,9,5,0.07246071845293045
2,9,6,0.06303645670413971
2,10,2,0.1396670937538147
2,10,3,0.06714554876089096
2,10,4,0.07580403238534927
2,10,5,0.07383621484041214
2,10,6,0.07819631695747375
2,11,2,0.0870533213019371
2,11,3,0.1102333813905716
2,11,4,0.052707966417074203
2,11,5,0.09236612915992737
2,11,6,0.06467565149068832
3,0,2,0.15039996802806854
3,0,3,0.09087862819433212
3,0,4,0.0625748336315155
3,0,5,0.0431799478828907
3,0,6,0.057493142783641815
3,1,2,0.15154260396957397
3,1,3,0.13176509737968445
3,1,4,0.07825353741645813
3,1,5,0.06687343120574951
3,1,6,0.0464235320687294
3,2,2,0.1731864959001541
3,2,3,0.08495950698852539
3,2,4,0.0504646971821785
3,2,5,0.03343287482857704
3,2,6,0.023778464645147324
3,3,2,0.1289118528366089
3,3,3,0.12115559726953506
3,3,4,0.07196465134620667
3,3,5,0.04767659306526184
3,3,6,0.03390903025865555
3,4,2,0.1299729347229004
3,4,3,0.11002381145954132
3,4,4,0.06795241683721542
3,4,5,0.04501849785447121
3,4,6,0.0320185087621212
3,5,2,0.08647724241018295
3,5,3,0.0928390845656395
3,5,4,0.08376181125640869
3,5,5,0.06432384997606277
3,5,6,0.05632830783724785
3,6,2,0.1466369777917862
3,6,3,0.13814972341060638
3,6,4,0.08783134073019028
3,6,5,0.056124527007341385
3,6,6,0.03896164149045944
3,7,2,0.1413915753364563
3,7,3,0.12229374051094055
3,7,4,0.07264067977666855
3,7,5,0.048124466091394424
3,7,6,0.03422756493091583
3,8,2,0.11604016274213791
3,8,3,0.1251964420080185
3,8,4,0.11256714165210724
3,8,5,0.07193078845739365
3,8,6,0.04993434250354767
3,9,2,0.1844411939382553
3,9,3,0.12031856179237366
3,9,4,0.07146745175123215
3,9,5,0.04734720289707184
3,9,6,0.03367476537823677
3,10,2,0.09480179846286774
3,10,3,0.062408801168203354
3,10,4,0.05074654892086983
3,10,5,0.03361959382891655
3,10,6,0.02391127310693264
3,11,2,0.13833098113536835
3,11,3,0.11633524298667908
3,11,4,0.06508870422840118
3,11,5,0.041591908782720566
3,11,6,0.02887309528887272
4,0,2,0.1534314751625061
4,0,3,0.08616270869970322
4,0,4,0.07280049473047256
4,0,5,0.0496843196451664
4,0,6,0.03918017819523811
4,1,2,0.16672031581401825
4,1,3,0.11062111705541611
4,1,4,0.07924210280179977
4,1,5,0.06674744933843613
4,1,6,0.05962381139397621
4,2,2,0.1660434603691101
4,2,3,0.12556296586990356
4,2,4,0.07458256185054779
4,2,5,0.04941095784306526
4,2,6,0.06449151039123535
4,3,2,0.1826014518737793
4,3,3,0.1214967891573906
4,3,4,0.09898164868354797
4,3,5,0.09240327775478363
4,3,6,0.05438314750790596
4,4,2,0.1549655795097351
4,4,3,0.15325215458869934
4,4,4,0.09737895429134369
4,4,5,0.055942125618457794
4,4,6,0.04198990762233734
4,5,2,0.1757507473230362
4,5,3,0.14409896731376648
4,5,4,0.07939140498638153
4,5,5,0.05901650711894035
4,5,6,0.05716351047158241
4,6,2,0.12395200878381729
4,6,3,0.1444350779056549
4,6,4,0.09712136536836624
4,6,5,0.06567337363958359
4,6,6,0.04632500559091568
4,7,2,0.14412149786949158
4,7,3,0.14618027210235596
4,7,4,0.1205720528960228
4,7,5,0.09329750388860703
4,7,6,0.05993305519223213
4,8,2,0.11014685034751892
4,8,3,0.10486405342817307
4,8,4,0.0709831491112709
4,8,5,0.06233111396431923
4,8,6,0.04433177039027214
4,9,2,0.14555153250694275
4,9,3,0.126713365316391
4,9,4,0.06861560046672821
4,9,5,0.04545785114169121
4,9,6,0.03233099356293678
4,10,2,0.1998552680015564
4,10,3,0.1351090669631958
4,10,4,0.07744824886322021
4,10,5,0.04948969930410385
4,10,6,0.05770904943346977
4,11,2,0.1819474697113037
4,11,3,0.1268572211265564
4,11,4,0.07601495087146759
4,11,5,0.0500694140791893
4,11,6,0.05190185829997063
5,0,2,0.144403338432312
5,0,3,0.07979139685630798
5,0,4,0.07957082986831665
5,0,5,0.05740782618522644
5,0,6,0.04083017259836197
5,1,2,0.20696444809436798
5,1,3,0.10572604089975357
5,1,4,0.06353192776441574
5,1,5,0.055939722806215286
5,1,6,0.038886908441782
5,2,2,0.11303549259901047
5,2,3,0.10384785383939743
5,2,4,0.06168409809470177
5,2,5,0.061552297323942184
5,2,6,0.03148650377988815
5,3,2,0.14366158843040466
5,3,3,0.16199931502342224
5,3,4,0.10819453746080399
5,3,5,0.07301659137010574
5,3,6,0.06161405146121979
5,4,2,0.13480713963508606
5,4,3,0.10255888104438782
5,4,4,0.06812073290348053
5,4,5,0.04512999951839447
5,4,6,0.032097816467285156
5,5,2,0.22064344584941864
5,5,3,0.14004075527191162
5,5,4,0.04672088474035263
5,5,5,0.06909811496734619
5,5,6,0.04800432547926903
5,6,2,0.13074111938476562
5,6,3,0.08719097822904587
5,6,4,0.08838646858930588
5,6,5,0.0638115257024765
5,6,6,0.07043389976024628
5,7,2,0.10810840874910355
5,7,3,0.21950028836727142
5,7,4,0.13471683859825134
5,7,5,0.08924993872642517
5,7,6,0.0872817113995552
5,8,2,0.19857822358608246
5,8,3,0.18841861188411713
5,8,4,0.0981452465057373
5,8,5,0.061571795493364334
5,8,6,0.04417669400572777
5,9,2,0.09759756922721863
5,9,3,0.14767716825008392
5,9,4,0.0914735421538353
5,9,5,0.07503189891576767
5,9,6,0.05336495861411095
5,10,2,0.15118107199668884
5,10,3,0.1717042326927185
5,10,4,0.0900922566652298
5,10,5,0.07413604110479355
5,10,6,0.034161970019340515
5,11,2,0.11812465637922287
5,11,3,0.08030983805656433
5,11,4,0.08418335765600204
5,11,5,0.050996650010347366
5,11,6,0.07118730992078781
6,0,2,0.13745489716529846
6,0,3,0.07364275306463242
6,0,4,0.07953251898288727
6,0,5,0.05315570533275604
6,0,6,0.06684262305498123
6,1,2,0.1438206136226654
6,1,3,0.0702478364109993
6,1,4,0.07370991259813309
6,1,5,0.047100890427827835
6,1,6,0.02134447544813156
6,2,2,0.10900761932134628
6,2,3,0.06658728420734406
6,2,4,0.04649519920349121
6,2,5,0.030803082510828972
6,2,6,0.021908080205321312
6,3,2,0.10037161409854889
6,3,3,0.043668001890182495
6,3,4,0.08295820653438568
6,3,5,0.057207148522138596
6,3,6,0.06069051846861839
6,4,2,0.1227794960141182
6,4,3,0.07995916157960892
6,4,4,0.06596653163433075
6,4,5,0.04370284825563431
6,4,6,0.03108277916908264
6,5,2,0.19983148574829102
6,5,3,0.1126948818564415
6,5,4,0.0752514898777008
6,5,5,0.07519085705280304
6,5,6,0.05274004116654396
6,6,2,0.17520037293434143
6,6,3,0.0859474390745163
6,6,4,0.08772952854633331
6,6,5,0.05812083184719086
6,6,6,0.041337281465530396
6,7,2,0.08726590871810913
6,7,3,0.04585789516568184
6,7,4,0.027238909155130386
6,7,5,0.023517800495028496
6,7,6,0.016726568341255188
6,8,2,0.060257237404584885
6,8,3,0.029560184106230736
6,8,4,0.06992551684379578
6,8,5,0.04223519563674927
6,8,6,0.03501494973897934
6,9,2,0.14201463758945465
6,9,3,0.06966763734817505
6,9,4,0.05555121973156929
6,9,5,0.03680269792675972
6,9,6,0.06489872187376022
6,10,2,0.05763017386198044
6,10,3,0.02827143296599388
6,10,4,0.016792818903923035
6,10,5,0.011125249788165092
6,10,6,0.03921893239021301
6,11,2,0.13314120471477509
6,11,3,0.06603537499904633
6,11,4,0.037591371685266495
6,11,5,0.024904293939471245
6,11,6,0.02116268128156662
7,0,2,0.16677139699459076
7,0,3,0.09288717806339264
7,0,4,0.08904284983873367
7,0,5,0.058990903198719025
7,0,6,0.041956108063459396
7,1,2,0.12887662649154663
7,1,3,0.1376064568758011
7,1,4,0.0991397351026535
7,1,5,0.06545156240463257
7,1,6,0.0670803040266037
7,2,2,0.13674093782901764
7,2,3,0.10177650302648544
7,2,4,0.08280758559703827
7,2,5,0.05486004799604416
7,2,6,0.03901812061667442
7,3,2,0.12785013020038605
7,3,3,0.05623999610543251
7,3,4,0.07400999963283539
7,3,5,0.04567097872495651
7,3,6,0.04387816786766052
7,4,2,0.17154601216316223
7,4,3,0.1061282679438591
7,4,4,0.06303862482309341
7,4,5,0.06611949950456619
7,4,6,0.05690576881170273
7,5,2,0.1498800814151764
7,5,3,0.07352615892887115
7,5,4,0.05938282981514931
7,5,5,0.036099426448345184
7,5,6,0.05884140729904175
7,6,2,0.1835608035326004
7,6,3,0.0915917381644249
7,6,4,0.10011965036392212
7,6,5,0.09468789398670197
7,6,6,0.044192295521497726
7,7,2,0.14085319638252258
7,7,3,0.10298733413219452
7,7,4,0.061172954738140106
7,7,5,0.040527112782001495
7,7,6,0.02882409282028675
7,8,2,0.16198958456516266
7,8,3,0.07946667820215225
7,8,4,0.047202032059431076
7,8,5,0.03127136081457138
7,8,6,0.022241130471229553
7,9,2,0.1707465946674347
7,9,3,0.11046267300844193
7,9,4,0.07957704365253448
7,9,5,0.05271981284022331
7,9,6,0.04542010650038719
7,10,2,0.17196616530418396
7,10,3,0.11415710300207138
7,10,4,0.04287729784846306
7,10,5,0.05267846956849098
7,10,6,0.03962171450257301
7,11,2,0.18479812145233154
7,11,3,0.09777646511793137
7,11,4,0.0723448172211647
7,11,5,0.04070832580327988
7,11,6,0.035899899899959564
8,0,2,0.10754848271608353
8,0,3,0.08353658765554428
8,0,4,0.04961950704455376
8,0,5,0.03287293016910553
8,0,6,0.059480492025613785
8,1,2,0.19843614101409912
8,1,3,0.10221012681722641
8,1,4,0.06071131303906441
8,1,5,0.07820761948823929
8,1,6,0.055623609572649
8,2,2,0.06005207821726799
8,2,3,0.02945953793823719
8,2,4,0.01749853417277336
8,2,5,0.011592783965170383
8,2,6,0.05989396944642067
8,3,2,0.21675148606300354
8,3,3,0.12214277684688568
8,3,4,0.08294089138507843
8,3,5,0.050589438527822495
8,3,6,0.05843083932995796
8,4,2,0.05700637772679329
8,4,3,0.027965420857071877
8,4,4,0.01661105267703533
8,4,5,0.011004823260009289
8,4,6,0.05931636691093445
8,5,2,0.11739316582679749
8,5,3,0.08637996762990952
8,5,4,0.05103245750069618
8,5,5,0.03380901739001274
8,5,6,0.05156411603093147
8,6,2,0.16299240291118622
8,6,3,0.07995861768722534
8,6,4,0.04749424755573273
8,6,5,0.03146495297551155
8,6,6,0.042553454637527466
8,7,2,0.20347777009010315
8,7,3,0.09981938451528549
8,7,4,0.05929124355316162
8,7,5,0.03928046301007271
8,7,6,0.055984292179346085
8,8,2,0.06561698019504547
8,8,3,0.0321894995868206
8,8,4,0.01912008970975876
8,8,5,0.051885221153497696
8,8,6,0.03690233454108238
8,9,2,0.20562149584293365
8,9,3,0.12510547041893005
8,9,4,0.07486852258443832
8,9,5,0.0716194435954094
8,9,6,0.049718212336301804
8,10,2,0.2777583599090576
8,10,3,0.178384467959404
8,10,4,0.107363760471344
8,10,5,0.08017972111701965
8,10,6,0.05566074699163437
8,11,2,0.20878863334655762
8,11,3,0.1411684900522232
8,11,4,0.08385200798511505
8,11,5,0.05555197224020958
8,11,6,0.056741077452898026
9,0,2,0.07187709957361221
9,0,3,0.08721565455198288
9,0,4,0.03593830764293671
9,0,5,0.02380913682281971
9,0,6,0.016933780163526535
9,1,2,0.2575295567512512
9,1,3,0.1120416447520256
9,1,4,0.06268647313117981
9,1,5,0.040056873112916946
9,1,6,0.027807477861642838
9,2,2,0.17609289288520813
9,2,3,0.08638528734445572
9,2,4,0.051311589777469635
9,2,5,0.033993933349847794
9,2,6,0.024177521467208862
9,3,2,0.08774729818105698
9,3,3,0.058460135012865067
9,3,4,0.034724459052085876
9,3,5,0.023004960268735886
9,3,6,0.016361821442842484
9,4,2,0.10908520966768265
9,4,3,0.053513552993535995
9,4,4,0.03178626298904419
9,4,5,0.021058406680822372
9,4,6,0.01497737132012844
9,5,2,0.09406749159097672
9,5,3,0.04774327203631401
9,5,4,0.02835879847407341
9,5,5,0.01878770813345909
9,5,6,0.013362384401261806
9,6,2,0.17225739359855652
9,6,3,0.17767933011054993
9,6,4,0.099410280585289
9,6,5,0.06352350860834122
9,6,6,0.044098012149333954
9,7,2,0.15743590891361237
9,7,3,0.06849458068609238
9,7,4,0.03832220658659935
9,7,5,0.02448803000152111
9,7,6,0.016999587416648865
9,8,2,0.08325743675231934
9,8,3,0.05427694693207741
9,8,4,0.032239705324172974
9,8,5,0.02135881409049034
9,8,6,0.03549706190824509
9,9,2,0.1125398725271225
9,9,3,0.11107997596263885
9,9,4,0.06597987562417984
9,9,5,0.04371167719364166
9,9,6,0.031089065596461296
9,10,2,0.1777973622083664
9,10,3,0.08722144365310669
9,10,4,0.05180824548006058
9,10,5,0.034322984516620636
9,10,6,0.03325575962662697
9,11,2,0.18667219579219818
9,11,3,0.09157513082027435
9,11,4,0.05439428240060806
9,11,5,0.03603621944785118
9,11,6,0.025630047544836998
10,0,2,0.14583049714565277
10,0,3,0.16151542961597443
10,0,4,0.08342795819044113
10,0,5,0.05527104064822197
10,0,6,0.06868810951709747
10,1,2,0.1540018767118454
10,1,3,0.09656303375959396
10,1,4,0.09248445928096771
10,1,5,0.06127098202705383
10,1,6,0.04357776418328285
10,2,2,0.19462117552757263
10,2,3,0.1233966127038002
10,2,4,0.0933961421251297
10,2,5,0.06187497079372406
10,2,6,0.04400733485817909
10,3,2,0.24461662769317627
10,3,3,0.1713484525680542
10,3,4,0.10112975537776947
10,3,5,0.07015524804592133
10,3,6,0.049896515905857086
10,4,2,0.15733525156974792
10,4,3,0.10255318135023117
10,4,4,0.08475905656814575
10,4,5,0.07641325891017914
10,4,6,0.0688331350684166
10,5,2,0.1879521906375885
10,5,3,0.11089823395013809
10,5,4,0.09130336344242096
10,5,5,0.06078086793422699
10,5,6,0.05489017441868782
10,6,2,0.15525469183921814
10,6,3,0.08708609640598297
10,6,4,0.06880875676870346
10,6,5,0.08798815310001373
10,6,6,0.06744223833084106
10,7,2,0.22036220133304596
10,7,3,0.19052574038505554
10,7,4,0.11775404959917068
10,7,5,0.07801208645105362
10,7,6,0.05548453703522682
10,8,2,0.20533742010593414
10,8,3,0.10073167085647583
10,8,4,0.0579860582947731
10,8,5,0.042620331048965454
10,8,6,0.030312862247228622
10,9,2,0.24139226973056793
10,9,3,0.1964971274137497
10,9,4,0.12332994490861893
10,9,5,0.08753329515457153
10,9,6,0.062256310135126114
10,10,2,0.18464931845664978
10,10,3,0.18704178929328918
10,10,4,0.10810834914445877
10,10,5,0.07162179797887802
10,10,6,0.05093958228826523
10,11,2,0.22166989743709564
10,11,3,0.14242225885391235
10,11,4,0.10189305245876312
10,11,5,0.0940789133310318
10,11,6,0.07889489084482193
11,0,2,0.13877734541893005
11,0,3,0.09968657046556473
11,0,4,0.05577389895915985
11,0,5,0.03563971817493439
11,0,6,0.02474108338356018
11,1,2,0.09360212832689285
11,1,3,0.0459180548787117
11,1,4,0.03655584529042244
11,1,5,0.024168511852622032
11,1,6,0.01549425721168518
11,2,2,0.05819825083017349
11,2,3,0.06522492319345474
11,2,4,0.02190699614584446
11,2,5,0.054704226553440094
11,2,6,0.03165968507528305
11,3,2,0.09777413308620453
11,3,3,0.05164264887571335
11,3,4,0.0982620120048523
11,3,5,0.0650986060500145
11,3,6,0.04630009084939957
11,4,2,0.15287432074546814
11,4,3,0.08973170816898346
11,4,4,0.0586540661752224
11,4,5,0.038858331739902496
11,4,6,0.027637211605906487
11,5,2,0.11911217123270035
11,5,3,0.049734096974134445
11,5,4,0.07761169970035553
11,5,5,0.05141777545213699
11,5,6,0.03656986355781555
11,6,2,0.07173116505146027
11,6,3,0.10563234239816666
11,6,4,0.08415593206882477
11,6,5,0.03809336945414543
11,6,6,0.030136965215206146
11,7,2,0.13071271777153015
11,7,3,0.08394692838191986
11,7,4,0.049863237887620926
11,7,5,0.03303440660238266
11,7,6,0.023495061323046684
11,8,2,0.11493561416864395
11,8,3,0.09664919227361679
11,8,4,0.07335422933101654
11,8,5,0.04859718307852745
11,8,6,0.034563787281513214
11,9,2,0.12047507613897324
11,9,3,0.10795535892248154
11,9,4,0.05833873525261879
11,9,5,0.07167443633079529
11,9,6,0.046825435012578964
11,10,2,0.0796583741903305
11,10,3,0.05975785851478577
11,10,4,0.043219927698373795
11,10,5,0.06696367263793945
11,10,6,0.025791391730308533
11,11,2,0.253736674785614
11,11,3,0.09200707823038101
11,11,4,0.09309568256139755
11,11,5,0.059249646961688995
11,11,6,0.03776746615767479
12,0,2,0.13655439019203186
12,0,3,0.09121349453926086
12,0,4,0.09634614735841751
12,0,5,0.06382934004068375
12,0,6,0.0634024441242218
12,1,2,0.11189534515142441
12,1,3,0.11365298926830292
12,1,4,0.08834142982959747
12,1,5,0.058526214212179184
12,1,6,0.04162560775876045
12,2,2,0.12254159152507782
12,2,3,0.06970500200986862
12,2,4,0.05874819681048393
12,2,5,0.03892069309949875
12,2,6,0.02768157236278057
12,3,2,0.12544231116771698
12,3,3,0.14519618451595306
12,3,4,0.11193527281284332
12,3,5,0.07651017606258392
12,3,6,0.054416343569755554
12,4,2,0.1276053488254547
12,4,3,0.0879795253276825
12,4,4,0.05225853994488716
12,4,5,0.04033160209655762
12,4,6,0.028685051947832108
12,5,2,0.12578873336315155
12,5,3,0.08770041167736053
12,5,4,0.06779192388057709
12,5,5,0.06396061927080154
12,5,6,0.04549071937799454
12,6,2,0.16863559186458588
12,6,3,0.12673065066337585
12,6,4,0.0770275667309761
12,6,5,0.05103078484535217
12,6,6,0.03629462793469429
12,7,2,0.14997495710849762
12,7,3,0.125998392701149
12,7,4,0.06534217298030853
12,7,5,0.039988767355680466
12,7,6,0.026993822306394577
12,8,2,0.14122484624385834
12,8,3,0.08553089946508408
12,8,4,0.062494907528162
12,8,5,0.045080360025167465
12,8,6,0.02734990045428276
12,9,2,0.07943885773420334
12,9,3,0.11068708449602127
12,9,4,0.08258584886789322
12,9,5,0.0527726411819458
12,9,6,0.036634765565395355
12,10,2,0.13266277313232422
12,10,3,0.1497313380241394
12,10,4,0.08830569684505463
12,10,5,0.08366696536540985
12,10,6,0.059506457298994064
12,11,2,0.2005620002746582
12,11,3,0.10890452563762665
12,11,4,0.10921747982501984
12,11,5,0.07960297167301178
12,11,6,0.05373479053378105
13,0,2,0.16962049901485443
13,0,3,0.16116385161876678
13,0,4,0.10646099597215652
13,0,5,0.07503318041563034
13,0,6,0.053365856409072876
13,1,2,0.22079171240329742
13,1,3,0.15315194427967072
13,1,4,0.08133965730667114
13,1,5,0.06551714241504669
13,1,6,0.046597760170698166
13,2,2,0.12917055189609528
13,2,3,0.14733673632144928
13,2,4,0.09046506136655807
13,2,5,0.059933122247457504
13,2,6,0.04262624680995941
13,3,2,0.20920215547084808
13,3,3,0.1438596397638321
13,3,4,0.08545052260160446
13,3,5,0.056610994040966034
13,3,6,0.04026343300938606
13,4,2,0.10410654544830322
13,4,3,0.08153878897428513
13,4,4,0.13760654628276825
13,4,5,0.10088600218296051
13,4,6,0.06810157746076584
13,5,2,0.19069714844226837
13,5,3,0.10998518019914627
13,5,4,0.10962166637182236
13,5,5,0.07262438535690308
13,5,6,0.05165264010429382
13,6,2,0.20256248116493225
13,6,3,0.14818117022514343
13,6,4,0.09436634182929993
13,6,5,0.06251772493124008
13,6,6,0.044464487582445145
13,7,2,0.1627025306224823
13,7,3,0.14158794283866882
13,7,4,0.08236406743526459
13,7,5,0.054566215723752975
13,7,6,0.03880913555622101
13,8,2,0.1694924235343933
13,8,3,0.09625422209501266
13,8,4,0.04669806733727455
13,8,5,0.04390077292919159
13,8,6,0.03122355230152607
13,9,2,0.1812419444322586
13,9,3,0.09808822721242905
13,9,4,0.10795481503009796
13,9,5,0.08128471672534943
13,9,6,0.07297409325838089
13,10,2,0.15125541388988495
13,10,3,0.1373170167207718
13,10,4,0.07965140789747238
13,10,5,0.05276908352971077
13,10,6,0.037530943751335144
13,11,2,0.18326431512832642
13,11,3,0.12000887095928192
13,11,4,0.08326327800750732
13,11,5,0.055161941796541214
13,11,6,0.03923283517360687
14,0,2,0.11330189555883408
14,0,3,0.06188185140490532
14,0,4,0.04939265549182892
14,0,5,0.032674070447683334
14,0,6,0.024749578908085823
14,1,2,0.116580531001091
14,1,3,0.057190507650375366
14,1,4,0.03397032245993614
14,1,5,0.022505346685647964
14,1,6,0.016006477177143097
14,2,2,0.06978891044855118
14,2,3,0.06606792658567429
14,2,4,0.03924338519573212
14,2,5,0.025998739525675774
14,2,6,0.018491102382540703
14,3,2,0.13493125140666962
14,3,3,0.0639931783080101
14,3,4,0.058314159512519836
14,3,5,0.03863314166665077
14,3,6,0.027477053925395012
14,4,2,0.11137371510267258
14,4,3,0.048454612493515015
14,4,4,0.027109995484352112
14,4,5,0.017323384061455727
14,4,6,0.01202588900923729
14,5,2,0.10685998201370239
14,5,3,0.09549673646688461
14,5,4,0.056723661720752716
14,5,5,0.03545304760336876
14,5,6,0.025215275585651398
14,6,2,0.16321833431720734
14,6,3,0.10626790672540665
14,6,4,0.07926469296216965
14,6,5,0.05065041407942772
14,6,6,0.03516151383519173
14,7,2,0.10382715612649918
14,7,3,0.1322237104177475
14,7,4,0.08278605341911316
14,7,5,0.0566725917160511
14,7,6,0.03852081671357155
14,8,2,0.10631079971790314
14,8,3,0.06728571653366089
14,8,4,0.08428511768579483
14,8,5,0.038666918873786926
14,8,6,0.03146180883049965
14,9,2,0.11781218647956848
14,9,3,0.0577947199344635
14,9,4,0.03432921692728996
14,9,5,0.030889593064785004
14,9,6,0.017812658101320267
14,10,2,0.15745599567890167
14,10,3,0.0853390097618103
14,10,4,0.06435898691415787
14,10,5,0.06173836067318916
14,10,6,0.043910183012485504
14,11,2,0.11809862405061722
14,11,3,0.08504897356033325
14,11,4,0.050517838448286057
14,11,5,0.033468082547187805
14,11,6,0.023803502321243286
15,0,2,0.15172483026981354
15,0,3,0.10355157405138016
15,0,4,0.0724923312664032
15,0,5,0.07356665283441544
15,0,6,0.046690646559000015
15,1,2,0.12422915548086166
15,1,3,0.09023376554250717
15,1,4,0.046707719564437866
15,1,5,0.052232008427381516
15,1,6,0.05037497729063034
15,2,2,0.1473471075296402
15,2,3,0.07976274937391281
15,2,4,0.06639812141656876
15,2,5,0.03683825209736824
15,2,6,0.05770132690668106
15,3,2,0.16338837146759033
15,3,3,0.08015286922454834
15,3,4,0.054954372346401215
15,3,5,0.03640729561448097
15,3,6,0.025893954560160637
15,4,2,0.2088652104139328
15,4,3,0.1257893443107605
15,4,4,0.082855224609375
15,4,5,0.058392032980918884
15,4,6,0.040535736829042435
15,5,2,0.1721053123474121
15,5,3,0.10559573769569397
15,5,4,0.06285952776670456
15,5,5,0.04016745463013649
15,5,6,0.06360559910535812
15,6,2,0.16595113277435303
15,6,3,0.10374769568443298
15,6,4,0.09522490948438644
15,6,5,0.06308651715517044
15,6,6,0.044869035482406616
15,7,2,0.12035287171602249
15,7,3,0.06716544926166534
15,7,4,0.04779746010899544
15,7,5,0.0566583126783371
15,7,6,0.027567865327000618
15,8,2,0.17163558304309845
15,8,3,0.08419867604970932
15,8,4,0.050012774765491486
15,8,5,0.033133476972579956
15,8,6,0.023565523326396942
15,9,2,0.12114322185516357
15,9,3,0.13774089515209198
15,9,4,0.08805005997419357
15,9,5,0.035778772085905075
15,9,6,0.09675246477127075
15,10,2,0.15715016424655914
15,10,3,0.10452992469072342
15,10,4,0.07238959521055222
15,10,5,0.05082359164953232
15,10,6,0.04248800873756409
15,11,2,0.15001162886619568
15,11,3,0.08241008967161179
15,11,4,0.06086161732673645
15,11,5,0.03601464629173279
15,11,6,0.037198517471551895
16,0,2,0.1406944990158081
16,0,3,0.06902001798152924
16,0,4,0.047711487859487534
16,0,5,0.03160887584090233
16,0,6,0.022481180727481842
16,1,2,0.17927111685276031
16,1,3,0.0879444107413292
16,1,4,0.05223768576979637
16,1,5,0.034607481211423874
16,1,6,0.024613885208964348
16,2,2,0.13410687446594238
16,2,3,0.07942131906747818
16,2,4,0.047175098210573196
16,2,5,0.03125350922346115
16,2,6,0.022228440269827843
16,3,2,0.1489705592393875
16,3,3,0.08170966058969498
16,3,4,0.0485343374311924
16,3,5,0.032154008746147156
16,3,6,0.02286890149116516
16,4,2,0.15527217090129852
16,4,3,0.07617134600877762
16,4,4,0.04524465277791023
16,4,5,0.029974592849612236
16,4,6,0.021318834275007248
16,5,2,0.12927311658859253
16,5,3,0.06341706961393356
16,5,4,0.03766880929470062
16,5,5,0.024955591186881065
16,5,6,0.01774917170405388
16,6,2,0.19396938383579254
16,6,3,0.10326622426509857
16,6,4,0.061338622123003006
16,6,5,0.04063684493303299
16,6,6,0.028902150690555573
16,7,2,0.1711009293794632
16,7,3,0.09425421804189682
16,7,4,0.055985625833272934
16,7,5,0.0370904877781868
16,7,6,0.026379873976111412
16,8,2,0.12021468579769135
16,8,3,0.05897330120205879
16,8,4,0.035029273480176926
16,8,5,0.02320690266788006
16,8,6,0.016505444422364235
16,9,2,0.16195155680179596
16,9,3,0.07944801449775696
16,9,4,0.04719095304608345
16,9,5,0.03126400709152222
16,9,6,0.022235916927456856
16,10,2,0.13709528744220734
16,10,3,0.08723778277635574
16,10,4,0.05181795731186867
16,10,5,0.03432941064238548
16,10,6,0.024416113272309303
16,11,2,0.15316900610923767
16,11,3,0.0751395896077156
16,11,4,0.04463182017207146
16,11,5,0.029568584635853767
16,11,6,0.021030066534876823
17,0,2,0.1441294103860855
17,0,3,0.11349485069513321
17,0,4,0.0674142837524414
17,0,5,0.04466197267174721
17,0,6,0.03176494687795639
17,1,2,0.1002492606639862
17,1,3,0.14126555621623993
17,1,4,0.06689733266830444
17,1,5,0.07795869559049606
17,1,6,0.041225455701351166
17,2,2,0.061381902545690536
17,2,3,0.062081728130578995
17,2,4,0.08612500131130219
17,2,5,0.057057835161685944
17,2,6,0.04058123752474785
17,3,2,0.1619728058576584
17,3,3,0.12554320693016052
17,3,4,0.07457081228494644
17,3,5,0.054128918796777725
17,3,6,0.036173392087221146
17,4,2,0.12063110619783401
17,4,3,0.05917758867144585
17,4,4,0.03515061363577843
17,4,5,0.04259783774614334
17,4,6,0.05760999768972397
17,5,2,0.11235105246305466
17,5,3,0.0821741446852684
17,5,4,0.076248399913311
17,5,5,0.0544685423374176
17,5,6,0.06020713597536087
17,6,2,0.1811736673116684
17,6,3,0.08474802225828171
17,6,4,0.08890858292579651
17,6,5,0.056812893599271774
17,6,6,0.04870935156941414
17,7,2,0.22013354301452637
17,7,3,0.17774911224842072
17,7,4,0.0865001380443573
17,7,5,0.12796907126903534
17,7,6,0.086592897772789
17,8,2,0.13295133411884308
17,8,3,0.09787372499704361
17,8,4,0.06278041750192642
17,8,5,0.04159203916788101
17,8,6,0.02958150953054428
17,9,2,0.12773175537586212
17,9,3,0.08270188421010971
17,9,4,0.049123700708150864
17,9,5,0.04843868315219879
17,9,6,0.045361172407865524
17,10,2,0.3128199875354767
17,10,3,0.1287941187620163
17,10,4,0.08703596889972687
17,10,5,0.05957667902112007
17,10,6,0.06973128020763397
17,11,2,0.26192301511764526
17,11,3,0.1113162711262703
17,11,4,0.1032860204577446
17,11,5,0.06193896755576134
17,11,6,0.047019198536872864
18,0,2,0.09753698110580444
18,0,3,0.047848381102085114
18,0,4,0.02842123433947563
18,0,5,0.018829071894288063
18,0,6,0.013391800224781036
18,1,2,0.15034602582454681
18,1,3,0.11310907453298569
18,1,4,0.07185117900371552
18,1,5,0.06104709208011627
18,1,6,0.036536697298288345
18,2,2,0.12316752225160599
18,2,3,0.060421865433454514
18,2,4,0.035889700055122375
18,2,5,0.023776937276124954
18,2,6,0.03710334002971649
18,3,2,0.10964818298816681
18,3,3,0.08787009119987488
18,3,4,0.046505846083164215
18,3,5,0.04910361394286156
18,3,6,0.03537468612194061
18,4,2,0.11718806624412537
18,4,3,0.05748854577541351
18,4,4,0.05920325964689255
18,4,5,0.09607810527086258
18,4,6,0.06833364814519882
18,5,2,0.21496999263763428
18,5,3,0.09843696653842926
18,5,4,0.08553103357553482
18,5,5,0.06102684512734413
18,5,6,0.043794505298137665
18,6,2,0.09542515128850937
18,6,3,0.04894935339689255
18,6,4,0.0333980955183506
18,6,5,0.027851583436131477
18,6,6,0.04296638071537018
18,7,2,0.1090099960565567
18,7,3,0.1741446703672409
18,7,4,0.11050436645746231
18,7,5,0.09047502279281616
18,7,6,0.0725068524479866
18,8,2,0.16414465010166168
18,8,3,0.08052387088537216
18,8,4,0.047829996794462204
18,8,5,0.031687382608652115
18,8,6,0.022537022829055786
18,9,2,0.07524332404136658
18,9,3,0.10547199845314026
18,9,4,0.06264881044626236
18,9,5,0.041504859924316406
18,9,6,0.039339568465948105
18,10,2,0.14611050486564636
18,10,3,0.07516153156757355
18,10,4,0.07606332004070282
18,10,5,0.04554341733455658
18,10,6,0.05156567692756653
18,11,2,0.14660432934761047
18,11,3,0.0783597007393837
18,11,4,0.06324673444032669
18,11,5,0.04041488841176033
18,11,6,0.028056006878614426
19,0,2,0.16505001485347748
19,0,3,0.08096801489591599
19,0,4,0.04809381067752838
19,0,5,0.0466223806142807
19,0,6,0.02601301483809948
19,1,2,0.14173077046871185
19,1,3,0.10700271278619766
19,1,4,0.06327773630619049
19,1,5,0.09470150619745255
19,1,6,0.05631466582417488
19,2,2,0.1563008427619934
19,2,3,0.0882401391863823
19,2,4,0.06456069648265839
19,2,5,0.05046634376049042
19,2,6,0.04070737212896347
19,3,2,0.16296792030334473
19,3,3,0.10748620331287384
19,3,4,0.06299593299627304
19,3,5,0.0613497756421566
19,3,6,0.043040286749601364
19,4,2,0.1317920684814453
19,4,3,0.09137760102748871
19,4,4,0.054276950657367706
19,4,5,0.03595849126577377
19,4,6,0.025574766099452972
19,5,2,0.15411901473999023
19,5,3,0.14170411229133606
19,5,4,0.07753752171993256
19,5,5,0.04416634514927864
19,5,6,0.031412430107593536
19,6,2,0.10349404811859131
19,6,3,0.07704828679561615
19,6,4,0.052068814635276794
19,6,5,0.05354461446404457
19,6,6,0.033650971949100494
19,7,2,0.2446063756942749
19,7,3,0.11677322536706924
19,7,4,0.06936158239841461
19,7,5,0.05921511724591255
19,7,6,0.04211556911468506
19,8,2,0.15924696624279022
19,8,3,0.122585728764534
19,8,4,0.09207599610090256
19,8,5,0.05729718506336212
19,8,6,0.07215586304664612
19,9,2,0.17080189287662506
19,9,3,0.07876837253570557
19,9,4,0.05860547721385956
19,9,5,0.0435984842479229
19,9,6,0.06931351125240326
19,10,2,0.15360066294670105
19,10,3,0.13847580552101135
19,10,4,0.09397029131650925
19,10,5,0.07142037898302078
19,10,6,0.07456137239933014
19,11,2,0.206501767039299
19,11,3,0.12030769139528275
19,11,4,0.10004722326993942
19,11,5,0.05016924440860748
19,11,6,0.062434714287519455
20,0,2,0.19498637318611145
20,0,3,0.12331988662481308
20,0,4,0.0732501968741417
20,0,5,0.0485282801091671
20,0,6,0.05952847748994827
20,1,2,0.21812452375888824
20,1,3,0.12491168826818466
20,1,4,0.09740319848060608
20,1,5,0.06452964246273041
20,1,6,0.045895423740148544
20,2,2,0.1637313812971115
20,2,3,0.08032114058732986
20,2,4,0.04770957678556442
20,2,5,0.03160760551691055
20,2,6,0.022480282932519913
20,3,2,0.15174400806427002
20,3,3,0.079283207654953
20,3,4,0.07965504378080368
20,3,5,0.05277147889137268
20,3,6,0.03753266483545303
20,4,2,0.1643557995557785
20,4,3,0.08440488576889038
20,4,4,0.08618184179067612
20,4,5,0.0570954903960228
20,4,6,0.04060802981257439
20,5,2,0.16104517877101898
20,5,3,0.11892902106046677
20,5,4,0.07350105047225952
20,5,5,0.04696742072701454
20,5,6,0.03743774816393852
20,6,2,0.23688262701034546
20,6,3,0.14240343868732452
20,6,4,0.08255556225776672
20,6,5,0.05275328457355499
20,6,6,0.036621324717998505
20,7,2,0.16670791804790497
20,7,3,0.0949627012014389
20,7,4,0.05640644580125809
20,7,5,0.03736928477883339
20,7,6,0.06209169700741768
20,8,2,0.14064368605613708
20,8,3,0.13418999314308167
20,8,4,0.07970689237117767
20,8,5,0.0528058297932148
20,8,6,0.03755709156394005
20,9,2,0.12298040091991425
20,9,3,0.14149050414562225
20,9,4,0.09010498970746994
20,9,5,0.06278886646032333
20,9,6,0.04842885211110115
20,10,2,0.1727929264307022
20,10,3,0.1373421549797058
20,10,4,0.07122498750686646
20,10,5,0.06061534583568573
20,10,6,0.07495790719985962
20,11,2,0.18941716849803925
20,11,3,0.10798286646604538
20,11,4,0.09063587337732315
20,11,5,0.06004628539085388
20,11,6,0.052028052508831024
21,0,2,0.1272841989994049
21,0,3,0.14988340437412262
21,0,4,0.10055533051490784
21,0,5,0.06425520032644272
21,0,6,0.05071210116147995
21,1,2,0.11537037789821625
21,1,3,0.07600881159305573
21,1,4,0.043977778404951096
21,1,5,0.0403372198343277
21,1,6,0.04449731111526489
21,2,2,0.06005207821726799
21,2,3,0.02945953793823719
21,2,4,0.01749853417277336
21,2,5,0.011592783965170383
21,2,6,0.008245138451457024
21,3,2,0.14133590459823608
21,3,3,0.10917775332927704
21,3,4,0.0862114205956459
21,3,5,0.05711508169770241
21,3,6,0.058669254183769226
21,4,2,0.22384171187877655
21,4,3,0.10585229098796844
21,4,4,0.09743378311395645
21,4,5,0.06617090106010437
21,4,6,0.029273489490151405
21,5,2,0.11343453079462051
21,5,3,0.09649791568517685
21,5,4,0.057318344712257385
21,5,5,0.03797341510653496
21,5,6,0.02700783684849739
21,6,2,0.12162844091653824
21,6,3,0.13724647462368011
21,6,4,0.07678838819265366
21,6,5,0.04906804487109184
21,6,6,0.034063030034303665
21,7,2,0.23985399305820465
21,7,3,0.14095620810985565
21,7,4,0.0788639634847641
21,7,5,0.050394341349601746
21,7,6,0.03498374670743942
21,8,2,0.17683474719524384
21,8,3,0.07616657763719559
21,8,4,0.049249619245529175
21,8,5,0.03262787684798241
21,8,6,0.023205937817692757
21,9,2,0.24406562745571136
21,9,3,0.13706912100315094
21,9,4,0.1315816044807434
21,9,5,0.08408110588788986
21,9,6,0.05836908891797066
21,10,2,0.09194374829530716
21,10,3,0.07459631562232971
21,10,4,0.10541628301143646
21,10,5,0.06336910277605057
21,10,6,0.04166000336408615
21,11,2,0.14735503494739532
21,11,3,0.09208332747220993
21,11,4,0.12405312806367874
21,11,5,0.06764036417007446
21,11,6,0.07963553816080093
22,0,2,0.13029976189136505
22,0,3,0.08519606292247772
22,0,4,0.03494122996926308
22,0,5,0.05461086332798004
22,0,6,0.04990081861615181
22,1,2,0.12647630274295807
22,1,3,0.09813228994607925
22,1,4,0.10658025741577148
22,1,5,0.10791898518800735
22,1,6,0.07491733878850937
22,2,2,0.107552170753479
22,2,3,0.0527614988386631
22,2,4,0.03133955970406532
22,2,5,0.03967123106122017
22,2,6,0.01638435386121273
22,3,2,0.1878090649843216
22,3,3,0.13744114339351654
22,3,4,0.08683926612138748
22,3,5,0.05910864472389221
22,3,6,0.06443028151988983
22,4,2,0.13880300521850586
22,4,3,0.07219278067350388
22,4,4,0.17171220481395721
22,4,5,0.10004495829343796
22,4,6,0.06753384321928024
22,5,2,0.15351083874702454
22,5,3,0.09743734449148178
22,5,4,0.05545085668563843
22,5,5,0.03673620522022247
22,5,6,0.026127895340323448
22,6,2,0.17861181497573853
22,6,3,0.0713648572564125
22,6,4,0.07312162965536118
22,6,5,0.0441751629114151
22,6,6,0.04962865635752678
22,7,2,0.10595408827066422
22,7,3,0.07731509953737259
22,7,4,0.12328387796878815
22,7,5,0.07740429788827896
22,7,6,0.052250608801841736
22,8,2,0.1331997960805893
22,8,3,0.08575773984193802
22,8,4,0.11839116364717484
22,8,5,0.07525647431612015
22,8,6,0.059568118304014206
22,9,2,0.13247287273406982
22,9,3,0.0960581824183464
22,9,4,0.049862172454595566
22,9,5,0.05048898980021477
22,9,6,0.03285251185297966
22,10,2,0.10989099740982056
22,10,3,0.12449904531240463
22,10,4,0.0935162603855133
22,10,5,0.062060821801424026
22,10,6,0.05245930328965187
22,11,2,0.12865976989269257
22,11,3,0.11076876521110535
22,11,4,0.05841788277029991
22,11,5,0.07583484053611755
22,11,6,0.055809974670410156
23,0,2,0.17015495896339417
23,0,3,0.09317842870950699
23,0,4,0.07487095147371292
23,0,5,0.0657740905880928
23,0,6,0.06149182468652725
23,1,2,0.1417558640241623
23,1,3,0.09823770076036453
23,1,4,0.0893506109714508
23,1,5,0.05839546024799347
23,1,6,0.043246977031230927
23,2,2,0.08113506436347961
23,2,3,0.09222745150327682
23,2,4,0.12470584362745285
23,2,5,0.07968746870756149
23,2,6,0.07625720649957657
23,3,2,0.16869191825389862
23,3,3,0.12612920999526978
23,3,4,0.07792867720127106
23,3,5,0.056362926959991455
23,3,6,0.04436530917882919
23,4,2,0.1553177535533905
23,4,3,0.1146182119846344
23,4,4,0.06048354133963585
23,4,5,0.10166074335575104
23,4,6,0.0705728754401207
23,5,2,0.15966588258743286
23,5,3,0.11197799444198608
23,5,4,0.06647232919931412
23,5,5,0.05228075757622719
23,5,6,0.04207873344421387
23,6,2,0.14851994812488556
23,6,3,0.14803680777549744
23,6,4,0.09153493493795395
23,6,5,0.09609685093164444
23,6,6,0.0679209753870964
23,7,2,0.1423940807580948
23,7,3,0.16085103154182434
23,7,4,0.09325942397117615
23,7,5,0.07166901230812073
23,7,6,0.04458284378051758
23,8,2,0.19758564233779907
23,8,3,0.09977491199970245
23,8,4,0.1566365361213684
23,8,5,0.09733849763870239
23,8,6,0.07931564748287201
23,9,2,0.14835968613624573
23,9,3,0.118770532310009
23,9,4,0.12091359496116638
23,9,5,0.07275515049695969
23,9,6,0.06889186799526215
23,10,2,0.11713334918022156
23,10,3,0.09024658799171448
23,10,4,0.06547360122203827
23,10,5,0.06198864057660103
23,10,6,0.05651438236236572
23,11,2,0.0917215421795845
23,11,3,0.1287955492734909
23,11,4,0.0837036594748497
23,11,5,0.06299393624067307
23,11,6,0.05032765492796898
24,0,2,0.14694371819496155
24,0,3,0.09687391668558121
24,0,4,0.05420023947954178
24,0,5,0.03463413938879967
24,0,6,0.024043017998337746
24,1,2,0.1370423287153244
24,1,3,0.08880862593650818
24,1,4,0.052751023322343826
24,1,5,0.03494756296277046
24,1,6,0.0892520323395729
24,2,2,0.11725708842277527
24,2,3,0.06267601251602173
24,2,4,0.03722862899303436
24,2,5,0.024663973599672318
24,2,6,0.017541762441396713
24,3,2,0.17677177488803864
24,3,3,0.09024102240800858
24,3,4,0.06615586578845978
24,3,5,0.041575416922569275
24,3,6,0.029569681733846664
24,4,2,0.12968787550926208
24,4,3,0.09217165410518646
24,4,4,0.05474860221147537
24,4,5,0.03627096489071846
24,4,6,0.025797005742788315
24,5,2,0.14764805138111115
24,5,3,0.07927072793245316
24,5,4,0.05141317471861839
24,5,5,0.034061238169670105
24,5,6,0.0242253839969635
24,6,2,0.14770042896270752
24,6,3,0.09925806522369385
24,6,4,0.05895783007144928
24,6,5,0.03905957564711571
24,6,6,0.02778034657239914
24,7,2,0.17176690697669983
24,7,3,0.10740309208631516
24,7,4,0.07914261519908905
24,7,5,0.06111830845475197
24,7,6,0.04346918314695358
24,8,2,0.11350400000810623
24,8,3,0.10418197512626648
24,8,4,0.0539739727973938
24,8,5,0.03888464346528053
24,8,6,0.0256991945207119
24,9,2,0.18856409192085266
24,9,3,0.09439446777105331
24,9,4,0.07361084222793579
24,9,5,0.04876720532774925
24,9,6,0.03468469902873039
24,10,2,0.1879689246416092
24,10,3,0.09221126139163971
24,10,4,0.05477213114500046
24,10,5,0.03628655523061752
24,10,6,0.02580808475613594
24,11,2,0.1636292189359665
24,11,3,0.08679228276014328
24,11,4,0.1082712933421135
24,11,5,0.06680253893136978
24,11,6,0.047511979937553406
25,0,2,0.1689310371875763
25,0,3,0.11534103751182556
25,0,4,0.06851088255643845
25,0,5,0.04538847506046295
25,0,6,0.032281648367643356
25,1,2,0.12787595391273499
25,1,3,0.08255008608102798
25,1,4,0.07359490543603897
25,1,5,0.03793249651789665
25,1,6,0.0416799820959568
25,2,2,0.12154841423034668
25,2,3,0.059627581387758255
25,2,4,0.03541790693998337
25,2,5,0.023464372381567955
25,2,6,0.01668856479227543
25,3,2,0.15093430876731873
25,3,3,0.11040214449167252
25,3,4,0.08469106256961823
25,3,5,0.05610784888267517
25,3,6,0.03990559279918671
25,4,2,0.12642189860343933
25,4,3,0.06201834976673126
25,4,4,0.03683799132704735
25,4,5,0.02440517768263817
25,4,6,0.01735769398510456
25,5,2,0.15421614050865173
25,5,3,0.0913178101181984
25,5,4,0.05696540325880051
25,5,5,0.037739597260951996
25,5,6,0.026841536164283752
25,6,2,0.14417806267738342
25,6,3,0.0663335993885994
25,6,4,0.06959012895822525
25,6,5,0.05455604940652847
25,6,6,0.0378728061914444
25,7,2,0.09528861194849014
25,7,3,0.046745408326387405
25,7,4,0.027766084298491478
25,7,5,0.018395034596323967
25,7,6,0.013083103112876415
25,8,2,0.13322457671165466
25,8,3,0.1259113997220993
25,8,4,0.07478951662778854
25,8,5,0.07735063880681992
25,8,6,0.05501410365104675
25,9,2,0.12267009168863297
25,9,3,0.13038097321987152
25,9,4,0.07958316057920456
25,9,5,0.05272386223077774
25,9,6,0.037498798221349716
25,10,2,0.10964026302099228
25,10,3,0.06736407428979874
25,10,4,0.08465840667486191
25,10,5,0.06014072895050049
25,10,6,0.05872455984354019
25,11,2,0.1006442978978157
25,11,3,0.08926112949848175
25,11,4,0.053019799292087555
25,11,5,0.03512562811374664
25,11,6,0.024982405826449394
26,0,2,0.15719731152057648
26,0,3,0.1001797541975975
26,0,4,0.0816701203584671
26,0,5,0.054106470197439194
26,0,6,0.038482148200273514
26,1,2,0.1527186632156372
26,1,3,0.06644227355718613
26,1,4,0.03717396408319473
26,1,5,0.0237542986869812
26,1,6,0.01649022474884987
26,2,2,0.12078508734703064
26,2,3,0.05925312265753746
26,2,4,0.0351954810321331
26,2,5,0.023317016661167145
26,2,6,0.016583764925599098
26,3,2,0.12198556214570999
26,3,3,0.059842031449079514
26,3,4,0.05208577588200569
26,3,5,0.034506842494010925
26,3,6,0.024542300030589104
26,4,2,0.12460275739431381
26,4,3,0.058058544993400574
26,4,4,0.04667463153600693
26,4,5,0.03092195838689804
26,4,6,0.021992627531290054
26,5,2,0.11295322328805923
26,5,3,0.06706759333610535
26,5,4,0.03983716666698456
26,5,5,0.0263921320438385
26,5,6,0.01877088099718094
26,6,2,0.1553729623556137
26,6,3,0.11102861911058426
26,6,4,0.10034005343914032
26,6,5,0.06629524379968643
26,6,6,0.04602214694023132
26,7,2,0.10946968197822571
26,7,3,0.06617066264152527
26,7,4,0.03930440917611122
26,7,5,0.02603917010128498
26,7,6,0.018519854173064232
26,8,2,0.1980714648962021
26,8,3,0.09751851856708527
26,8,4,0.07148312777280807
26,8,5,0.06754892319440842
26,8,6,0.04804283007979393
26,9,2,0.1384514421224594
26,9,3,0.06734852492809296
26,9,4,0.07244814187288284
26,9,5,0.036149147897958755
26,9,6,0.052820250391960144
26,10,2,0.12840259075164795
26,10,3,0.06299001723527908
26,10,4,0.04449668899178505
26,10,5,0.04468218609690666
26,10,6,0.018481889739632607
26,11,2,0.11511436104774475
26,11,3,0.07811808586120605
26,11,4,0.048225753009319305
26,11,5,0.052293140441179276
26,11,6,0.03286445885896683
27,0,2,0.12114308774471283
27,0,3,0.12172943353652954
27,0,4,0.11293573677539825
27,0,5,0.07481995970010757
27,0,6,0.05321420356631279
27,1,2,0.20330801606178284
27,1,3,0.08714691549539566
27,1,4,0.05884519964456558
27,1,5,0.06345246732234955
27,1,6,0.04537513479590416
27,2,2,0.14342021942138672
27,2,3,0.09756719321012497
27,2,4,0.05795348063111305
27,2,5,0.03839419037103653
27,2,6,0.027307109907269478
27,3,2,0.2248372733592987
27,3,3,0.09749642014503479
27,3,4,0.08633571118116379
27,3,5,0.057197436690330505
27,3,6,0.04068053886294365
27,4,2,0.20598627626895905
27,4,3,0.11433129012584686
27,4,4,0.07159394770860672
27,4,5,0.04743099957704544
27,4,6,0.033734358847141266
27,5,2,0.22870732843875885
27,5,3,0.12530288100242615
27,5,4,0.08805621415376663
27,5,5,0.05626823008060455
27,5,6,0.05320451036095619
27,6,2,0.18202315270900726
27,6,3,0.09835676848888397
27,6,4,0.10579168796539307
27,6,5,0.07325778156518936
27,6,6,0.0494515635073185
27,7,2,0.18958541750907898
27,7,3,0.11769913136959076
27,7,4,0.08731691539287567
27,7,5,0.05784747749567032
27,7,6,0.041142869740724564
27,8,2,0.16865886747837067
27,8,3,0.12328590452671051
27,8,4,0.07323001325130463
27,8,5,0.08165987581014633
27,8,6,0.058078963309526443
27,9,2,0.11411964893341064
27,9,3,0.13726021349430084
27,9,4,0.09963497519493103
27,9,5,0.08525190502405167
27,9,6,0.06063372269272804
27,10,2,0.19808685779571533
27,10,3,0.09579822421073914
27,10,4,0.06328638643026352
27,10,5,0.05724187195301056
27,10,6,0.04787425696849823
27,11,2,0.14250008761882782
27,11,3,0.11402078717947006
27,11,4,0.07536674290895462
27,11,5,0.07127193361520767
27,11,6,0.070945143699646
28,0,2,0.1851344108581543
28,0,3,0.12613284587860107
28,0,4,0.08846791833639145
28,0,5,0.08543715626001358
28,0,6,0.07056236267089844
28,1,2,0.14895589649677277
28,1,3,0.14982809126377106
28,1,4,0.12994253635406494
28,1,5,0.08601771295070648
28,1,6,0.06146741658449173
28,2,2,0.14232341945171356
28,2,3,0.09097870439291
28,2,4,0.06445300579071045
28,2,5,0.04289783537387848
28,2,6,0.05901874601840973
28,3,2,0.20807252824306488
28,3,3,0.09638429433107376
28,3,4,0.0825311690568924
28,3,5,0.08962826430797577
28,3,6,0.06374631822109222
28,4,2,0.12235453724861145
28,4,3,0.06592153757810593
28,4,4,0.048007696866989136
28,4,5,0.04516418278217316
28,4,6,0.03212212771177292
28,5,2,0.11294765025377274
28,5,3,0.1617279201745987
28,5,4,0.10688190907239914
28,5,5,0.06829790771007538
28,5,6,0.053226783871650696
28,6,3,0.11183375120162964
28,6,4,0.2046954482793808
28,6,5,0.12547674775123596
28,6,6,0.1255594938993454
28,7,2,0.12277933210134506
28,7,3,0.10536657273769379
28,7,4,0.07424884289503098
28,7,5,0.056070007383823395
28,7,6,0.03362784534692764
28,8,2,0.1227615550160408
28,8,3,0.08522296696901321
28,8,4,0.08065561950206757
28,8,5,0.05624612420797348
28,8,6,0.07549848407506943
28,9,2,0.16016124188899994
28,9,3,0.14978383481502533
28,9,4,0.10641412436962128
28,9,5,0.08001992106437683
28,9,6,0.05099426582455635
28,10,2,0.14811201393604279
28,10,3,0.10665707290172577
28,10,4,0.12015572935342789
28,10,5,0.07212135940790176
28,10,6,0.06546933203935623
28,11,2,0.19342762231826782
28,11,3,0.17655318975448608
28,11,4,0.1100638210773468
28,11,5,0.11665762215852737
28,11,6,0.09074375778436661
29,0,2,0.14924992620944977
29,0,3,0.09250514954328537
29,0,4,0.07838302850723267
29,0,5,0.05008701980113983
29,0,6,0.03477040305733681
29,1,2,0.20199617743492126
29,1,3,0.08788111060857773
29,1,4,0.04916883260011673
29,1,5,0.0314190536737442
29,1,6,0.02181110344827175
29,2,2,0.14313259720802307
29,2,3,0.07021605968475342
29,2,4,0.04170731082558632
29,2,5,0.02763110212981701
29,2,6,0.019652070477604866
29,3,2,0.10537049919366837
29,3,3,0.09352327138185501
29,3,4,0.055551446974277496
29,3,5,0.03680284693837166
29,3,6,0.02617529034614563
29,4,2,0.1270485520362854
29,4,3,0.1008039265871048
29,4,4,0.05987605080008507
29,4,5,0.039667896926403046
29,4,6,0.028213001787662506
29,5,2,0.112578384578228
29,5,3,0.05719080939888954
29,5,4,0.048908431082963943
29,5,5,0.03240184485912323
29,5,6,0.023045171052217484
29,6,2,0.1862814724445343
29,6,3,0.12239693850278854
29,6,4,0.06848018616437912
29,6,5,0.043759070336818695
29,6,6,0.030377546325325966
29,7,2,0.14080213010311127
29,7,3,0.0850963443517685
29,7,4,0.08409931510686874
29,7,5,0.05571581795811653
29,7,6,0.05014834925532341
29,8,2,0.16058357059955597
29,8,3,0.08161065727472305
29,8,4,0.04566056281328201
29,8,5,0.029177257791161537
29,8,6,0.04478681460022926
29,9,2,0.14558927714824677
29,9,3,0.07142123579978943
29,9,4,0.04242316260933876
29,9,5,0.02810535579919815
29,9,6,0.04875853657722473
29,10,2,0.10037077218294144
29,10,3,0.077129065990448
29,10,4,0.05745949596166611
29,10,5,0.03806693106889725
29,10,6,0.02707434818148613
29,11,2,0.11986490339040756
29,11,3,0.057372137904167175
29,11,4,0.0340782068669796
29,11,5,0.022576816380023956
29,11,6,0.016057312488555908
30,0,2,0.23438574373722076
30,0,3,0.1015060544013977
30,0,4,0.07699883729219437
30,0,5,0.051011744886636734
30,0,6,0.03628109395503998
30,1,2,0.2733684182167053
30,1,3,0.13586707413196564
30,1,4,0.09881983697414398
30,1,5,0.08908554911613464
30,1,6,0.07142230123281479
30,2,2,0.12667129933834076
30,2,3,0.07426642626523972
30,2,4,0.04451591148972511
30,2,5,0.02949179708957672
30,2,6,0.022996004670858383
30,3,2,0.20220161974430084
30,3,3,0.13642749190330505
30,3,4,0.0889599472284317
30,3,5,0.09923556447029114
30,3,6,0.0561150461435318
30,4,2,0.15551844239234924
30,4,3,0.08950227499008179
30,4,4,0.07144947350025177
30,4,5,0.047335296869277954
30,4,6,0.033666279166936874
30,5,2,0.10003576427698135
30,5,3,0.15460503101348877
30,5,4,0.10095369815826416
30,5,5,0.058355461806058884
30,5,6,0.05224887281656265
30,6,2,0.15580707788467407
30,6,3,0.1156466081738472
30,6,4,0.07850392907857895
30,6,5,0.052008870989084244
30,6,6,0.036990273743867874
30,7,2,0.3012699782848358
30,7,3,0.14280276000499725
30,7,4,0.11333894729614258
30,7,5,0.07523322850465775
30,7,6,0.06284994632005692
30,8,2,0.15668974816799164
30,8,3,0.1035194993019104
30,8,4,0.08129207044839859
30,8,5,0.053856011480093
30,8,6,0.03830401599407196
30,9,2,0.20342785120010376
30,9,3,0.19245709478855133
30,9,4,0.11710239946842194
30,9,5,0.07482884079217911
30,9,6,0.04884163662791252
30,10,2,0.12389639019966125
30,10,3,0.12821350991725922
30,10,4,0.16346387565135956
30,10,5,0.10445398092269897
30,10,6,0.0725119337439537
30,11,2,0.1780834197998047
30,11,3,0.09512490034103394
30,11,4,0.08736200630664825
30,11,5,0.0608765184879303
30,11,6,0.04485510289669037
31,0,2,0.1673356145620346
31,0,3,0.09299618750810623
31,0,4,0.05523836985230446
31,0,5,0.036595430225133896
31,0,6,0.026027770712971687
31,1,2,0.11596018075942993
31,1,3,0.062049344182014465
31,1,4,0.08336909860372543
31,1,5,0.05140915885567665
31,1,6,0.035688236355781555
31,2,2,0.19689849019050598
31,2,3,0.09659181535243988
31,2,4,0.05737411603331566
31,2,5,0.0380103699862957
31,2,6,0.02703411504626274
31,3,2,0.2050783634185791
31,3,3,0.11567319184541702
31,3,4,0.10406369715929031
31,3,5,0.06649705767631531
31,3,6,0.046162258833646774
31,4,2,0.145782932639122
31,4,3,0.09313768148422241
31,4,4,0.07613994181156158
31,4,5,0.05044274032115936
31,4,6,0.03587638586759567
31,5,2,0.07405370473861694
31,5,3,0.06880291551351547
31,5,4,0.10867708921432495
31,5,5,0.08885002136230469
31,5,6,0.06319280713796616
31,6,2,0.13631890714168549
31,6,3,0.13493981957435608
31,6,4,0.06116819754242897
31,6,5,0.084017314016819
31,6,6,0.06115281581878662
31,7,2,0.14680419862270355
31,7,3,0.14591850340366364
31,7,4,0.07547904551029205
31,7,5,0.046192433685064316
31,7,6,0.03118150867521763
31,8,2,0.07909063249826431
31,8,3,0.0387992188334465
31,8,4,0.023046163842082024
31,8,5,0.01526808924973011
31,8,6,0.010859129019081593
31,9,2,0.17906689643859863
31,9,3,0.10861320793628693
31,9,4,0.04651646688580513
31,9,5,0.0536598339676857
31,9,6,0.06050330772995949
31,10,2,0.08197229355573654
31,10,3,0.09365424513816833
31,10,4,0.048568639904260635
31,10,5,0.029723532497882843
31,10,6,0.052523355931043625
31,11,2,0.16480538249015808
31,11,3,0.11508562415838242
31,11,4,0.06438955664634705
31,11,5,0.04114515334367752
31,11,6,0.028562957420945168
32,0,2,0.09857521206140518
32,0,3,0.0812053307890892
32,0,4,0.069322869181633
32,0,5,0.04592641443014145
32,0,6,0.03191276639699936
32,1,2,0.1571357697248459
32,1,3,0.1368297040462494
32,1,4,0.066180519759655
32,1,5,0.07745755463838577
32,1,6,0.05918017402291298
32,2,2,0.11365050077438354
32,2,3,0.07284168154001236
32,2,4,0.03826822340488434
32,2,5,0.025352712720632553
32,2,6,0.018031617626547813
32,3,2,0.13045494258403778
32,3,3,0.21043828129768372
32,3,4,0.09607194364070892
32,3,5,0.060399193316698074
32,3,6,0.043409381061792374
32,4,2,0.1475246250629425
32,4,3,0.0961722731590271
32,4,4,0.060724422335624695
32,4,5,0.07004966586828232
32,4,6,0.037507064640522
32,5,2,0.18410126864910126
32,5,3,0.10608227550983429
32,5,4,0.07188191264867783
32,5,5,0.04840384051203728
32,5,6,0.03889724612236023
32,6,2,0.11882416158914566
32,6,3,0.14396686851978302
32,6,4,0.08439607173204422
32,6,5,0.03670588135719299
32,6,6,0.049772538244724274
32,7,2,0.16882167756557465
32,7,3,0.09904118627309799
32,7,4,0.07608487457036972
32,7,5,0.06870749592781067
32,7,6,0.04886682704091072
32,8,2,0.1363409459590912
32,8,3,0.1060430109500885
32,8,4,0.06836481392383575
32,8,5,0.05584309995174408
32,8,6,0.0370105504989624
32,9,2,0.09208154678344727
32,9,3,0.1345513015985489
32,9,4,0.0906936451792717
32,9,5,0.06541058421134949
32,9,6,0.07120078057050705
32,10,2,0.18928635120391846
32,10,3,0.08079299330711365
32,10,4,0.12347350269556046
32,10,5,0.09945827722549438
32,10,6,0.05195466801524162
32,11,2,0.1203000396490097
32,11,3,0.08241993933916092
32,11,4,0.09529878199100494
32,11,5,0.17713283002376556
32,11,6,0.04041622579097748
33,0,2,0.12661826610565186
33,0,3,0.0838242843747139
33,0,4,0.0497903972864151
33,0,5,0.04651225730776787
33,0,6,0.033080920577049255
33,1,2,0.15623506903648376
33,1,3,0.12484698742628098
33,1,4,0.08322802186012268
33,1,5,0.06495200842618942
33,1,6,0.046195823699235916
33,2,2,0.12996116280555725
33,2,3,0.10674077272415161
33,2,4,0.0634024441242218
33,2,5,0.042004138231277466
33,2,6,0.02987460047006607
33,3,2,0.1528010070323944
33,3,3,0.08146238327026367
33,3,4,0.04838746041059494
33,3,5,0.04716913402080536
33,3,6,0.024302320554852486
33,4,2,0.12429194897413254
33,4,3,0.06097347289323807
33,4,4,0.0362173467874527
33,4,5,0.023994000628590584
33,4,6,0.017065253108739853
33,5,2,0.13095712661743164
33,5,3,0.10682331770658493
33,5,4,0.06345148384571075
33,5,5,0.04203661158680916
33,5,6,0.029897714033722878
33,6,2,0.178350031375885
33,6,3,0.1071426272392273
33,6,4,0.09512782841920853
33,6,5,0.05009805038571358
33,6,6,0.03430778160691261
33,7,2,0.19397535920143127
33,7,3,0.12824420630931854
33,7,4,0.07617517560720444
33,7,5,0.05046607181429863
33,7,6,0.03589298576116562
33,8,2,0.08190523833036423
33,8,3,0.08951304852962494
33,8,4,0.06354779005050659
33,8,5,0.0394737683236599
33,8,6,0.02740267850458622
33,9,2,0.1787891387939453
33,9,3,0.09849350154399872
33,9,4,0.05850369110703468
33,9,5,0.03875870630145073
33,9,6,0.027566365897655487
33,10,2,0.17345604300498962
33,10,3,0.10410604625940323
33,10,4,0.06827857345342636
33,10,5,0.045234564691782
33,10,6,0.03217218443751335
33,11,2,0.131053626537323
33,11,3,0.08389382809400558
33,11,4,0.04866234213113785
33,11,5,0.03223881125450134
33,11,6,0.02292921394109726
34,0,2,0.16628973186016083
34,0,3,0.09133458137512207
34,0,4,0.05425139516592026
34,0,5,0.035941559821367264
34,0,6,0.025562720373272896
34,1,2,0.14616551995277405
34,1,3,0.06359124928712845
34,1,4,0.10280739516019821
34,1,5,0.06569428741931915
34,1,6,0.04560496285557747
34,2,2,0.14841318130493164
34,2,3,0.07280654460191727
34,2,4,0.04324601590633392
34,2,5,0.028650496155023575
34,2,6,0.020377090200781822
34,3,2,0.17577672004699707
34,3,3,0.07647398114204407
34,3,4,0.04278663173317909
34,3,5,0.027340805158019066
34,3,6,0.018979987129569054
34,4,2,0.08096589148044586
34,4,3,0.11604445427656174
34,4,4,0.05201960355043411
34,4,5,0.034463003277778625
34,4,6,0.024511121213436127
34,5,2,0.10062971711158752
34,5,3,0.0631827563047409
34,5,4,0.03752962872385979
34,5,5,0.024863386526703835
34,5,6,0.017683589830994606
34,6,2,0.21858330070972443
34,6,3,0.12679176032543182
34,6,4,0.0709390640258789
34,6,5,0.04533030465245247
34,6,6,0.048602327704429626
34,7,2,0.1583101600408554
34,7,3,0.06887492537498474
34,7,4,0.038535017520189285
34,7,5,0.02462400682270527
34,7,6,0.0875181332230568
34,8,2,0.14738129079341888
34,8,3,0.07230032235383987
34,8,4,0.10953366011381149
34,8,5,0.07256607711315155
34,8,6,0.05161118134856224
34,9,2,0.11469608545303345
34,9,3,0.04990005120635033
34,9,4,0.027918711304664612
34,9,5,0.017840154469013214
34,9,6,0.05979260057210922
34,10,2,0.20050866901874542
34,10,3,0.08209245651960373
34,10,4,0.04593012109398842
34,10,5,0.02934950962662697
34,10,6,0.020374424755573273
34,11,2,0.15764054656028748
34,11,3,0.14758780598640442
34,11,4,0.05956680700182915
34,11,5,0.039463020861148834
34,11,6,0.028067292645573616
35,0,2,0.2128029316663742
35,0,3,0.09243464469909668
35,0,4,0.07730038464069366
35,0,5,0.07614263892173767
35,0,6,0.05415494367480278
35,1,2,0.14695648849010468
35,1,3,0.12341582030057907
35,1,4,0.13448217511177063
35,1,5,0.09664283692836761
35,1,6,0.08882472664117813
35,2,2,0.13364046812057495
35,2,3,0.06555954366922379
35,2,4,0.0389414057135582
35,2,5,0.02579868957400322
35,2,6,0.07357539981603622
35,3,2,0.14980901777744293
35,3,3,0.08027488738298416
35,3,4,0.0693754330277443
35,3,5,0.046660006046295166
35,3,6,0.05127132683992386
35,4,2,0.17460709810256958
35,4,3,0.1402883678674698
35,4,4,0.0833292230963707
35,4,5,0.05520562827587128
35,4,6,0.03926390781998634
35,5,2,0.08520952612161636
35,5,3,0.05382326990365982
35,5,4,0.03197023272514343
35,5,5,0.04422713816165924
35,5,6,0.0531059131026268
35,6,2,0.1876855492591858
35,6,3,0.08659881353378296
35,6,4,0.1123131811618805
35,6,5,0.07820480316877365
35,6,6,0.06745684146881104
35,7,2,0.149067223072052
35,7,3,0.13865946233272552
35,7,4,0.07794740796089172
35,7,5,0.06814891844987869
35,7,6,0.04846956208348274
35,8,2,0.0979844406247139
35,8,3,0.11482056230306625
35,8,4,0.10455905646085739
35,8,5,0.08343292772769928
35,8,6,0.05934000387787819
35,9,2,0.10805904120206833
35,9,3,0.10820789635181427
35,9,4,0.07141979783773422
35,9,5,0.047315631061792374
35,9,6,0.04140333831310272
35,10,2,0.15362247824668884
35,10,3,0.10586077719926834
35,10,4,0.09455756843090057
35,10,5,0.06284541636705399
35,10,6,0.04469754174351692
35,11,2,0.08739856630563736
35,11,3,0.10819211602210999
35,11,4,0.05450306087732315
35,11,5,0.05717041343450546
35,11,6,0.04360571131110191
36,0,2,0.14694878458976746
36,0,3,0.1184237152338028
36,0,4,0.07034195214509964
36,0,5,0.046601552516222
36,0,6,0.033144425600767136
36,1,2,0.2042846977710724
36,1,3,0.11133752763271332
36,1,4,0.06613285094499588
36,1,5,0.043813031166791916
36,1,6,0.031161146238446236
36,2,2,0.1399621069431305
36,2,3,0.08614211529493332
36,2,4,0.05116715282201767
36,2,5,0.0338982455432415
36,2,6,0.024109460413455963
36,3,2,0.11945998668670654
36,3,3,0.11580006778240204
36,3,4,0.0843290165066719
36,3,5,0.07604115456342697
36,3,6,0.03740539401769638
36,4,2,0.16385982930660248
36,4,3,0.09719100594520569
36,4,4,0.0710044875741005
36,4,5,0.047040484845638275
36,4,6,0.03345661982893944
36,5,2,0.0951714888215065
36,5,3,0.05307186394929886
36,5,4,0.03152390941977501
36,5,5,0.03505796939134598
36,5,6,0.024934282526373863
36,6,2,0.18003776669502258
36,6,3,0.112582728266716
36,6,4,0.08428864181041718
36,6,5,0.055841244757175446
36,6,6,0.0397159717977047
36,7,2,0.14078043401241302
36,7,3,0.047046322375535965
36,7,4,0.08904853463172913
36,7,5,0.04019934684038162
36,7,6,0.02785613387823105
36,8,2,0.18225961923599243
36,8,3,0.11763890832662582
36,8,4,0.06987577676773071
36,8,5,0.04629272595047951
36,8,6,0.03292478248476982
36,9,2,0.16956935822963715
36,9,3,0.08318505436182022
36,9,4,0.049410704523324966
36,9,5,0.03273460268974304
36,9,6,0.02328183315694332
36,10,2,0.19203251600265503
36,10,3,0.10375364124774933
36,10,4,0.0752153992652893
36,10,5,0.05339176207780838
36,10,6,0.05667486414313316
36,11,2,0.09928403049707413
36,11,3,0.0783027708530426
36,11,4,0.037165671586990356
36,11,5,0.030938340350985527
36,11,6,0.022004282101988792
37,0,2,0.15049375593662262
37,0,3,0.08390381187200546
37,0,4,0.1257416158914566
37,0,5,0.08034932613372803
37,0,6,0.055778488516807556
37,1,2,0.13002008199691772
37,1,3,0.14284978806972504
37,1,4,0.10819371044635773
37,1,5,0.07551158964633942
37,1,6,0.052420131862163544
37,2,2,0.09337857365608215
37,2,3,0.10144180804491043
37,2,4,0.12633512914180756
37,2,5,0.11481218785047531
37,2,6,0.0672508031129837
37,3,2,0.09606905281543732
37,3,3,0.08440714329481125
37,3,4,0.12657706439495087
37,3,5,0.08088319003582001
37,3,6,0.06795360147953033
37,4,2,0.1368870884180069
37,4,3,0.09626958519220352
37,4,4,0.11487118899822235
37,4,5,0.07610218971967697
37,4,6,0.05412616953253746
37,5,2,0.1516014039516449
37,5,3,0.14088080823421478
37,5,4,0.1082334890961647
37,5,5,0.07170472294092178
37,5,6,0.05099854990839958
37,6,2,0.17210257053375244
37,6,3,0.07680881023406982
37,6,4,0.1172749474644661
37,6,5,0.09801565110683441
37,6,6,0.06616398692131042
37,7,2,0.1572597324848175
37,7,3,0.09859833121299744
37,7,4,0.11040277779102325
37,7,5,0.0805300772190094
37,7,6,0.057275425642728806
37,8,2,0.15740953385829926
37,8,3,0.12842434644699097
37,8,4,0.10959222167730331
37,8,5,0.07260487228631973
37,8,6,0.05163877084851265
37,9,2,0.11454323679208755
37,9,3,0.1152949407696724
37,9,4,0.13133081793785095
37,9,5,0.08037318289279938
37,9,6,0.05425469949841499
37,10,2,0.13383425772190094
37,10,3,0.1435481607913971
37,10,4,0.1281304806470871
37,10,5,0.07841458916664124
37,10,6,0.05293259024620056
37,11,2,0.16281215846538544
37,11,3,0.0984867736697197
37,11,4,0.0760796070098877
37,11,5,0.08636917173862457
37,11,6,0.05830221623182297
38,0,2,0.1551145762205124
38,0,3,0.14547434449195862
38,0,4,0.1499265879392624
38,0,5,0.09013316035270691
38,0,6,0.06257043778896332
38,1,2,0.15831348299980164
38,1,3,0.11955386400222778
38,1,4,0.06688950955867767
38,1,5,0.04274262487888336
38,1,6,0.0296719279140234
38,2,2,0.1785675436258316
38,2,3,0.10690464079380035
38,2,4,0.06349977850914001
38,2,5,0.04206862300634384
38,2,6,0.02992047369480133
38,3,2,0.14410902559757233
38,3,3,0.09662197530269623
38,3,4,0.08792269974946976
38,3,5,0.05428522080183029
38,3,6,0.046089284121990204
38,4,2,0.16059431433677673
38,4,3,0.09088229387998581
38,4,4,0.10410715639591217
38,4,5,0.10657304525375366
38,4,6,0.07579795271158218
38,5,2,0.1774407923221588
38,5,3,0.0799497738480568
38,5,4,0.14622128009796143
38,5,5,0.09687163680791855
38,5,6,0.0688980221748352
38,6,2,0.16338758170604706
38,6,3,0.1637590080499649
38,6,4,0.09784574061632156
38,6,5,0.07838773727416992
38,6,6,0.055751726031303406
38,7,2,0.10594604164361954
38,7,3,0.10316810756921768
38,7,4,0.05772179737687111
38,7,5,0.036884430795907974
38,7,6,0.02560516446828842
38,8,2,0.0947459265589714
38,8,3,0.10103870183229446
38,8,4,0.10412025451660156
38,8,5,0.06372056901454926
38,8,6,0.04301360622048378
38,9,2,0.14219334721565247
38,9,3,0.1820298582315445
38,9,4,0.11444243043661118
38,9,5,0.07581812888383865
38,9,6,0.053924139589071274
38,10,2,0.16210049390792847
38,10,3,0.17237906157970428
38,10,4,0.10809843242168427
38,10,5,0.07161522656679153
38,10,6,0.05321655049920082
38,11,2,0.21056316792964935
38,11,3,0.14040128886699677
38,11,4,0.08563963323831558
38,11,5,0.05673627182841301
38,11,6,0.04035254940390587
39,0,2,0.09300202131271362
39,0,3,0.08912672102451324
39,0,4,0.05293996259570122
39,0,5,0.03507274016737938
39,0,6,0.024944784119725227
39,1,2,0.1283034086227417
39,1,3,0.0960385650396347
39,1,4,0.07507684826850891
39,1,5,0.07006186991930008
39,1,6,0.052550382912158966
39,2,2,0.17382921278476715
39,2,3,0.08527479320764542
39,2,4,0.07534409314393997
39,2,5,0.04991547390818596
39,2,6,0.043868064880371094
39,3,2,0.1575280725955963
39,3,3,0.10780958086252213
39,3,4,0.06615761667490005
39,3,5,0.04382943734526634
39,3,6,0.03117280825972557
39,4,2,0.06519371271133423
39,4,3,0.03455543890595436
39,4,4,0.020525427535176277
39,4,5,0.013598096556961536
39,4,6,0.009671375155448914
39,5,2,0.06548519432544708
39,5,3,0.08898968994617462
39,5,4,0.052858565002679825
39,5,5,0.035018812865018845
39,5,6,0.03914114832878113
39,6,2,0.09930458664894104
39,6,3,0.1308889538049698
39,6,4,0.07774610817432404
39,6,5,0.05150681734085083
39,6,6,0.04289786145091057
39,7,2,0.11493657529354095
39,7,3,0.06553736329078674
39,7,4,0.05848625674843788
39,7,5,0.0387471579015255
39,7,6,0.02755814604461193
39,8,2,0.20684893429279327
39,8,3,0.10147317498922348
39,8,4,0.095749631524086
39,8,5,0.07736162841320038
39,8,6,0.055021919310092926
39,9,2,0.11454688757658005
39,9,3,0.07239428162574768
39,9,4,0.0766710564494133
39,9,5,0.05812432989478111
39,9,6,0.041339773684740067
39,10,2,0.0957193449139595
39,10,3,0.07427053153514862
39,10,4,0.04411561042070389
39,10,5,0.033448562026023865
39,10,6,0.058588799089193344
39,11,2,0.11133112013339996
39,11,3,0.06018897518515587
39,11,4,0.06016422063112259
39,11,5,0.03844514489173889
39,11,6,0.03420134261250496
40,0,2,0.21572750806808472
40,0,3,0.10287187248468399
40,0,4,0.07859047502279282
40,0,5,0.041263386607170105
40,0,6,0.028645040467381477
40,1,2,0.19142228364944458
40,1,3,0.09390537440776825
40,1,4,0.0872991755604744
40,1,5,0.05783573165535927
40,1,6,0.041134510189294815
40,2,2,0.10400344431400299
40,2,3,0.07342813163995743
40,2,4,0.04361523315310478
40,2,5,0.028895100578665733
40,2,6,0.048368893563747406
40,3,2,0.18301063776016235
40,3,3,0.07962120324373245
40,3,4,0.04454747587442398
40,3,5,0.028465991839766502
40,3,6,0.019761089235544205
40,4,2,0.15893661975860596
40,4,3,0.07796899229288101
40,4,4,0.04631243273615837
40,4,5,0.030681997537612915
40,4,6,0.021821962669491768
40,5,2,0.11527049541473389
40,5,3,0.12425597757101059
40,5,4,0.07380622625350952
40,5,5,0.04889664053916931
40,5,6,0.04156030714511871
40,6,2,0.1481885462999344
40,6,3,0.1062806025147438
40,6,4,0.05946321412920952
40,6,5,0.03799719735980034
40,6,6,0.02637764997780323
40,7,2,0.12225587666034698
40,7,3,0.07755997031927109
40,7,4,0.07490900903940201
40,7,5,0.04786711931228638
40,7,6,0.03322935104370117
40,8,2,0.11145404726266861
40,8,3,0.1467483937740326
40,8,4,0.07610302418470383
40,8,5,0.06661880016326904
40,8,6,0.04497002437710762
40,9,2,0.16692562401294708
40,9,3,0.0733918696641922
40,9,4,0.041062213480472565
40,9,5,0.02623889595270157
40,9,6,0.018215036019682884
40,10,2,0.08954858034849167
40,10,3,0.1481204628944397
40,10,4,0.10948694497346878
40,10,5,0.08106407523155212
40,10,6,0.06149563565850258
40,11,2,0.19732290506362915
40,11,3,0.10472755879163742
40,11,4,0.08495064824819565
40,11,5,0.05499733239412308
40,11,6,0.06975994259119034
41,0,2,0.14211896061897278
41,0,3,0.11577652394771576
41,0,4,0.1075376570224762
41,0,5,0.07128237932920456
41,0,6,0.06429640203714371
41,1,2,0.17634548246860504
41,1,3,0.12967659533023834
41,1,4,0.09790322184562683
41,1,5,0.06365368515253067
41,1,6,0.06829094141721725
41,2,2,0.15991508960723877
41,2,3,0.167760968208313
41,2,4,0.11972066760063171
41,2,5,0.07931497693061829
41,2,6,0.056411199271678925
41,3,2,0.20997779071331024
41,3,3,0.10606348514556885
41,3,4,0.10519619286060333
41,3,5,0.09206528216600418
41,3,6,0.05904478579759598
41,4,2,0.17295774817466736
41,4,3,0.10175029933452606
41,4,4,0.06533906608819962
41,4,5,0.043455902487039566
41,4,6,0.03917111083865166
41,5,2,0.12626086175441742
41,5,3,0.0950852632522583
41,5,4,0.09158923476934433
41,5,5,0.10073227435350418
41,5,6,0.0665760412812233
41,6,2,0.16827847063541412
41,6,3,0.10504362732172012
41,6,4,0.07636981457471848
41,6,5,0.05178537964820862
41,6,6,0.04435822740197182
41,7,2,0.1393805295228958
41,7,3,0.07495707273483276
41,7,4,0.07925044000148773
41,7,5,0.059222038835287094
41,7,6,0.047914523631334305
41,8,2,0.17071844637393951
41,8,3,0.10707005113363266
41,8,4,0.06863542646169662
41,8,5,0.06855051219463348
41,8,6,0.04875519126653671
41,9,2,0.1653546690940857
41,9,3,0.13108888268470764
41,9,4,0.08721965551376343
41,9,5,0.07208772003650665
41,9,6,0.050896238535642624
41,10,2,0.18454629182815552
41,10,3,0.13509424030780792
41,10,4,0.09909532964229584
41,10,5,0.07877518236637115
41,10,6,0.05849614366889
41,11,2,0.1367817372083664
41,11,3,0.07561704516410828
41,11,4,0.05507908761501312
41,11,5,0.05980518460273743
41,11,6,0.05517425760626793
42,0,2,0.17202065885066986
42,0,3,0.11233661323785782
42,0,4,0.07291195541620255
42,0,5,0.04830418527126312
42,0,6,0.034355394542217255
42,1,2,0.1713297814130783
42,1,3,0.12979301810264587
42,1,4,0.1047142893075943
42,1,5,0.07984178513288498
42,1,6,0.0694844052195549
42,2,2,0.19288773834705353
42,2,3,0.11919529736042023
42,2,4,0.07080025225877762
42,2,5,0.04690518602728844
42,2,6,0.03336038067936897
42,3,2,0.16803833842277527
42,3,3,0.14917530119419098
42,3,4,0.12922614812850952
42,3,5,0.08913195878267288
42,3,6,0.061875391751527786
42,4,2,0.12032322585582733
42,4,3,0.09966819733381271
42,4,4,0.0592014454305172
42,4,5,0.062134306877851486
42,4,6,0.044191788882017136
42,5,2,0.12540514767169952
42,5,3,0.0977054163813591
42,5,4,0.05082622542977333
42,5,5,0.08786392211914062
42,5,6,0.062491465359926224
42,6,2,0.18627241253852844
42,6,3,0.11394977569580078
42,6,4,0.07132399082183838
42,6,5,0.03315313905477524
42,6,6,0.05042950063943863
42,7,2,0.10238391160964966
42,7,3,0.08788441866636276
42,7,4,0.05116453766822815
42,7,5,0.09115204960107803
42,7,6,0.06483007967472076
42,8,2,0.22565175592899323
42,8,3,0.12069696933031082
42,8,4,0.07231860607862473
42,8,5,0.0655561238527298
42,8,6,0.046625491231679916
42,9,2,0.1545199751853943
42,9,3,0.08072376251220703
42,9,4,0.08203370869159698
42,9,5,0.05371405556797981
42,9,6,0.038203053176403046
42,10,2,0.1819751262664795
42,10,3,0.14576369524002075
42,10,4,0.11644993722438812
42,10,5,0.08915536850690842
42,10,6,0.06340997666120529
42,11,2,0.1545419991016388
42,11,3,0.18019883334636688
42,11,4,0.11886639893054962
42,11,5,0.0870790034532547
42,11,6,0.06359390169382095
43,0,2,0.12581755220890045
43,0,3,0.07531507313251495
43,0,4,0.048556309193372726
43,0,5,0.031027646735310555
43,0,6,0.03384502977132797
43,1,2,0.18670985102653503
43,1,3,0.09159360080957413
43,1,4,0.05440526083111763
43,1,5,0.03604349121451378
43,1,6,0.025635216385126114
43,2,2,0.17719018459320068
43,2,3,0.09027253836393356
43,2,4,0.053620561957359314
43,2,5,0.03552363067865372
43,2,6,0.02526547573506832
43,3,2,0.14481215178966522
43,3,3,0.11450713872909546
43,3,4,0.06801555305719376
43,3,5,0.04506032168865204
43,3,6,0.03204825893044472
43,4,2,0.09510648250579834
43,4,3,0.046656057238578796
43,4,4,0.02771301567554474
43,4,5,0.018359877169132233
43,4,6,0.01305809523910284
43,5,2,0.1301647424697876
43,5,3,0.09752157330513
43,5,4,0.05792637914419174
43,5,5,0.04603537544608116
43,5,6,0.03274174779653549
43,6,2,0.18869991600513458
43,6,3,0.090437151491642
43,6,4,0.053843334317207336
43,6,5,0.03440607711672783
43,6,6,0.051132068037986755
43,7,2,0.09618635475635529
43,7,3,0.05686064437031746
43,7,4,0.03377437964081764
43,7,5,0.02237553708255291
43,7,6,0.025316862389445305
43,8,2,0.2009684145450592
43,8,3,0.09858838468790054
43,8,4,0.058560047298669815
43,8,5,0.038796037435531616
43,8,6,0.04840893670916557
43,9,2,0.10804839432239532
43,9,3,0.06658712774515152
43,9,4,0.03666791319847107
43,9,5,0.03183697164058685
43,9,6,0.03148892894387245
43,10,2,0.08150514960289001
43,10,3,0.07829450815916061
43,10,4,0.07405626028776169
43,10,5,0.08118702471256256
43,10,6,0.03591649979352951
43,11,2,0.08322738111019135
43,11,3,0.05040917918086052
43,11,4,0.029942307621240616
43,11,5,0.0198367927223444
43,11,6,0.016872411593794823
44,0,2,0.1102556437253952
44,0,3,0.0792497918009758
44,0,4,0.04412421956658363
44,0,5,0.02923230454325676
44,0,6,0.020790891721844673
44,1,2,0.12821266055107117
44,1,3,0.10523359477519989
44,1,4,0.06765029579401016
44,1,5,0.03330114483833313
44,1,6,0.023684779182076454
44,2,2,0.09394878149032593
44,2,3,0.08569515496492386
44,2,4,0.04738433659076691
44,2,5,0.03139213100075722
44,2,6,0.022327031940221786
44,3,2,0.12762697041034698
44,3,3,0.12949679791927338
44,3,4,0.08883073925971985
44,3,5,0.06197796389460564
44,3,6,0.054986435920000076
44,4,2,0.12976548075675964
44,4,3,0.07421114295721054
44,4,4,0.044080328196287155
44,4,5,0.029203226789832115
44,4,6,0.07304056733846664
44,5,2,0.12322976440191269
44,5,3,0.10536408424377441
44,5,4,0.06363946944475174
44,5,5,0.048812806606292725
44,5,6,0.0347171351313591
44,6,2,0.17788073420524597
44,6,3,0.1614370197057724
44,6,4,0.0838300809264183
44,6,5,0.06508215516805649
44,6,6,0.061108894646167755
44,7,2,0.0823761448264122
44,7,3,0.040410976856946945
44,7,4,0.024003535509109497
44,7,5,0.015902336686849594
44,7,6,0.01131022535264492
44,8,2,0.17644773423671722
44,8,3,0.11092238873243332
44,8,4,0.06588627398014069
44,8,5,0.043649666011333466
44,8,6,0.031044958159327507
44,9,2,0.11697728931903839
44,9,3,0.0573851503431797
44,9,4,0.03408593684434891
44,9,5,0.02258193865418434
44,9,6,0.02554995007812977
44,10,2,0.14550861716270447
44,10,3,0.08730484545230865
44,10,4,0.06039866432547569
44,10,5,0.06317619234323502
44,10,6,0.02945040911436081
44,11,2,0.1504572182893753
44,11,3,0.07555130869150162
44,11,4,0.056852977722883224
44,11,5,0.04296373575925827
44,11,6,0.03470198065042496
45,0,2,0.16215822100639343
45,0,3,0.12291168421506882
45,0,4,0.11229921877384186
45,0,5,0.07439826428890228
45,0,6,0.06219969317317009
45,1,2,0.16154897212982178
45,1,3,0.16314496099948883
45,1,4,0.08564338088035583
45,1,5,0.052412912249565125
45,1,6,0.03538054600358009
45,2,2,0.16460274159908295
45,2,3,0.08884642273187637
45,2,4,0.052773479372262955
45,2,5,0.03496243804693222
45,2,6,0.02486633136868477
45,3,2,0.16934306919574738
45,3,3,0.1885857731103897
45,3,4,0.1120171770453453
45,3,5,0.07421140372753143
45,3,6,0.05278139188885689
45,4,2,0.1520240306854248
45,4,3,0.09508757293224335
45,4,4,0.09597830474376678
45,4,5,0.05495611950755119
45,4,6,0.039086442440748215
45,5,2,0.14315356314182281
45,5,3,0.08751410990953445
45,5,4,0.06228066235780716
45,5,5,0.041260965168476105
45,5,6,0.029346037656068802
45,6,2,0.1593031883239746
45,6,3,0.12673935294151306
45,6,4,0.0616225004196167
45,6,5,0.050386685878038406
45,6,6,0.034012772142887115
45,7,2,0.20646116137504578
45,7,3,0.10128293931484222
45,7,4,0.06016057729721069
45,7,5,0.03985639661550522
45,7,6,0.028347071260213852
45,8,2,0.17206811904907227
45,8,3,0.09680166840553284
45,8,4,0.09094969183206558
45,8,5,0.06025419756770134
45,8,6,0.04285459592938423
45,9,2,0.18747685849666595
45,9,3,0.17307017743587494
45,9,4,0.13808034360408783
45,9,5,0.11926697194576263
45,9,6,0.08050937950611115
45,10,2,0.20614610612392426
45,10,3,0.16198526322841644
45,10,4,0.11282254010438919
45,10,5,0.08484101295471191
45,10,6,0.057881031185388565
45,11,2,0.12488251179456711
45,11,3,0.15187464654445648
45,11,4,0.14194178581237793
45,11,5,0.07449138909578323
45,11,6,0.051792386919260025
46,0,2,0.14989478886127472
46,0,3,0.10293993353843689
46,0,4,0.08974967151880264
46,0,5,0.07558371126651764
46,0,6,0.06273429840803146
46,1,2,0.1809641569852829
46,1,3,0.10129930078983307
46,1,4,0.07992850989103317
46,1,5,0.0891861692070961
46,1,6,0.06343188136816025
46,2,2,0.19901274144649506
46,2,3,0.09762898832559586
46,2,4,0.057990189641714096
46,2,5,0.03841850906610489
46,2,6,0.02732440084218979
46,3,2,0.12910296022891998
46,3,3,0.10638883709907532
46,3,4,0.10472103953361511
46,3,5,0.06937772035598755
46,3,6,0.05182070657610893
46,4,2,0.1349806934595108
46,4,3,0.10796982049942017
46,4,4,0.08778715133666992
46,4,5,0.06324753165245056
46,4,6,0.0627892017364502
46,5,2,0.20023103058338165
46,5,3,0.11054428666830063
46,5,4,0.06583444774150848
46,5,5,0.048643678426742554
46,5,6,0.06207834929227829
46,6,2,0.18153886497020721
46,6,3,0.09265758097171783
46,6,4,0.061112452298402786
46,6,5,0.05079856142401695
46,6,6,0.0402626171708107
46,7,2,0.20713573694229126
46,7,3,0.17942863702774048
46,7,4,0.12071797251701355
46,7,5,0.11161210387945175
46,7,6,0.06935198605060577
46,8,2,0.1706969290971756
46,8,3,0.10055297613143921
46,8,4,0.05328891798853874
46,8,5,0.04884813353419304
46,8,6,0.034742262214422226
46,9,2,0.13580970466136932
46,9,3,0.08871984481811523
46,9,4,0.06729596853256226
46,9,5,0.06126932054758072
46,9,6,0.06653405725955963
46,10,2,0.2057378739118576
46,10,3,0.10630137473344803
46,10,4,0.06752943992614746
46,10,5,0.061541371047496796
46,10,6,0.03781674802303314
46,11,2,0.16349683701992035
46,11,3,0.11314263939857483
46,11,4,0.09531477838754654
46,11,5,0.0637298971414566
46,11,6,0.0569387823343277
47,0,2,0.16588683426380157
47,0,3,0.11752688139677048
47,0,4,0.09202459454536438
47,0,5,0.06096631661057472
47,0,6,0.043361078947782516
47,1,2,0.16229818761348724
47,1,3,0.09087443351745605
47,1,4,0.1135978251695633
47,1,5,0.07896227389574051
47,1,6,0.06446491926908493
47,2,2,0.12152502685785294
47,2,3,0.11199965327978134
47,2,4,0.0665261447429657
47,2,5,0.04407358542084694
47,2,6,0.03134646639227867
47,3,2,0.15164822340011597
47,3,3,0.13131479918956757
47,3,4,0.08590736985206604
47,3,5,0.06747129559516907
47,3,6,0.049533721059560776
47,4,2,0.1768435537815094
47,4,3,0.13676397502422333
47,4,4,0.09243012964725494
47,4,5,0.0612349808216095
47,4,6,0.05375872552394867
47,5,2,0.19007310271263123
47,5,3,0.08410096168518066
47,5,4,0.05968853831291199
47,5,5,0.08539751172065735
47,5,6,0.06130002439022064
47,6,2,0.136946439743042
47,6,3,0.1132941022515297
47,6,4,0.0713362991809845
47,6,5,0.04326911270618439
47,6,6,0.05477862060070038
47,7,2,0.1591726690530777
47,7,3,0.08087894320487976
47,7,4,0.06729015707969666
47,7,5,0.044579748064279556
47,7,6,0.03626663237810135
47,8,2,0.1469980776309967
47,8,3,0.10622964054346085
47,8,4,0.06444330513477325
47,8,5,0.042693693190813065
47,8,6,0.04857587441802025
47,9,2,0.1726325899362564
47,9,3,0.1250930279493332
47,9,4,0.07430341839790344
47,9,5,0.07448384165763855
47,9,6,0.05297514796257019
47,10,2,0.13751381635665894
47,10,3,0.09769409149885178
47,10,4,0.08895701915025711
47,10,5,0.060030192136764526
47,10,6,0.04269528388977051
47,11,2,0.1727609634399414
47,11,3,0.15239812433719635
47,11,4,0.0670287236571312
47,11,5,0.05733407288789749
47,11,6,0.03788227215409279
48,0,2,0.16030098497867584
48,0,3,0.09686792641878128
48,0,4,0.061880506575107574
48,0,5,0.03605102747678757
48,0,6,0.047520797699689865
48,1,2,0.16517536342144012
48,1,3,0.08140671998262405
48,1,4,0.06200537458062172
48,1,5,0.03424810618162155
48,1,6,0.058185018599033356
48,2,2,0.1259017288684845
48,2,3,0.09809932112693787
48,2,4,0.06938504427671432
48,2,5,0.08513849973678589
48,2,6,0.03892961144447327
48,3,2,0.1028648093342781
48,3,3,0.08790557831525803
48,3,4,0.056548111140728
48,3,5,0.03809802979230881
48,3,6,0.048126816749572754
48,4,2,0.1079840362071991
48,4,3,0.07799404114484787
48,4,4,0.045267872512340546
48,4,5,0.029989976435899734
48,4,6,0.021329771727323532
48,5,2,0.14102007448673248
48,5,3,0.09279918670654297
48,5,4,0.04755868390202522
48,5,5,0.03756578266620636
48,5,6,0.08846422284841537
48,6,2,0.11766109615564346
48,6,3,0.10061026364564896
48,6,4,0.03778912127017975
48,6,5,0.042250972241163254
48,6,6,0.050269462168216705
48,7,2,0.1361813098192215
48,7,3,0.06680600345134735
48,7,4,0.10214830935001373
48,7,5,0.05436355620622635
48,7,6,0.02515224553644657
48,8,2,0.12015438824892044
48,8,3,0.07002178579568863
48,8,4,0.08524728566408157
48,8,5,0.05647634342312813
48,8,6,0.0401676781475544
48,9,2,0.09284619241952896
48,9,3,0.10026118904352188
48,9,4,0.055397700518369675
48,9,5,0.0687832459807396
48,9,6,0.046431101858615875
48,10,2,0.14389589428901672
48,10,3,0.08004055172204971
48,10,4,0.06497674435377121
48,10,5,0.03796205297112465
48,10,6,0.03147001564502716
48,11,2,0.15192283689975739
48,11,3,0.09873069077730179
48,11,4,0.07951337844133377
48,11,5,0.04794546216726303
48,11,6,0.047974321991205215
49,0,2,0.12893307209014893
49,0,3,0.17741647362709045
49,0,4,0.09926320612430573
49,0,5,0.06342953443527222
49,0,6,0.04403277486562729
49,1,2,0.1581052541732788
49,1,3,0.12759286165237427
49,1,4,0.08932681381702423
49,1,5,0.05917903780937195
49,1,6,0.04208991304039955
49,2,2,0.16923992335796356
49,2,3,0.08302345126867294
49,2,4,0.1230919286608696
49,2,5,0.08154843747615814
49,2,6,0.05799970403313637
49,3,2,0.20222149789333344
49,3,3,0.15265245735645294
49,3,4,0.08244965225458145
49,3,5,0.06479018926620483
49,3,6,0.046080730855464935
49,4,2,0.11968320608139038
49,4,3,0.0981702134013176
49,4,4,0.05831164866685867
49,4,5,0.038631487637758255
49,4,6,0.027475880458950996
49,5,2,0.1293453425168991
49,5,3,0.1659023016691208
49,5,4,0.09854352474212646
49,5,5,0.0652851089835167
49,5,6,0.0464327372610569
49,6,2,0.14547789096832275
49,6,3,0.09817831218242645
49,6,4,0.09595564007759094
49,6,5,0.1066337525844574
49,6,6,0.07402513176202774
49,7,2,0.17306317389011383
49,7,3,0.10998158901929855
49,7,4,0.07659594714641571
49,7,5,0.09400666505098343
49,7,6,0.0652594268321991
49,8,2,0.169611856341362
49,8,3,0.13908009231090546
49,8,4,0.08261152356863022
49,8,5,0.05473015457391739
49,8,6,0.03892573341727257
49,9,2,0.1309172362089157
49,9,3,0.08778141438961029
49,9,4,0.11358103901147842
49,9,5,0.07524745911359787
49,9,6,0.05351826548576355
49,10,2,0.1574023962020874
49,10,3,0.12071659415960312
49,10,4,0.13293492794036865
49,10,5,0.09562888741493225
49,10,6,0.04230545833706856
49,11,2,0.09751947969198227
49,11,3,0.14127632975578308
49,11,4,0.08048353344202042
49,11,5,0.0492551289498806
49,11,6,0.033248934894800186
50,0,2,0.1625908762216568
50,0,3,0.10362979769706726
50,0,4,0.08721238374710083
50,0,5,0.05777822062373161
50,0,6,0.041093610227108
50,1,2,0.16455256938934326
50,1,3,0.127626433968544
50,1,4,0.07578093558549881
50,1,5,0.056587398052215576
50,1,6,0.04024666175246239
50,2,2,0.16622017323970795
50,2,3,0.10755661129951477
50,2,4,0.08583328127861023
50,2,5,0.04915952309966087
50,2,6,0.034126535058021545
50,3,2,0.17014756798744202
50,3,3,0.11547386646270752
50,3,4,0.06858978420495987
50,3,5,0.045440737158060074
50,3,6,0.032318830490112305
50,4,2,0.1496037244796753
50,4,3,0.07339058071374893
50,4,4,0.043592922389507294
50,4,5,0.028880320489406586
50,4,6,0.020540554076433182
50,5,2,0.14160828292369843
50,5,3,0.08512555062770844
50,5,4,0.07221616059541702
50,5,5,0.04784322530031204
50,5,6,0.057769741863012314
50,6,2,0.14200447499752045
50,6,3,0.10378836840391159
50,6,4,0.07390522211790085
50,6,5,0.048962224274873734
50,6,6,0.03482340648770332
50,7,2,0.12454745918512344
50,7,3,0.09889613837003708
50,7,4,0.05874284729361534
50,7,5,0.03891715034842491
50,7,6,0.027679050341248512
50,8,2,0.13512934744358063
50,8,3,0.10228752344846725
50,8,4,0.060641609132289886
50,8,5,0.06848271936178207
50,8,6,0.04870697110891342
50,9,2,0.1612859070301056
50,9,3,0.10532592236995697
50,9,4,0.06256205588579178
50,9,5,0.04144737496972084
50,9,6,0.02947862073779106
50,10,2,0.16999472677707672
50,10,3,0.10029099136590958
50,10,4,0.06646843999624252
50,10,5,0.04639851301908493
50,10,6,0.03254671022295952
50,11,2,0.15321005880832672
50,11,3,0.08078007400035858
50,11,4,0.08431340008974075
50,11,5,0.05585764721035957
50,11,6,0.03972763940691948
51,0,2,0.0664299800992012
51,0,3,0.05369782820343971
51,0,4,0.06803566962480545
51,0,5,0.0414222814142704
51,0,6,0.04393945634365082
51,1,2,0.13162876665592194
51,1,3,0.09477829188108444
51,1,4,0.0665893480181694
51,1,5,0.04411545395851135
51,1,6,0.031376246362924576
51,2,2,0.07188872992992401
51,2,3,0.07169672101736069
51,2,4,0.0365038625895977
51,2,5,0.024183817207813263
51,2,6,0.037235062569379807
51,3,2,0.1822601705789566
51,3,3,0.1022360548377037
51,3,4,0.06394277513027191
51,3,5,0.051264747977256775
51,3,6,0.034470997750759125
51,4,2,0.10687239468097687
51,4,3,0.11587277799844742
51,4,4,0.07324294745922089
51,4,5,0.048523470759391785
51,4,6,0.034511350095272064
51,5,2,0.12161003053188324
51,5,3,0.05499953404068947
51,5,4,0.05443340912461281
51,5,5,0.055454228073358536
51,5,6,0.03944070637226105
51,6,2,0.14232687652111053
51,6,3,0.0698208138346672
51,6,4,0.041472528129816055
51,6,5,0.02747556008398533
51,6,6,0.01954144798219204
51,7,2,0.13992245495319366
51,7,3,0.08724856376647949
51,7,4,0.03458341956138611
51,7,5,0.03644649684429169
51,7,6,0.03715178370475769
51,8,2,0.10000678896903992
51,8,3,0.061436813324689865
51,8,4,0.051393210887908936
51,8,5,0.040433160960674286
51,8,6,0.028757283464074135
51,9,2,0.13128353655338287
51,9,3,0.07051383703947067
51,9,4,0.04083777219057083
51,9,5,0.042154461145401
51,9,6,0.04238196834921837
51,10,2,0.11874522268772125
51,10,3,0.08451082557439804
51,10,4,0.07051265239715576
51,10,5,0.055972326546907425
51,10,6,0.05270417407155037
51,11,2,0.12421874701976776
51,11,3,0.11066873371601105
51,11,4,0.08611449599266052
51,11,5,0.0502711720764637
51,11,6,0.060852743685245514
52,0,2,0.1811906099319458
52,0,3,0.10453565418720245
52,0,4,0.07614605873823166
52,0,5,0.04865759611129761
52,0,6,0.03377809748053551
52,1,2,0.12305036932229996
52,1,3,0.09780494123697281
52,1,4,0.10521342605352402
52,1,5,0.06438957899808884
52,1,6,0.04346522316336632
52,2,2,0.09535394608974457
52,2,3,0.07288813591003418
52,2,4,0.04329448938369751
52,2,5,0.02868260256946087
52,2,6,0.02039993554353714
52,3,2,0.16387712955474854
52,3,3,0.0774887427687645
52,3,4,0.046027179807424545
52,3,5,0.03049302101135254
52,3,6,0.021687554195523262
52,4,2,0.14151014387607574
52,4,3,0.14295542240142822
52,4,4,0.08491341769695282
52,4,5,0.059656914323568344
52,4,6,0.04242978245019913
52,5,2,0.16569797694683075
52,5,3,0.08569555729627609
52,5,4,0.05090190842747688
52,5,5,0.0627686157822609
52,5,6,0.046201810240745544
52,6,2,0.16178198158740997
52,6,3,0.09492416679859161
52,6,4,0.05310937389731407
52,6,5,0.03393706679344177
52,6,6,0.02355911396443844
52,7,2,0.15904416143894196
52,7,3,0.07802174985408783
52,7,4,0.04634377360343933
52,7,5,0.030702751129865646
52,7,6,0.04314856976270676
52,8,2,0.20834390819072723
52,8,3,0.10220655053853989
52,8,4,0.060709189623594284
52,8,5,0.04021985083818436
52,8,6,0.028605571016669273
52,9,2,0.1132241040468216
52,9,3,0.12512271106243134
52,9,4,0.0992133840918541
52,9,5,0.060717616230249405
52,9,6,0.04098651558160782
52,10,2,0.11369338631629944
52,10,3,0.09700208902359009
52,10,4,0.0927807167172432
52,10,5,0.06676881015300751
52,10,6,0.05853923410177231
52,11,2,0.1198706179857254
52,11,3,0.10238486528396606
52,11,4,0.060815103352069855
52,11,5,0.04029001668095589
52,11,6,0.07567418366670609
53,0,2,0.15645326673984528
53,0,3,0.10962039232254028
53,0,4,0.0651128962635994
53,0,5,0.043196503072977066
53,0,6,0.03315338119864464
53,1,2,0.1726972609758377
53,1,3,0.1515771597623825
53,1,4,0.0900346040725708
53,1,5,0.059647947549819946
53,1,6,0.042423419654369354
53,2,2,0.11551426351070404
53,2,3,0.07955754548311234
53,2,4,0.0651894062757492
53,2,5,0.05115825682878494
53,2,6,0.08127547800540924
53,3,2,0.16808132827281952
53,3,3,0.14786919951438904
53,3,4,0.08783213049173355
53,3,5,0.06773561984300613
53,3,6,0.043646190315485
53,4,2,0.1574958711862564
53,4,3,0.07726220786571503
53,4,4,0.08095362037420273
53,4,5,0.05363178998231888
53,4,6,0.0381445437669754
53,5,2,0.19447040557861328
53,5,3,0.1150330975651741
53,5,4,0.06832797080278397
53,5,5,0.04870746657252312
53,5,6,0.08086898177862167
53,6,2,0.13024458289146423
53,6,3,0.11593546718358994
53,6,4,0.06886395812034607
53,6,5,0.045622386038303375
53,6,6,0.046382300555706024
53,7,2,0.13204285502433777
53,7,3,0.15693676471710205
53,7,4,0.0932181179523468
53,7,5,0.07621139287948608
53,7,6,0.047290533781051636
53,8,2,0.13985387980937958
53,8,3,0.11560270190238953
53,8,4,0.06866630166769028
53,8,5,0.04549144580960274
53,8,6,0.03235488384962082
53,9,2,0.16262339055538177
53,9,3,0.1506091058254242
53,9,4,0.08922342211008072
53,9,5,0.05911053344607353
53,9,6,0.04204120114445686
53,10,2,0.29763808846473694
53,10,3,0.1111164316534996
53,10,4,0.1281631588935852
53,10,5,0.08189669251441956
53,10,6,0.05685267597436905
53,11,2,0.1141711100935936
53,11,3,0.10920324921607971
53,11,4,0.08271468430757523
53,11,5,0.05479849874973297
53,11,6,0.0389743410050869
54,0,2,0.13763780891895294
54,0,3,0.05988115072250366
54,0,4,0.03350306302309036
54,0,5,0.021408572793006897
54,0,6,0.014861827716231346
54,1,2,0.171038419008255
54,1,3,0.05715799331665039
54,1,4,0.11578761041164398
54,1,5,0.06097272038459778
54,1,6,0.04232725501060486
54,2,2,0.09371035546064377
54,2,3,0.045971162617206573
54,2,4,0.027306200936436653
54,2,5,0.01809036359190941
54,2,6,0.012866404838860035
54,3,2,0.20166300237178802
54,3,3,0.10618012398481369
54,3,4,0.06306944042444229
54,3,5,0.04178351163864136
54,3,6,0.029717696830630302
54,4,2,0.12832611799240112
54,4,3,0.06295249611139297
54,4,4,0.037392858415842056
54,4,5,0.024772780016064644
54,4,6,0.017619142308831215
54,5,2,0.12095247209072113
54,5,3,0.0915512815117836
54,5,4,0.054380111396312714
54,5,5,0.036026839166879654
54,5,6,0.025623368099331856
54,6,2,0.10179436206817627
54,6,3,0.04993691295385361
54,6,4,0.02966177649796009
54,6,5,0.044902779161930084
54,6,6,0.020048337057232857
54,7,2,0.0880119726061821
54,7,3,0.04317573830485344
54,7,4,0.025645747780799866
54,7,5,0.016990311443805695
54,7,6,0.012084024026989937
54,8,2,0.1562938094139099
54,8,3,0.17327192425727844
54,8,4,0.09694437682628632
54,8,5,0.061947789043188095
54,8,6,0.04300414398312569
54,9,2,0.09608050435781479
54,9,3,0.05782555416226387
54,9,4,0.05755702778697014
54,9,5,0.03522433713078499
54,9,6,0.023777658119797707
54,10,2,0.0819934532046318
54,10,3,0.08868734538555145
54,10,4,0.07354700565338135
54,10,5,0.08185163140296936
54,10,6,0.06990933418273926
54,11,2,0.12212797999382019
54,11,3,0.036630161106586456
54,11,4,0.03646007552742958
54,11,5,0.022313199937343597
54,11,6,0.04579946771264076
55,0,2,0.14953206479549408
55,0,3,0.0744626373052597
55,0,4,0.0732930600643158
55,0,5,0.036481164395809174
55,0,6,0.02594650350511074
55,1,2,0.1822163462638855
55,1,3,0.16405077278614044
55,1,4,0.09178519994020462
55,1,5,0.05865105241537094
55,1,6,0.04071556031703949
55,2,2,0.18625380098819733
55,2,3,0.0913698822259903
55,2,4,0.0542723648250103
55,2,5,0.035955458879470825
55,2,6,0.07557808607816696
55,3,2,0.18440525233745575
55,3,3,0.1045757606625557
55,3,4,0.06507814675569534
55,3,5,0.05609381943941116
55,3,6,0.05191577225923538
55,4,2,0.12586510181427002
55,4,3,0.07869832217693329
55,4,4,0.04674564674496651
55,4,5,0.030969001352787018
55,4,6,0.02202608622610569
55,5,2,0.13367877900600433
55,5,3,0.10700082778930664
55,5,4,0.06355691701173782
55,5,5,0.042106468230485916
55,5,6,0.029947390779852867
55,6,2,0.16766402125358582
55,6,3,0.12722833454608917
55,6,4,0.07557176053524017
55,6,5,0.05006631091237068
55,6,6,0.03560866415500641
55,7,2,0.16625618934631348
55,7,3,0.10791385173797607
55,7,4,0.06409923732280731
55,7,5,0.04246576130390167
55,7,6,0.030202925205230713
55,8,2,0.09608050435781479
55,8,3,0.08700235188007355
55,8,4,0.0357329435646534
55,8,5,0.042134080082178116
55,8,6,0.03279765322804451
55,9,2,0.18591688573360443
55,9,3,0.10748111456632614
55,9,4,0.06384219974279404
55,9,5,0.04229547083377838
55,9,6,0.030081812292337418
55,10,2,0.14171285927295685
55,10,3,0.13895262777805328
55,10,4,0.08626018464565277
55,10,5,0.054225221276283264
55,10,6,0.03764314204454422
55,11,2,0.18261010944843292
55,11,3,0.11353552341461182
55,11,4,0.06743843108415604
55,11,5,0.0446779727935791
55,11,6,0.03177632763981819
56,0,2,0.19589653611183167
56,0,3,0.1290697157382965
56,0,4,0.08262457698583603
56,0,5,0.05085999518632889
56,0,6,0.03617316111922264
56,1,2,0.16816426813602448
56,1,3,0.07740486413240433
56,1,4,0.07327494025230408
56,1,5,0.04854466766119003
56,1,6,0.03452641889452934
56,2,2,0.11942915618419647
56,2,3,0.058587949723005295
56,2,4,0.03480037674307823
56,2,5,0.023055261000990868
56,2,6,0.016397595405578613
56,3,2,0.1289428174495697
56,3,3,0.06325503438711166
56,3,4,0.03757256269454956
56,3,5,0.02489182911813259
56,3,6,0.017703818157315254
56,4,2,0.19295887649059296
56,4,3,0.08782380819320679
56,4,4,0.08741596341133118
56,4,5,0.06209176778793335
56,4,6,0.04033368453383446
56,5,2,0.1609892100095749
56,5,3,0.12438318133354187
56,5,4,0.06933077424764633
56,5,5,0.045931652188301086
56,5,6,0.03266797214746475
56,6,2,0.10781800001859665
56,6,3,0.08413410931825638
56,6,4,0.04997441545128822
56,6,5,0.03310806304216385
56,6,6,0.028172055259346962
56,7,2,0.13689003884792328
56,7,3,0.1017763689160347
56,7,4,0.060453664511442184
56,7,5,0.04005056992173195
56,7,6,0.03396494314074516
56,8,2,0.10598310828208923
56,8,3,0.08014925569295883
56,8,4,0.07872466742992401
56,8,5,0.04812183603644371
56,8,6,0.05967465415596962
56,9,2,0.1740560382604599
56,9,3,0.09490072727203369
56,9,4,0.06067066267132759
56,9,5,0.040194328874349594
56,9,6,0.03563382849097252
56,10,2,0.1664019376039505
56,10,3,0.07531186938285828
56,10,4,0.0720212385058403
56,10,5,0.04602181911468506
56,10,6,0.038652461022138596
56,11,2,0.10460775345563889
56,11,3,0.07980876415967941
56,11,4,0.0870535746216774
56,11,5,0.056331757456064224
56,11,6,0.03571489825844765
57,0,2,0.1745043843984604
57,0,3,0.07425204664468765
57,0,4,0.04701538756489754
57,0,5,0.031147703528404236
57,0,6,0.022233013063669205
57,1,2,0.15918982028961182
57,1,3,0.12787234783172607
57,1,4,0.07968025654554367
57,1,5,0.05882137641310692
57,1,6,0.04409339278936386
57,2,3,0.12101473659276962
57,2,4,0.07953169196844101
57,2,5,0.05763203278183937
57,2,6,0.03131885826587677
57,3,2,0.18329574167728424
57,3,3,0.08377531915903091
57,3,4,0.06580102443695068
57,3,5,0.04483141005039215
57,3,6,0.031885452568531036
57,4,2,0.15659229457378387
57,4,3,0.11016499251127243
57,4,4,0.08144156634807587
57,4,5,0.05462111532688141
57,4,6,0.03806248679757118
57,5,2,0.18064521253108978
57,5,3,0.09095564484596252
57,5,4,0.05654672533273697
57,5,5,0.03669912368059158
57,5,6,0.026101522147655487
57,6,2,0.16630932688713074
57,6,3,0.0883297249674797
57,6,4,0.052466556429862976
57,6,5,0.03475910797715187
57,6,6,0.024721724912524223
57,7,2,0.16234701871871948
57,7,3,0.08252886682748795
57,7,4,0.049020931124687195
57,7,5,0.03247637674212456
57,7,6,0.023098180070519447
57,8,2,0.18775582313537598
57,8,3,0.11014946550130844
57,8,4,0.06340578198432922
57,8,5,0.049330051988363266
57,8,6,0.03555386886000633
57,9,2,0.16188682615756989
57,9,3,0.1077425479888916
57,9,4,0.06399748474359512
57,9,5,0.042398348450660706
57,9,6,0.030154988169670105
57,10,2,0.17141151428222656
57,10,3,0.13803474605083466
57,10,4,0.134649395942688
57,10,5,0.06245335191488266
57,10,6,0.06508878618478775
57,11,2,0.13355030119419098
57,11,3,0.06453258544206619
57,11,4,0.09674491733312607
57,11,5,0.08042434602975845
57,11,6,0.06742314994335175
58,0,2,0.10091422498226166
58,0,3,0.07913707941770554
58,0,4,0.08554685115814209
58,0,5,0.036491356790065765
58,0,6,0.04240437597036362
58,1,2,0.1225815936923027
58,1,3,0.05760205164551735
58,1,4,0.12930744886398315
58,1,5,0.053667470812797546
58,1,6,0.0750499963760376
58,2,2,0.16762296855449677
58,2,3,0.09160636365413666
58,2,4,0.10665300488471985
58,2,5,0.07303837686777115
58,2,6,0.05671578273177147
58,3,2,0.173526793718338
58,3,3,0.1335618495941162
58,3,4,0.10338956117630005
58,3,5,0.07397732883691788
58,3,6,0.05047844722867012
58,4,2,0.1684677004814148
58,4,3,0.10668386518955231
58,4,4,0.06504207104444504
58,4,5,0.045325763523578644
58,4,6,0.035230763256549835
58,5,2,0.14416123926639557
58,5,3,0.11843766272068024
58,5,4,0.07951043546199799
58,5,5,0.07720433920621872
58,5,6,0.04554722085595131
58,6,2,0.1432868093252182
58,6,3,0.14573931694030762
58,6,4,0.1075594574213028
58,6,5,0.07761198282241821
58,6,6,0.05733165144920349
58,7,2,0.26255521178245544
58,7,3,0.12377532571554184
58,7,4,0.16538164019584656
58,7,5,0.11122123897075653
58,7,6,0.09985087811946869
58,8,2,0.23052674531936646
58,8,3,0.09885953366756439
58,8,4,0.10382967442274094
58,8,5,0.06634752452373505
58,8,6,0.04605843499302864
58,9,2,0.1848076581954956
58,9,3,0.14996419847011566
58,9,4,0.11936822533607483
58,9,5,0.07593491673469543
58,9,6,0.07186802476644516
58,10,2,0.15373487770557404
58,10,3,0.13901838660240173
58,10,4,0.08599619567394257
58,10,5,0.14182190597057343
58,10,6,0.0620730035007
58,11,2,0.20113007724285126
58,11,3,0.1864309161901474
58,11,4,0.10720235854387283
58,11,5,0.08704546093940735
58,11,6,0.06404750049114227
59,0,2,0.1665010154247284
59,0,3,0.12933111190795898
59,0,4,0.09869109094142914
59,0,5,0.06071730703115463
59,0,6,0.04333628714084625
59,1,2,0.08933604508638382
59,1,3,0.07616521418094635
59,1,4,0.0681973397731781
59,1,5,0.06522522866725922
59,1,6,0.02896817773580551
59,2,2,0.09307944029569626
59,2,3,0.06252183020114899
59,2,4,0.03856306150555611
59,2,5,0.057858724147081375
59,2,6,0.01724073849618435
59,3,2,0.21180331707000732
59,3,3,0.15897293388843536
59,3,4,0.09172236919403076
59,3,5,0.11458306759595871
59,3,6,0.08248451352119446
59,4,2,0.11635493487119675
59,4,3,0.05707983300089836
59,4,4,0.03390458598732948
59,4,5,0.022461796179413795
59,4,6,0.015975505113601685
59,5,2,0.1393636018037796
59,5,3,0.13334761559963226
59,5,4,0.11961007863283157
59,5,5,0.07238803058862686
59,5,6,0.05414358898997307
59,6,2,0.1233430728316307
59,6,3,0.10344907641410828
59,6,4,0.07960531860589981
59,6,5,0.05229875072836876
59,6,6,0.04085155576467514
59,7,2,0.18771930038928986
59,7,3,0.1242397353053093
59,7,4,0.08140993863344193
59,7,5,0.08333516865968704
59,7,6,0.053344160318374634
59,8,2,0.13961324095726013
59,8,3,0.11714454740285873
59,8,4,0.06296087801456451
59,8,5,0.06047695130109787
59,8,6,0.04005439206957817
59,9,2,0.06233310326933861
59,9,3,0.049078308045864105
59,9,4,0.0291517972946167
59,9,5,0.019313065335154533
59,9,6,0.013736039400100708
59,10,2,0.16093525290489197
59,10,3,0.10176673531532288
59,10,4,0.07212246209383011
59,10,5,0.04474085941910744
59,10,6,0.03105909563601017
59,11,2,0.1705322116613388
59,11,3,0.1167755275964737
59,11,4,0.10499916225671768
59,11,5,0.05618178844451904
59,11,6,0.06416595727205276
60,0,2,0.16825783252716064
60,0,3,0.07832366973161697
60,0,4,0.0686957910656929
60,0,5,0.04607429355382919
60,0,6,0.032017048448324203
60,1,2,0.20443852245807648
60,1,3,0.136504665017128
60,1,4,0.08108176290988922
60,1,5,0.053716689348220825
60,1,6,0.038204923272132874
60,2,2,0.12503160536289215
60,2,3,0.09714807569980621
60,2,4,0.05770452693104744
60,2,5,0.06967273354530334
60,2,6,0.04955335333943367
60,3,2,0.12436690181493759
60,3,3,0.10099972039461136
60,3,4,0.05999235063791275
60,3,5,0.03974494710564613
60,3,6,0.05222807452082634
60,4,2,0.12298940867185593
60,4,3,0.06224723160266876
60,4,4,0.036973949521780014
60,4,5,0.024495240300893784
60,4,6,0.01742175966501236
60,5,2,0.1055387333035469
60,5,3,0.08198689669370651
60,5,4,0.056741613894701004
60,5,5,0.03759133443236351
60,5,6,0.04590875282883644
60,6,2,0.10966634750366211
60,6,3,0.05885828658938408
60,6,4,0.06131036579608917
60,6,5,0.04474262148141861
60,6,6,0.04188394919037819
60,7,2,0.12021481990814209
60,7,3,0.07607883214950562
60,7,4,0.048655085265636444
60,7,5,0.03217426687479019
60,7,6,0.022883310914039612
60,8,2,0.10450907796621323
60,8,3,0.08080370724201202
60,8,4,0.04524973779916763
60,8,5,0.034562282264232635
60,8,6,0.024581734091043472
60,9,2,0.10860852152109146
60,9,3,0.09841341525316238
60,9,4,0.05462430790066719
60,9,5,0.03577102720737457
60,9,6,0.02748873457312584
60,10,2,0.11449664831161499
60,10,3,0.10438735783100128
60,10,4,0.0660228356719017
60,10,5,0.04012351855635643
60,10,6,0.03794417902827263
60,11,2,0.07749703526496887
60,11,3,0.06845273077487946
60,11,4,0.08295513689517975
60,11,5,0.05300862342119217
60,11,6,0.03679857403039932
61,0,2,0.10489531606435776
61,0,3,0.057226501405239105
61,0,4,0.07279341667890549
61,0,5,0.0808904767036438
61,0,6,0.05373989790678024
61,1,2,0.13737118244171143
61,1,3,0.07941590994596481
61,1,4,0.05553695186972618
61,1,5,0.0729733407497406
61,1,6,0.07262495905160904
61,2,2,0.15873897075653076
61,2,3,0.08927641063928604
61,2,4,0.08985119313001633
61,2,5,0.0685230940580368
61,2,6,0.04458506032824516
61,3,2,0.11574336886405945
61,3,3,0.08422908186912537
61,3,4,0.05518249422311783
61,3,5,0.03491060808300972
61,3,6,0.02482948638498783
61,4,2,0.19147878885269165
61,4,3,0.08886308968067169
61,4,4,0.0780695378780365
61,4,5,0.05397358164191246
61,4,6,0.05724480748176575
61,5,2,0.11127867549657822
61,5,3,0.1038152426481247
61,5,4,0.05328425392508507
61,5,5,0.08302510529756546
61,5,6,0.0645136833190918
61,6,2,0.1478535383939743
61,6,3,0.07916289567947388
61,6,4,0.047487158328294754
61,6,5,0.05263720452785492
61,6,6,0.06417174637317657
61,7,2,0.12783968448638916
61,7,3,0.07925376296043396
61,7,4,0.14419537782669067
61,7,5,0.06242473050951958
61,7,6,0.07974227517843246
61,8,2,0.09998323768377304
61,8,3,0.06347035616636276
61,8,4,0.06278741359710693
61,8,5,0.05399085208773613
61,8,6,0.0420040488243103
61,9,2,0.11464808881282806
61,9,3,0.08537023514509201
61,9,4,0.04827115312218666
61,9,5,0.07888853549957275
61,9,6,0.055209338665008545
61,10,2,0.14191749691963196
61,10,3,0.07200997322797775
61,10,4,0.11642272770404816
61,10,5,0.09805134683847427
61,10,6,0.03850683942437172
61,11,2,0.16452926397323608
61,11,3,0.12184920907020569
61,11,4,0.08857648819684982
61,11,5,0.08229093998670578
61,11,6,0.05441947653889656
62,0,2,0.12026874721050262
62,0,3,0.10577969998121262
62,0,4,0.12323778122663498
62,0,5,0.08778604865074158
62,0,6,0.06985335052013397
62,1,2,0.10747285932302475
62,1,3,0.15576916933059692
62,1,4,0.08174785226583481
62,1,5,0.057071052491664886
62,1,6,0.04100102186203003
62,2,2,0.11873723566532135
62,2,3,0.10243328660726547
62,2,4,0.10143742710351944
62,2,5,0.05519501492381096
62,2,6,0.044788748025894165
62,3,2,0.10916892439126968
62,3,3,0.09738065302371979
62,3,4,0.11245720088481903
62,3,5,0.07994697988033295
62,3,6,0.07119839638471603
62,4,2,0.1366235315799713
62,4,3,0.14802765846252441
62,4,4,0.060940906405448914
62,4,5,0.04037335887551308
62,4,6,0.03655900061130524
62,5,2,0.18133312463760376
62,5,3,0.08670667558908463
62,5,4,0.05828629806637764
62,5,5,0.048504240810871124
62,5,6,0.03189454227685928
62,6,2,0.1642105132341385
62,6,3,0.10795862972736359
62,6,4,0.08788882941007614
62,6,5,0.10858949273824692
62,6,6,0.056594572961330414
62,7,2,0.12463384121656418
62,7,3,0.14153066277503967
62,7,4,0.06278099864721298
62,7,5,0.09976264089345932
62,7,6,0.08251041173934937
62,8,2,0.12305311858654022
62,8,3,0.1379500776529312
62,8,4,0.12165731191635132
62,8,5,0.08982750028371811
62,8,6,0.06361882388591766
62,9,2,0.13519594073295593
62,9,3,0.08897802978754044
62,9,4,0.11532856523990631
62,9,5,0.0874238833785057
62,9,6,0.054462745785713196
62,10,2,0.13392587006092072
62,10,3,0.09977222979068756
62,10,4,0.0908990204334259
62,10,5,0.10807199776172638
62,10,6,0.07903850823640823
62,11,2,0.183400958776474
62,11,3,0.09790419787168503
62,11,4,0.1072203516960144
62,11,5,0.09759851545095444
62,11,6,0.07434287667274475
63,0,2,0.24822422862052917
63,0,3,0.16102232038974762
63,0,4,0.0900908038020134
63,0,5,0.05756833404302597
63,0,6,0.03996393084526062
63,1,2,0.16963186860084534
63,1,3,0.16060219705104828
63,1,4,0.08985574543476105
63,1,5,0.057418134063482285
63,1,6,0.03985965996980667
63,2,2,0.17305031418800354
63,2,3,0.11416857689619064
63,2,4,0.07802795618772507
63,2,5,0.05169354006648064
63,2,6,0.03676600381731987
63,3,2,0.19986054301261902
63,3,3,0.1373136192560196
63,3,4,0.07682596147060394
63,3,5,0.04909205064177513
63,3,6,0.034079693257808685
63,4,2,0.18114519119262695
63,4,3,0.0888637825846672
63,4,4,0.05278376117348671
63,4,5,0.05797755345702171
63,4,6,0.028299154713749886
63,5,2,0.12458830326795578
63,5,3,0.09658097475767136
63,5,4,0.0634528174996376
63,5,5,0.04203750193119049
63,5,6,0.029898332431912422
63,6,2,0.2099159061908722
63,6,3,0.20480525493621826
63,6,4,0.152099609375
63,6,5,0.093083456158638
63,6,6,0.07896998524665833
63,7,2,0.15783652663230896
63,7,3,0.12325341999530792
63,7,4,0.06895938515663147
63,7,5,0.04406528174877167
63,7,6,0.030590109527111053
63,8,2,0.16789323091506958
63,8,3,0.11298230290412903
63,8,4,0.06710982322692871
63,8,5,0.044460274279117584
63,8,6,0.03162148967385292
63,9,2,0.1622753143310547
63,9,3,0.08988232165575027
63,9,4,0.07233867794275284
63,9,5,0.06992699205875397
63,9,6,0.04973417893052101
63,10,2,0.18886129558086395
63,10,3,0.15223070979118347
63,10,4,0.08794613182544708
63,10,5,0.03828294947743416
63,10,6,0.046938396990299225
63,11,2,0.2141493558883667
63,11,3,0.1463206559419632
63,11,4,0.08470017462968826
63,11,5,0.05443079397082329
63,11,6,0.0377858504652977
64,0,2,0.17341114580631256
64,0,3,0.07158619165420532
64,0,4,0.11604414880275726
64,0,5,0.059816643595695496
64,0,6,0.04853324219584465
64,1,2,0.1895337998867035
64,1,3,0.15120495855808258
64,1,4,0.08835256099700928
64,1,5,0.07199330627918243
64,1,6,0.07629912346601486
64,2,2,0.09082603454589844
64,2,3,0.10576186329126358
64,2,4,0.06128455698490143
64,2,5,0.040601033717393875
64,2,6,0.0640057772397995
64,3,2,0.19407795369625092
64,3,3,0.09520815312862396
64,3,4,0.07908759266138077
64,3,5,0.09650517255067825
64,3,6,0.08196165412664413
64,4,2,0.13090597093105316
64,4,3,0.07199034094810486
64,4,4,0.0707608237862587
64,4,5,0.04111851006746292
64,4,6,0.02924472652375698
64,5,2,0.10547889024019241
64,5,3,0.10743346065282822
64,5,4,0.08832622319459915
64,5,5,0.05387434363365173
64,5,6,0.04342416301369667
64,6,2,0.12226198613643646
64,6,3,0.1089380532503128
64,6,4,0.06751953065395355
64,6,5,0.07992373406887054
64,6,6,0.035949286073446274
64,7,2,0.16445095837116241
64,7,3,0.13519419729709625
64,7,4,0.0803033635020256
64,7,5,0.060844678431749344
64,7,6,0.04169797897338867
64,8,2,0.1462225615978241
64,8,3,0.07176990807056427
64,8,4,0.04993051290512085
64,8,5,0.04222214221954346
64,8,6,0.04098047316074371
64,9,2,0.14460943639278412
64,9,3,0.09351611882448196
64,9,4,0.06840124726295471
64,9,5,0.08311375230550766
64,9,6,0.054668668657541275
64,10,2,0.230443075299263
64,10,3,0.10526353865861893
64,10,4,0.0650990754365921
64,10,5,0.06898520886898041
64,10,6,0.06093680113554001
64,11,2,0.1958061158657074
64,11,3,0.1294582188129425
64,11,4,0.06721699982881546
64,11,5,0.07232893258333206
64,11,6,0.08155868202447891
65,0,2,0.15764258801937103
65,0,3,0.12338271737098694
65,0,4,0.07496284693479538
65,0,5,0.06938817352056503
65,0,6,0.060536690056324005
65,1,2,0.15052999556064606
65,1,3,0.12026891857385635
65,1,4,0.08391964435577393
65,1,5,0.06982504576444626
65,1,6,0.06446705013513565
65,2,2,0.10921754688024521
65,2,3,0.10787922143936157
65,2,4,0.07072073221206665
65,2,5,0.05952912196516991
65,2,6,0.04387615621089935
65,3,2,0.15826167166233063
65,3,3,0.08876670897006989
65,3,4,0.07263142615556717
65,3,5,0.04811834543943405
65,3,6,0.03422321006655693
65,4,2,0.1519642472267151
65,4,3,0.09828409552574158
65,4,4,0.05837930366396904
65,4,5,0.03867629915475845
65,4,6,0.02750774845480919
65,5,2,0.15862548351287842
65,5,3,0.11323701590299606
65,5,4,0.0668211504817009
65,5,5,0.07772164046764374
65,5,6,0.05527797341346741
65,6,2,0.1728171855211258
65,6,3,0.08662617951631546
65,6,4,0.05145467817783356
65,6,5,0.034088730812072754
65,6,6,0.024244938045740128
65,7,2,0.18041086196899414
65,7,3,0.08827216923236847
65,7,4,0.0736086368560791
65,7,5,0.05882886424660683
65,7,6,0.040951699018478394
65,8,2,0.1387910693883896
65,8,3,0.0886942595243454
65,8,4,0.08646570891141891
65,8,5,0.05728355422616005
65,8,6,0.04074178263545036
65,9,2,0.1813270002603531
65,9,3,0.1059749498963356
65,9,4,0.08931175619363785
65,9,5,0.07668323814868927
65,9,6,0.05453943833708763
65,10,2,0.12520919740200043
65,10,3,0.1150803193449974
65,10,4,0.09251619130373001
65,10,5,0.08334686607122421
65,10,6,0.06311574578285217
65,11,2,0.2004227638244629
65,11,3,0.10049379616975784
65,11,4,0.054513342678546906
65,11,5,0.07337905466556549
65,11,6,0.06099754199385643
66,0,2,0.19283998012542725
66,0,3,0.13901405036449432
66,0,4,0.08062999695539474
66,0,5,0.08975228667259216
66,0,6,0.06724033504724503
66,1,2,0.20394976437091827
66,1,3,0.07494915276765823
66,1,4,0.07177280634641647
66,1,5,0.06427662074565887
66,1,6,0.027347980067133904
66,2,2,0.15485718846321106
66,2,3,0.09981389343738556
66,2,4,0.05678429827094078
66,2,5,0.046501923352479935
66,2,6,0.04297365993261337
66,3,2,0.16654811799526215
66,3,3,0.1257946491241455
66,3,4,0.09609055519104004
66,3,5,0.08338097482919693
66,3,6,0.03498535975813866
66,4,2,0.15993647277355194
66,4,3,0.0784594789147377
66,4,4,0.04660378023982048
66,4,5,0.030875012278556824
66,4,6,0.06704803556203842
66,5,2,0.09197765588760376
66,5,3,0.07385105639696121
66,5,4,0.039414677768945694
66,5,5,0.058766212314367294
66,5,6,0.04179629683494568
66,6,2,0.09813347458839417
66,6,3,0.05408768728375435
66,6,4,0.05187999829649925
66,6,5,0.034370504319667816
66,6,6,0.024445347487926483
66,7,2,0.07761061191558838
66,7,3,0.08851473778486252
66,7,4,0.11384404450654984
66,7,5,0.05869187414646149
66,7,6,0.1008598580956459
66,8,2,0.15948626399040222
66,8,3,0.08585920929908752
66,8,4,0.05099910497665405
66,8,5,0.03828052803874016
66,8,6,0.03574957326054573
66,9,2,0.1212090477347374
66,9,3,0.09784124791622162
66,9,4,0.04838323965668678
66,9,5,0.0636804848909378
66,9,6,0.042345672845840454
66,10,2,0.16054986417293549
66,10,3,0.05624115839600563
66,10,4,0.07139506936073303
66,10,5,0.06658343225717545
66,10,6,0.044207263737916946
66,11,2,0.17985989153385162
66,11,3,0.1333330273628235
66,11,4,0.08095473796129227
66,11,5,0.053755320608615875
66,11,6,0.06334665417671204
67,0,2,0.13456469774246216
67,0,3,0.11325350403785706
67,0,4,0.0672709122300148
67,0,5,0.04674314707517624
67,0,6,0.05429791659116745
67,1,2,0.129690021276474
67,1,3,0.15892094373703003
67,1,4,0.07929237931966782
67,1,5,0.05253121629357338
67,1,6,0.03738371282815933
67,2,2,0.25345849990844727
67,2,3,0.12361928075551987
67,2,4,0.06931429356336594
67,2,5,0.06175331398844719
67,2,6,0.05921138823032379
67,3,2,0.23397378623485565
67,3,3,0.12268862128257751
67,3,4,0.08316603302955627
67,3,5,0.05509752407670021
67,3,6,0.03918701782822609
67,4,2,0.1370820254087448
67,4,3,0.06724786013364792
67,4,4,0.03994423896074295
67,4,5,0.06526549905538559
67,4,6,0.04641878977417946
67,5,2,0.14815497398376465
67,5,3,0.08945921063423157
67,5,4,0.050051767379045486
67,5,5,0.03198325261473656
67,5,6,0.022202767431735992
67,6,2,0.19004426896572113
67,6,3,0.13814008235931396
67,6,4,0.11772013455629349
67,6,5,0.06847915053367615
67,6,6,0.10104605555534363
67,7,2,0.18934671580791473
67,7,3,0.11124172061681747
67,7,4,0.0773347020149231
67,7,5,0.051234256476163864
67,7,6,0.03643934801220894
67,8,2,0.20644555985927582
67,8,3,0.10127529501914978
67,8,4,0.06015602871775627
67,8,5,0.03985338658094406
67,8,6,0.028344929218292236
67,9,2,0.20372919738292694
67,9,3,0.11061490327119827
67,9,4,0.0764591172337532
67,9,5,0.06645630300045013
67,9,6,0.06591444462537766
67,10,2,0.18681497871875763
67,10,3,0.16052237153053284
67,10,4,0.08947307616472244
67,10,5,0.05717360973358154
67,10,6,0.03968990966677666
67,11,2,0.18797078728675842
67,11,3,0.1281798928976059
67,11,4,0.08012603968381882
67,11,5,0.050699930638074875
67,11,6,0.03519587963819504
68,0,2,0.15125033259391785
68,0,3,0.07386425137519836
68,0,4,0.05867290496826172
68,0,5,0.03887081518769264
68,0,6,0.03552839532494545
68,1,2,0.16207486391067505
68,1,3,0.11060959845781326
68,1,4,0.0657004788517952
68,1,5,0.043526578694581985
68,1,6,0.0309574156999588
68,2,2,0.1041179969906807
68,2,3,0.06692866235971451
68,2,4,0.03975464403629303
68,2,5,0.026337459683418274
68,2,6,0.018731996417045593
68,3,2,0.25407394766807556
68,3,3,0.12464017421007156
68,3,4,0.09323063492774963
68,3,5,0.061765316873788834
68,3,6,0.04392935708165169
68,4,2,0.16267359256744385
68,4,3,0.05436262860894203
68,4,4,0.07360898703336716
68,4,5,0.04703639820218086
68,4,6,0.032652661204338074
68,5,2,0.1863061785697937
68,5,3,0.08496512472629547
68,5,4,0.0778069868683815
68,5,5,0.0492447204887867
68,5,6,0.034185681492090225
68,6,2,0.23830793797969818
68,6,3,0.10409285873174667
68,6,4,0.05823919177055359
68,6,5,0.03721504658460617
68,6,6,0.02583467774093151
68,7,2,0.1423369199037552
68,7,3,0.08119147270917892
68,7,4,0.048226550221443176
68,7,5,0.03195010498166084
68,7,6,0.032541677355766296
68,8,2,0.11891330033540726
68,8,3,0.06583638489246368
68,8,4,0.07591557502746582
68,8,5,0.042613159865140915
68,8,6,0.030307764187455177
68,9,2,0.127498060464859
68,9,3,0.06254628300666809
68,9,4,0.06573965400457382
68,9,5,0.03280048817396164
68,9,6,0.023328689858317375
68,10,2,0.1760576218366623
68,10,3,0.08508304506540298
68,10,4,0.07270940393209457
68,10,5,0.046461571007966995
68,10,6,0.04220079630613327
68,11,2,0.11728645861148834
68,11,3,0.1091151311993599
68,11,4,0.07579223811626434
68,11,5,0.05308961868286133
68,11,6,0.03775893151760101
69,0,2,0.1623174250125885
69,0,3,0.09767250716686249
69,0,4,0.07947082817554474
69,0,5,0.052649445831775665
69,0,6,0.037445876747369766
69,1,2,0.1606263667345047
69,1,3,0.13473950326442719
69,1,4,0.07557082921266556
69,1,5,0.0893830731511116
69,1,6,0.09005527198314667
69,2,2,0.19876877963542938
69,2,3,0.10881401598453522
69,2,4,0.06763854622840881
69,2,5,0.043221257627010345
69,2,6,0.030004192143678665
69,3,2,0.16178187727928162
69,3,3,0.1167210191488266
69,3,4,0.10770504176616669
69,3,5,0.08930621296167374
69,3,6,0.05490032956004143
69,4,2,0.14650125801563263
69,4,3,0.07248697429895401
69,4,4,0.06757060438394547
69,4,5,0.04476553574204445
69,4,6,0.03183860331773758
69,5,2,0.2255200296640396
69,5,3,0.11720310151576996
69,5,4,0.10836371034383774
69,5,5,0.07546091079711914
69,5,6,0.05981839448213577
69,6,2,0.1341438889503479
69,6,3,0.10478204488754272
69,6,4,0.10915545374155045
69,6,5,0.0735725685954094
69,6,6,0.06973385810852051
69,7,2,0.16676674783229828
69,7,3,0.08181019127368927
69,7,4,0.048594046384096146
69,7,5,0.03219356760382652
69,7,6,0.0688755065202713
69,8,2,0.1292181760072708
69,8,3,0.12673242390155792
69,8,4,0.08483461290597916
69,8,5,0.06967910379171371
69,8,6,0.05894630029797554
69,9,2,0.11470183730125427
69,9,3,0.1059911847114563
69,9,4,0.10519442707300186
69,9,5,0.09595797955989838
69,9,6,0.06661400943994522
69,10,2,0.16409239172935486
69,10,3,0.1091468557715416
69,10,4,0.0690370723605156
69,10,5,0.045737072825431824
69,10,6,0.06222337856888771
69,11,2,0.10539271682500839
69,11,3,0.1191939041018486
69,11,4,0.07545244693756104
69,11,5,0.0965903103351593
69,11,6,0.06735280156135559
70,0,2,0.16962146759033203
70,0,3,0.11576719582080841
70,0,4,0.08019283413887024
70,0,5,0.05312776938080788
70,0,6,0.03778607025742531
70,1,2,0.10210233926773071
70,1,3,0.16283664107322693
70,1,4,0.0967225655913353
70,1,5,0.06407872587442398
70,1,6,0.045574720948934555
70,2,2,0.1428363174200058
70,2,3,0.07226253300905228
70,2,4,0.07096768915653229
70,2,5,0.047016117721796036
70,2,6,0.0334392748773098
70,3,2,0.2003270536661148
70,3,3,0.10875603556632996
70,3,4,0.06459948420524597
70,3,5,0.04279717430472374
70,3,6,0.05026423931121826
70,4,2,0.1462019830942154
70,4,3,0.07172179967164993
70,4,4,0.06884386390447617
70,4,5,0.04560907557606697
70,4,6,0.03243854641914368
70,5,2,0.12003516405820847
70,5,3,0.10483825951814651
70,5,4,0.058930784463882446
70,5,5,0.052782852202653885
70,5,6,0.03754076361656189
70,6,2,0.16621790826320648
70,6,3,0.08154094964265823
70,6,4,0.048434123396873474
70,6,5,0.032087620347738266
70,6,6,0.022821681573987007
70,7,2,0.14962303638458252
70,7,3,0.08467722684144974
70,7,4,0.05895885452628136
70,7,5,0.039060257375240326
70,7,6,0.02778082899749279
70,8,2,0.1548602283000946
70,8,3,0.07596924901008606
70,8,4,0.0763985887169838
70,8,5,0.05061408132314682
70,8,6,0.035998258739709854
70,9,2,0.14573879539966583
70,9,3,0.0987178385257721
70,9,4,0.072694793343544
70,9,5,0.055292993783950806
70,9,6,0.03932603821158409
70,10,2,0.08899209648370743
70,10,3,0.043656542897224426
70,10,4,0.02593134343624115
70,10,5,0.06392297148704529
70,10,6,0.04546394944190979
70,11,2,0.1259232610464096
70,11,3,0.061773739755153656
70,11,4,0.08918185532093048
70,11,5,0.059083014726638794
70,11,6,0.04202160984277725
71,0,2,0.14162297546863556
71,0,3,0.08977334946393967
71,0,4,0.05470133572816849
71,0,5,0.054069627076387405
71,0,6,0.037976328283548355
71,1,2,0.15499310195446014
71,1,3,0.10293901711702347
71,1,4,0.06907077133655548
71,1,5,0.0643189325928688
71,1,6,0.04574555531144142
71,2,2,0.14771625399589539
71,2,3,0.09084826707839966
71,2,4,0.05396253615617752
71,2,5,0.047623202204704285
71,2,6,0.02894708886742592
71,3,2,0.13002368807792664
71,3,3,0.12493596225976944
71,3,4,0.09793677181005478
71,3,5,0.08551899343729019
71,3,6,0.054829444736242294
71,4,2,0.08594991266727448
71,4,3,0.05179538205265999
71,4,4,0.04960022494196892
71,4,5,0.032860156148672104
71,4,6,0.02337113581597805
71,5,2,0.16212771832942963
71,5,3,0.09380156546831131
71,5,4,0.053782619535923004
71,5,5,0.043752603232860565
71,5,6,0.03111817128956318
71,6,2,0.1956639140844345
71,6,3,0.11525788903236389
71,6,4,0.06846148520708084
71,6,5,0.08095881342887878
71,6,6,0.05758034437894821
71,7,2,0.11485650390386581
71,7,3,0.08409344404935837
71,7,4,0.055833850055933
71,7,5,0.049192462116479874
71,7,6,0.034987159073352814
71,8,2,0.16260161995887756
71,8,3,0.11076535284519196
71,8,4,0.06088673695921898
71,8,5,0.05256893113255501
71,8,6,0.04173094034194946
71,9,2,0.14368964731693268
71,9,3,0.07570303976535797
71,9,4,0.10396846383810043
71,9,5,0.07084695249795914
71,9,6,0.04981127753853798
71,10,2,0.14210893213748932
71,10,3,0.11838015913963318
71,10,4,0.0872337594628334
71,10,5,0.0663023367524147
71,10,6,0.05692201480269432
71,11,2,0.13662029802799225
71,11,3,0.08239640295505524
71,11,4,0.0708107054233551
71,11,5,0.06445354223251343
71,11,6,0.029449062421917915
72,0,2,0.18333126604557037
72,0,3,0.08993618935346603
72,0,4,0.053420767188072205
72,0,5,0.035391271114349365
72,0,6,0.025171341374516487
72,1,2,0.16863596439361572
72,1,3,0.1538482904434204
72,1,4,0.08607698976993561
72,1,5,0.05500349402427673
72,1,6,0.03818341717123985
72,2,2,0.19543923437595367
72,2,3,0.09587596356868744
72,2,4,0.05694890394806862
72,2,5,0.03772866353392601
72,2,6,0.02683376520872116
72,3,2,0.18417030572891235
72,3,3,0.13593247532844543
72,3,4,0.08340632170438766
72,3,5,0.05525670945644379
72,3,6,0.050901610404253006
72,4,2,0.14995473623275757
72,4,3,0.06750575453042984
72,4,4,0.040097422897815704
72,4,5,0.026564547792077065
72,4,6,0.018893511965870857
72,5,2,0.16649098694324493
72,5,3,0.08568070083856583
72,5,4,0.058962102979421616
72,5,5,0.039062414318323135
72,5,6,0.027782360091805458
72,6,2,0.17731140553951263
72,6,3,0.08698303997516632
72,6,4,0.05166664719581604
72,6,5,0.03422916680574417
72,6,6,0.02434481307864189
72,7,2,0.13300721347332
72,7,3,0.10473677515983582
72,7,4,0.06221209093928337
72,7,5,0.041215527802705765
72,7,6,0.029313724488019943
72,8,2,0.18440277874469757
72,8,3,0.09046182036399841
72,8,4,0.05373299494385719
72,8,5,0.03559812158346176
72,8,6,0.025318456813693047
72,9,2,0.21220120787620544
72,9,3,0.14341159164905548
72,9,4,0.08518436551094055
72,9,5,0.056434664875268936
72,9,6,0.04013803228735924
72,10,2,0.1791503131389618
72,10,3,0.09304380416870117
72,10,4,0.05177609249949455
72,10,5,0.03430166840553284
72,10,6,0.03782322630286217
72,11,2,0.1657932996749878
72,11,3,0.06985561549663544
72,11,4,0.041493210941553116
72,11,5,0.027489259839057922
72,11,6,0.019551189616322517
73,0,2,0.11291160434484482
73,0,3,0.0999944657087326
73,0,4,0.055946167558431625
73,0,5,0.053748052567243576
73,0,6,0.059297386556863785
73,1,2,0.10261193662881851
73,1,3,0.08715642243623734
73,1,4,0.06658076494932175
73,1,5,0.03541422262787819
73,1,6,0.03633624315261841
73,2,2,0.18501166999340057
73,2,3,0.09076053649187088
73,2,4,0.05391041934490204
73,2,5,0.03571566939353943
73,2,6,0.02540205605328083
73,3,2,0.1499502956867218
73,3,3,0.08825026452541351
73,3,4,0.08023490011692047
73,3,5,0.05127038061618805
73,3,6,0.03692171350121498
73,4,2,0.0963503047823906
73,4,3,0.11373192071914673
73,4,4,0.06631522625684738
73,4,5,0.04393384978175163
73,4,6,0.031247077509760857
73,5,2,0.103202685713768
73,5,3,0.08850212395191193
73,5,4,0.07908445596694946
73,5,5,0.05239347368478775
73,5,6,0.024240750819444656
73,6,2,0.14769013226032257
73,6,3,0.12072788178920746
73,6,4,0.07171057909727097
73,6,5,0.047508276998996735
73,6,6,0.033789318054914474
73,7,2,0.1195511519908905
73,7,3,0.10499846190214157
73,7,4,0.06236753985285759
73,7,5,0.041318509727716446
73,7,6,0.029386967420578003
73,8,2,0.17934852838516235
73,8,3,0.08798238635063171
73,8,4,0.05226024240255356
73,8,5,0.034622423350811005
73,8,6,0.024624507874250412
73,9,2,0.12104345858097076
73,9,3,0.10026796162128448
73,9,4,0.056416064500808716
73,9,5,0.022924432530999184
73,9,6,0.04733625426888466
73,10,2,0.17584970593452454
73,10,3,0.11215399950742722
73,10,4,0.043903037905693054
73,10,5,0.050645072013139725
73,10,6,0.03515779972076416
73,11,2,0.12592719495296478
73,11,3,0.1275756061077118
73,11,4,0.0757780373096466
73,11,5,0.05020296573638916
73,11,6,0.03570586070418358
74,0,2,0.13877198100090027
74,0,3,0.12962530553340912
74,0,4,0.08761679381132126
74,0,5,0.055987436324357986
74,0,6,0.038866471499204636
74,1,2,0.1980334371328354
74,1,3,0.1487434059381485
74,1,4,0.10347999632358551
74,1,5,0.0661240816116333
74,1,6,0.04590332880616188
74,2,2,0.15722985565662384
74,2,3,0.10697468370199203
74,2,4,0.07460004091262817
74,2,5,0.04942254349589348
74,2,6,0.03515080362558365
74,3,2,0.15225359797477722
74,3,3,0.1320861279964447
74,3,4,0.14382237195968628
74,3,5,0.09528236091136932
74,3,6,0.0677676722407341
74,4,2,0.13309451937675476
74,4,3,0.07833316922187805
74,4,4,0.05776016786694527
74,4,5,0.03491038456559181
74,4,6,0.0248293187469244
74,5,2,0.23254764080047607
74,5,3,0.14277367293834686
74,5,4,0.10477247834205627
74,5,5,0.08342111855745316
74,5,6,0.059331610798835754
74,6,2,0.18560081720352173
74,6,3,0.08956539630889893
74,6,4,0.053200531750917435
74,6,5,0.052866317331790924
74,6,6,0.0532059408724308
74,7,2,0.19671817123889923
74,7,3,0.0965033546090126
74,7,4,0.05732157453894615
74,7,5,0.037975553423166275
74,7,6,0.02700936235487461
74,8,2,0.12515108287334442
74,8,3,0.06139494106173515
74,8,4,0.03646769002079964
74,8,5,0.024159852415323257
74,8,6,0.0171832162886858
74,9,2,0.11703205853700638
74,9,3,0.11311356723308563
74,9,4,0.0632862001657486
74,9,5,0.1366148442029953
74,9,6,0.09483800828456879
74,10,2,0.24464483559131622
74,10,3,0.1420966386795044
74,10,4,0.08440331369638443
74,10,5,0.05591721087694168
74,10,6,0.04953708499670029
74,11,2,0.181961327791214
74,11,3,0.20988817512989044
74,11,4,0.13022662699222565
74,11,5,0.08627517521381378
74,11,6,0.06136149540543556
75,0,2,0.14533255994319916
75,0,3,0.11871686577796936
75,0,4,0.07966743409633636
75,0,5,0.0562845841050148
75,0,6,0.04983149468898773
75,1,2,0.15145669877529144
75,1,3,0.07149855047464371
75,1,4,0.07010334730148315
75,1,5,0.05815761908888817
75,1,6,0.05178966000676155
75,2,2,0.1492297500371933
75,2,3,0.07320712506771088
75,2,4,0.04348394647240639
75,2,5,0.02880812995135784
75,2,6,0.02048921026289463
75,3,2,0.11675828695297241
75,3,3,0.1189221441745758
75,3,4,0.070638008415699
75,3,5,0.046797700226306915
75,3,6,0.03328393027186394
75,4,2,0.18291257321834564
75,4,3,0.09108100831508636
75,4,4,0.07694908231496811
75,4,5,0.05097878351807594
75,4,6,0.03625765070319176
75,5,2,0.09968093037605286
75,5,3,0.11603275686502457
75,5,4,0.06491947174072266
75,5,5,0.05123231187462807
75,5,6,0.035565465688705444
75,6,2,0.15729071199893951
75,6,3,0.07502446323633194
75,6,4,0.052817847579717636
75,6,5,0.041896920651197433
75,6,6,0.029406201094388962
75,7,2,0.21697814762592316
75,7,3,0.11216901987791061
75,7,4,0.0390937477350235
75,7,5,0.04630633443593979
75,7,6,0.04259756952524185
75,8,2,0.056149885058403015
75,8,3,0.05644049867987633
75,8,4,0.04314407333731651
75,8,5,0.05252615734934807
75,8,6,0.02472168207168579
75,9,2,0.16133630275726318
75,9,3,0.07531290501356125
75,9,4,0.07652471959590912
75,9,5,0.056720223277807236
75,9,6,0.06811586767435074
75,10,2,0.15799160301685333
75,10,3,0.11885685473680496
75,10,4,0.06649953871965408
75,10,5,0.04249343276023865
75,10,6,0.029498936608433723
75,11,2,0.09515377134084702
75,11,3,0.11183738708496094
75,11,4,0.06839432567358017
75,11,5,0.06662975251674652
75,11,6,0.04497741907835007
76,0,2,0.12072532624006271
76,0,3,0.12473050504922867
76,0,4,0.12348774820566177
76,0,5,0.08181066066026688
76,0,6,0.058186206966638565
76,1,2,0.15227289497852325
76,1,3,0.07469999045133591
76,1,4,0.04317155480384827
76,1,5,0.028601165860891342
76,1,6,0.020342009142041206
76,2,2,0.13887129724025726
76,2,3,0.08491715043783188
76,2,4,0.050439536571502686
76,2,5,0.03341621160507202
76,2,6,0.023766610771417618
76,3,2,0.14159557223320007
76,3,3,0.11343257874250412
76,3,4,0.09015443921089172
76,3,5,0.05760899558663368
76,3,6,0.039992161095142365
76,4,2,0.2123013287782669
76,4,3,0.09236450493335724
76,4,4,0.08480656147003174
76,4,5,0.05419169366359711
76,4,6,0.03761986643075943
76,5,2,0.11522873491048813
76,5,3,0.10216999053955078
76,5,4,0.06907300651073456
76,5,5,0.045760877430438995
76,5,6,0.04664342850446701
76,6,2,0.1378057301044464
76,6,3,0.08563416451215744
76,6,4,0.0706838071346283
76,6,5,0.04682803899049759
76,6,6,0.03330551087856293
76,7,3,0.13548065721988678
76,7,4,0.0741177648305893
76,7,5,0.08280140161514282
76,7,6,0.06270167231559753
76,8,2,0.22463418543338776
76,8,3,0.12233798205852509
76,8,4,0.06844720244407654
76,8,5,0.04373799264431
76,8,6,0.030362915247678757
76,9,3,0.16674259305000305
76,9,4,0.07935081422328949
76,9,5,0.1086241751909256
76,9,6,0.060879383236169815
76,10,3,0.13877834379673004
76,10,4,0.07880298793315887
76,10,5,0.06932903081178665
76,10,6,0.04430149123072624
76,11,2,0.16570809483528137
76,11,3,0.09680669009685516
76,11,4,0.042878683656454086
76,11,5,0.06240816414356232
76,11,6,0.04699953272938728
77,0,2,0.11467870324850082
77,0,3,0.08070920407772064
77,0,4,0.057359546422958374
77,0,5,0.03877117857336998
77,0,6,0.0304708294570446
77,1,2,0.17694750428199768
77,1,3,0.08515782654285431
77,1,4,0.08073440939188004
77,1,5,0.05697184056043625
77,1,6,0.04457734525203705
77,2,2,0.1138337031006813
77,2,3,0.1138196811079979
77,2,4,0.08834303915500641
77,2,5,0.05852728337049484
77,2,6,0.04162636771798134
77,3,2,0.1955253928899765
77,3,3,0.14497053623199463
77,3,4,0.10216454416513443
77,3,5,0.06528349220752716
77,3,6,0.045319799333810806
77,4,2,0.10226278007030487
77,4,3,0.11388272047042847
77,4,4,0.08382444083690643
77,4,5,0.05411863699555397
77,4,6,0.045487627387046814
77,5,2,0.1582748293876648
77,5,3,0.11464115232229233
77,5,4,0.07339602708816528
77,5,5,0.06138784438371658
77,5,6,0.04233618453145027
77,6,2,0.11155697703361511
77,6,3,0.07540114223957062
77,6,4,0.08855274319648743
77,6,5,0.049326151609420776
77,6,6,0.06201754882931709
77,7,2,0.15136411786079407
77,7,3,0.10177931189537048
77,7,4,0.07455191016197205
77,7,5,0.06995495408773422
77,7,6,0.05086955428123474
77,8,2,0.15237469971179962
77,8,3,0.09201216697692871
77,8,4,0.054653868079185486
77,8,5,0.03620820492506027
77,8,6,0.025752361863851547
77,9,2,0.1558280885219574
77,9,3,0.08157198131084442
77,9,4,0.06772454082965851
77,9,5,0.0732240304350853
77,9,6,0.058819931000471115
77,10,2,0.10797089338302612
77,10,3,0.08811797946691513
77,10,4,0.11953000724315643
77,10,5,0.06939997524023056
77,10,6,0.04533950984477997
77,11,2,0.15804341435432434
77,11,3,0.10894185304641724
77,11,4,0.08843109756708145
77,11,5,0.0770644024014473
77,11,6,0.054810527712106705
78,0,2,0.09604652971029282
78,0,3,0.08617991209030151
78,0,4,0.05689443275332451
78,0,5,0.030167993158102036
78,0,6,0.02915167063474655
78,1,2,0.12285280227661133
78,1,3,0.06834021955728531
78,1,4,0.039995260536670685
78,1,5,0.03718714043498039
78,1,6,0.04696500673890114
78,2,2,0.19250258803367615
78,2,3,0.09278576821088791
78,2,4,0.09781284630298615
78,2,5,0.06480105221271515
78,2,6,0.04611949250102043
78,3,2,0.07178369164466858
78,3,3,0.061202552169561386
78,3,4,0.024228669703006744
78,3,5,0.06449317932128906
78,3,6,0.03598000109195709
78,4,2,0.08416113257408142
78,4,3,0.041286636143922806
78,4,4,0.02452365681529045
78,4,5,0.01624692603945732
78,4,6,0.011555303819477558
78,5,2,0.13502909243106842
78,5,3,0.10752417147159576
78,5,4,0.03724091500043869
78,5,5,0.06386163085699081
78,5,6,0.044332731515169144
78,6,2,0.18744471669197083
78,6,3,0.09936784207820892
78,6,4,0.08003726601600647
78,6,5,0.05968581885099411
78,6,6,0.04143388569355011
78,7,2,0.09891320765018463
78,7,3,0.07502167671918869
78,7,4,0.04456176608800888
78,7,5,0.06904467195272446
78,7,6,0.038907796144485474
78,8,2,0.10494514554738998
78,8,3,0.07486096024513245
78,8,4,0.04145718365907669
78,8,5,0.04532768204808235
78,8,6,0.020971640944480896
78,9,2,0.09420637041330338
78,9,3,0.053657688200473785
78,9,4,0.03187187761068344
78,9,5,0.021115122362971306
78,9,6,0.015017714351415634
78,10,2,0.0926346704363823
78,10,3,0.060741737484931946
78,10,4,0.07841652631759644
78,10,5,0.06381472945213318
78,10,6,0.03510637208819389
78,11,2,0.1367422640323639
78,11,3,0.06708117574453354
78,11,4,0.049238353967666626
78,11,5,0.022049520164728165
78,11,6,0.06268756836652756
79,0,2,0.12886284291744232
79,0,3,0.11014902591705322
79,0,4,0.07940448075532913
79,0,5,0.06079994887113571
79,0,6,0.03880073502659798
79,1,2,0.09019367396831512
79,1,3,0.12799996137619019
79,1,4,0.051796313375234604
79,1,5,0.05541509762406349
79,1,6,0.05430947616696358
79,2,2,0.12276683747768402
79,2,3,0.10231246799230576
79,2,4,0.0736285001039505
79,2,5,0.05715738981962204
79,2,6,0.04142424836754799
79,3,2,0.1413152664899826
79,3,3,0.07866312563419342
79,3,4,0.06654078513383865
79,3,5,0.04540029540657997
79,3,6,0.04609762132167816
79,4,2,0.09144642949104309
79,4,3,0.0421174019575119
79,4,4,0.025017116218805313
79,4,5,0.016573848202824593
79,4,6,0.05967159941792488
79,5,2,0.1697893589735031
79,5,3,0.09795747697353363
79,5,4,0.05928219482302666
79,5,5,0.059878114610910416
79,5,6,0.04708794876933098
79,6,2,0.22138522565364838
79,6,3,0.0778043270111084
79,6,4,0.09089633077383041
79,6,5,0.08703701198101044
79,6,6,0.06042107939720154
79,7,2,0.17278119921684265
79,7,3,0.0827372595667839
79,7,4,0.050512053072452545
79,7,5,0.06265626847743988
79,7,6,0.04845750331878662
79,8,2,0.08551248162984848
79,8,3,0.08693911880254745
79,8,4,0.04942250996828079
79,8,5,0.059749536216259
79,8,6,0.03254471719264984
79,9,2,0.16694484651088715
79,9,3,0.08633332699537277
79,9,4,0.051280733197927475
79,9,5,0.03397349640727043
79,9,6,0.02416297234594822
79,10,2,0.15910978615283966
79,10,3,0.06394467502832413
79,10,4,0.0664314478635788
79,10,5,0.0629783496260643
79,10,6,0.04263831302523613
79,11,2,0.1457853466272354
79,11,3,0.09524932503700256
79,11,4,0.0616004504263401
79,11,5,0.0701427087187767
79,11,6,0.04988759756088257
80,0,2,0.11399123817682266
80,0,3,0.06299076974391937
80,0,4,0.051981598138809204
80,0,5,0.025855179876089096
80,0,6,0.02084699645638466
80,1,2,0.1265503466129303
80,1,3,0.07354263961315155
80,1,4,0.05044962838292122
80,1,5,0.06325629353523254
80,1,6,0.049825526773929596
80,2,2,0.1270236372947693
80,2,3,0.07222805917263031
80,2,4,0.07059741765260696
80,2,5,0.05440383031964302
80,2,6,0.039666835218667984
80,3,2,0.12025672942399979
80,3,3,0.08969637751579285
80,3,4,0.07892858982086182
80,3,5,0.052610836923122406
80,3,6,0.05148652195930481
80,4,2,0.1384241133928299
80,4,3,0.06966972351074219
80,4,4,0.04883266240358353
80,4,5,0.03235163912177086
80,4,6,0.03749939054250717
80,5,2,0.086274653673172
80,5,3,0.09656461328268051
80,5,4,0.035175006836652756
80,5,5,0.066016785800457
80,5,6,0.03993130847811699
80,6,2,0.16300256550312042
80,6,3,0.07232777029275894
80,6,4,0.04912535846233368
80,6,5,0.06318415701389313
80,6,6,0.04555347189307213
80,7,2,0.10283826291561127
80,7,3,0.06635398417711258
80,7,4,0.045186422765254974
80,7,5,0.03543894737958908
80,7,6,0.025205248966813087
80,8,2,0.04382394999265671
80,8,3,0.08512868732213974
80,8,4,0.06008756533265114
80,8,5,0.03303856402635574
80,8,6,0.0698908194899559
80,9,2,0.10227291285991669
80,9,3,0.07843835651874542
80,9,4,0.03163968026638031
80,9,5,0.048420414328575134
80,9,6,0.030061587691307068
80,10,2,0.11431089043617249
80,10,3,0.09993913769721985
80,10,4,0.08023092895746231
80,10,5,0.05810967832803726
80,10,6,0.04056032747030258
80,11,2,0.10903415083885193
80,11,3,0.03849765658378601
80,11,4,0.059594422578811646
80,11,5,0.04054132476449013
80,11,6,0.03453153744339943
81,0,2,0.10113298147916794
81,0,3,0.10612619668245316
81,0,4,0.10332516580820084
81,0,5,0.10233378410339355
81,0,6,0.07384850084781647
81,1,2,0.119926817715168
81,1,3,0.21088957786560059
81,1,4,0.1161058247089386
81,1,5,0.09655705094337463
81,1,6,0.05510767549276352
81,2,2,0.19082608819007874
81,2,3,0.11652663350105286
81,2,4,0.0751803070306778
81,2,5,0.04980697110295296
81,2,6,0.03542422130703926
81,3,2,0.1254899501800537
81,3,3,0.1191088929772377
81,3,4,0.040055204182863235
81,3,5,0.08912792056798935
81,3,6,0.050584934651851654
81,4,2,0.1134597584605217
81,4,3,0.11568242311477661
81,4,4,0.09635090082883835
81,4,5,0.043583258986473083
81,4,6,0.030997728928923607
81,5,2,0.0691751167178154
81,5,3,0.14981289207935333
81,5,4,0.08231743425130844
81,5,5,0.07519569993019104
81,5,6,0.05220085009932518
81,6,2,0.19472052156925201
81,6,3,0.09958551079034805
81,6,4,0.13818874955177307
81,6,5,0.08121993392705917
81,6,6,0.06516104191541672
81,7,2,0.16234715282917023
81,7,3,0.11896909773349762
81,7,4,0.08347747474908829
81,7,5,0.08722932636737823
81,7,6,0.055020395666360855
81,8,2,0.07091074436903
81,8,3,0.034786440432071686
81,8,4,0.020662635564804077
81,8,5,0.01368899829685688
81,8,6,0.009736028499901295
81,9,2,0.08241929858922958
81,9,3,0.040432147681713104
81,9,4,0.06890745460987091
81,9,5,0.023998813703656197
81,9,6,0.06289737671613693
81,10,2,0.26135581731796265
81,10,3,0.09758523106575012
81,10,4,0.1115061491727829
81,10,5,0.08895208686590195
81,10,6,0.06375525146722794
81,11,2,0.1147904247045517
81,11,3,0.12400965392589569
81,11,4,0.08904922753572464
81,11,5,0.04406242445111275
81,11,6,0.05291500687599182
82,0,2,0.13495862483978271
82,0,3,0.10579242557287216
82,0,4,0.06283914297819138
82,0,5,0.04163094982504845
82,0,6,0.029609186574816704
82,1,2,0.15587227046489716
82,1,3,0.08166876435279846
82,1,4,0.0656675472855568
82,1,5,0.07851334661245346
82,1,6,0.06257320195436478
82,2,2,0.1459863781929016
82,2,3,0.077241912484169
82,2,4,0.05749304220080376
82,2,5,0.03749261051416397
82,2,6,0.03284185752272606
82,3,2,0.19411545991897583
82,3,3,0.21754224598407745
82,3,4,0.12171328812837601
82,3,5,0.07777521014213562
82,3,6,0.05399153381586075
82,4,2,0.17579124867916107
82,4,3,0.10719489306211472
82,4,4,0.10214955359697342
82,4,5,0.06767410039901733
82,4,6,0.04813185706734657
82,5,2,0.19004787504673004
82,5,3,0.09108403325080872
82,5,4,0.07360698282718658
82,5,5,0.074966199696064
82,5,6,0.07654213905334473
82,6,2,0.11250769346952438
82,6,3,0.10553021728992462
82,6,4,0.07436225563287735
82,6,5,0.06934178620576859
82,6,6,0.04530149698257446
82,7,2,0.1478065401315689
82,7,3,0.09944343566894531
82,7,4,0.06847574561834335
82,7,5,0.045365191996097565
82,7,6,0.03226509690284729
82,8,2,0.12307486683130264
82,8,3,0.11683052778244019
82,8,4,0.0644243136048317
82,8,5,0.060184773057699203
82,8,6,0.040297504514455795
82,9,2,0.08028247207403183
82,9,3,0.14159859716892242
82,9,4,0.07580400258302689
82,9,5,0.06842279434204102
82,9,6,0.04749909043312073
82,10,2,0.11384406685829163
82,10,3,0.2737635374069214
82,10,4,0.10266481339931488
82,10,5,0.06801547110080719
82,10,6,0.12459166347980499
82,11,2,0.1541391760110855
82,11,3,0.10921239107847214
82,11,4,0.08997460454702377
82,11,5,0.05960819497704506
82,11,6,0.04239514097571373
