game_id,image_id,rep_num,step_size
0,0,2,0.2600216865539551
0,0,3,0.14039576053619385
0,0,4,0.07092000544071198
0,0,5,0.04278594255447388
0,0,6,0.028622111305594444
0,1,2,0.3411041796207428
0,1,3,0.16110403835773468
0,1,4,0.09325717389583588
0,1,5,0.09108728915452957
0,1,6,0.06269571185112
0,2,2,0.2616254985332489
0,2,3,0.08959262073040009
0,2,4,0.08353587985038757
0,2,5,0.0336972251534462
0,2,6,0.022542109712958336
0,3,2,0.28733938932418823
0,3,3,0.09839825332164764
0,3,4,0.04970523715019226
0,3,5,0.02998710423707962
0,3,6,0.020060185343027115
0,4,2,0.16714300215244293
0,4,3,0.05723746120929718
0,4,4,0.028913144022226334
0,4,5,0.017443249002099037
0,4,6,0.01166884507983923
0,5,2,0.27249088883399963
0,5,3,0.1782410889863968
0,5,4,0.10241929441690445
0,5,5,0.06178942322731018
0,5,6,0.04133468493819237
0,6,2,0.28200268745422363
0,6,3,0.12495636940002441
0,6,4,0.1287228763103485
0,6,5,0.07765833288431168
0,6,6,0.0494195781648159
0,7,2,0.16104625165462494
0,7,3,0.09999197721481323
0,7,4,0.07101436704397202
0,7,5,0.09015373140573502
0,7,6,0.06357141584157944
0,8,2,0.2254115641117096
0,8,3,0.14966066181659698
0,8,4,0.07560010999441147
0,8,5,0.04560944437980652
0,8,6,0.0305109191685915
0,9,2,0.25185126066207886
0,9,3,0.17172449827194214
0,9,4,0.07615692913532257
0,9,5,0.045945361256599426
0,9,6,0.06711843609809875
0,10,2,0.31250929832458496
0,10,3,0.10701759159564972
0,10,4,0.07602602988481522
0,10,5,0.041363995522260666
0,10,6,0.027670882642269135
0,11,2,0.27482879161834717
0,11,3,0.11033505201339722
0,11,4,0.062129151076078415
0,11,5,0.037482425570487976
0,11,6,0.025074267759919167
1,0,2,0.2567814290523529
1,0,3,0.08793380111455917
1,0,4,0.04441918805241585
1,0,5,0.026798037812113762
1,0,6,0.06270314007997513
1,1,2,0.5566274523735046
1,1,3,0.002497058128938079
1,1,4,0.11771099269390106
1,1,5,0.1385330706834793
1,1,6,0.09766727685928345
1,2,2,0.27260592579841614
1,2,3,0.22673152387142181
1,2,4,0.11453194916248322
1,2,5,0.06909697502851486
1,2,6,0.06543838977813721
1,3,2,0.1726195514202118
1,3,3,0.15058915317058563
1,3,4,0.0940052941441536
1,3,5,0.09490519016981125
1,3,6,0.00044557798537425697
1,4,2,0.25350117683410645
1,4,3,0.09535355120897293
1,4,4,0.12325821816921234
1,4,5,0.0835295096039772
1,4,6,0.055877935141325
1,5,2,0.15351401269435883
1,5,3,0.13315649330615997
1,5,4,0.06726314127445221
1,5,5,0.04057976230978966
1,5,6,0.02714625746011734
1,6,2,0.5696060061454773
1,6,3,0.002098856959491968
1,6,4,0.0024459827691316605
1,6,5,0.36351609230041504
1,6,6,0.19297438859939575
1,7,2,0.6235394477844238
1,7,3,0.44287100434303284
1,7,4,0.15212208032608032
1,7,5,0.10004914551973343
1,7,6,0.061990536749362946
1,8,2,0.35329267382621765
1,8,3,0.1863597184419632
1,8,4,0.09667383134365082
1,8,5,0.07194031029939651
1,8,6,0.060953523963689804
1,9,2,0.21884219348430634
1,9,3,0.13118697702884674
1,9,4,0.08940894156694412
1,9,5,0.053940292447805405
1,9,6,0.052211396396160126
1,10,2,0.2771899700164795
1,10,3,0.2684652507305145
1,10,4,0.1699378341436386
1,10,5,0.13267314434051514
1,10,6,0.09203832596540451
1,11,2,0.0614827461540699
1,11,3,0.5892541408538818
1,11,4,0.0025203244294971228
1,11,5,0.003739707637578249
1,11,6,0.3747074007987976
2,0,2,0.1549731194972992
2,0,3,0.14404113590717316
2,0,4,0.04915671795606613
2,0,5,0.02965617924928665
2,0,6,0.019838815554976463
2,1,2,0.08381611853837967
2,1,3,0.16978853940963745
2,1,4,0.0005326528334990144
2,1,5,0.12175064533948898
2,1,6,0.00048364122631028295
2,2,2,0.10697618126869202
2,2,3,0.03810346499085426
2,2,4,0.0008438003133051097
2,2,5,0.0913265123963356
2,2,6,0.0927981287240982
2,3,2,0.0023898554500192404
2,3,3,0.002878359751775861
2,3,4,0.0027046059258282185
2,3,5,0.2775653898715973
2,3,6,0.09591829776763916
2,4,2,0.19814319908618927
2,4,3,0.0730133205652237
2,4,4,0.036408521234989166
2,4,5,0.04535139724612236
2,4,6,0.0002762935764621943
2,5,2,0.002387205371633172
2,5,3,0.23138384521007538
2,5,4,0.08008238673210144
2,5,5,0.08813190460205078
2,5,6,0.07441828399896622
2,6,2,0.04793205484747887
2,6,3,0.041056495159864426
2,6,4,0.3812177777290344
2,6,5,0.0010896603344008327
2,6,6,0.17106163501739502
2,7,2,0.2302217036485672
2,7,3,0.14944109320640564
2,7,4,0.1626955270767212
2,7,5,0.09554580599069595
2,7,6,0.0704495832324028
2,8,2,0.18142859637737274
2,8,3,0.07720804214477539
2,8,4,0.0007820717873983085
2,8,5,0.000779587950091809
2,8,6,0.052180755883455276
2,9,2,0.3357809782028198
2,9,3,0.0012156445300206542
2,9,4,0.18610239028930664
2,9,5,0.11770202964544296
2,9,6,0.08626316487789154
2,10,2,0.3415815532207489
2,10,3,0.0016554720932617784
2,10,4,0.002076446544378996
2,10,5,0.18751144409179688
2,10,6,0.1755010485649109
2,11,2,0.0018093461403623223
2,11,3,0.003254629671573639
2,11,4,0.002042644191533327
2,11,5,0.27883899211883545
2,11,6,0.14738181233406067
3,0,2,0.2648499608039856
3,0,3,0.13797304034233093
3,0,4,0.0823126807808876
3,0,5,0.05264082923531532
3,0,6,0.06816498190164566
3,1,2,0.4044037163257599
3,1,3,0.2216065675020218
3,1,4,0.11743783950805664
3,1,5,0.10084374248981476
3,1,6,0.060877248644828796
3,2,2,0.3113142251968384
3,2,3,0.10660834610462189
3,2,4,0.05385251343250275
3,2,5,0.032489147037267685
3,2,6,0.021733956411480904
3,3,2,0.22469039261341095
3,3,3,0.16972829401493073
3,3,4,0.08573715388774872
3,3,5,0.051725104451179504
3,3,6,0.03460205718874931
3,4,2,0.19867558777332306
3,4,3,0.16897428035736084
3,4,4,0.09071657061576843
3,4,5,0.05472918227314949
3,4,6,0.036611661314964294
3,5,2,0.0018240129575133324
3,5,3,0.0027471461798995733
3,5,4,0.25981569290161133
3,5,5,0.1197943165898323
3,5,6,0.08272207528352737
3,6,2,0.36661839485168457
3,6,3,0.28109607100486755
3,6,4,0.12800922989845276
3,6,5,0.06473880261182785
3,6,6,0.03908145800232887
3,7,2,0.24855414032936096
3,7,3,0.17424990236759186
3,7,4,0.08802121132612228
3,7,5,0.05310307443141937
3,7,6,0.03552386537194252
3,8,2,0.002665584208443761
3,8,3,0.29502254724502563
3,8,4,0.1910475641489029
3,8,5,0.09661951661109924
3,8,6,0.05832717940211296
3,9,2,0.3260565996170044
3,9,3,0.1823149174451828
3,9,4,0.09209519624710083
3,9,5,0.05556090548634529
3,9,6,0.037168052047491074
3,10,2,0.15704600512981415
3,10,3,0.09221020340919495
3,10,4,0.06759359687566757
3,10,5,0.040779124945402145
3,10,6,0.027279624715447426
3,11,2,0.3347674012184143
3,11,3,0.2132958322763443
3,11,4,0.07326515018939972
3,11,5,0.03705278038978577
3,11,6,0.02236798405647278
4,0,2,0.23597851395606995
4,0,3,0.1149786189198494
4,0,4,0.08929953724145889
4,0,5,0.059390973299741745
4,0,6,0.04385102540254593
4,1,2,0.46555009484291077
4,1,3,0.20446963608264923
4,1,4,0.11872240900993347
4,1,5,0.09245148301124573
4,1,6,0.08010159432888031
4,2,2,0.2295241802930832
4,2,3,0.1946459412574768
4,2,4,0.09832413494586945
4,2,5,0.05931882932782173
4,2,6,0.07271051406860352
4,3,2,0.004065108485519886
4,3,3,0.2677795886993408
4,3,4,0.172286719083786
4,3,5,0.13150276243686676
4,3,6,0.07360142469406128
4,4,2,0.2267063558101654
4,4,3,0.21577142179012299
4,4,4,0.1165650337934494
4,4,5,0.06353434175252914
4,4,6,0.0436955988407135
4,5,2,0.46797919273376465
4,5,3,0.31017374992370605
4,5,4,0.1232413649559021
4,5,5,0.07852669060230255
4,5,6,0.07183834165334702
4,6,2,0.04351469501852989
4,6,3,0.4912370443344116
4,6,4,0.17797602713108063
4,6,5,0.0858864113688469
4,6,6,0.05039510875940323
4,7,2,0.047299712896347046
4,7,3,0.4549174904823303
4,7,4,0.22868113219738007
4,7,5,0.12720316648483276
4,7,6,0.0594886876642704
4,8,2,0.16952958703041077
4,8,3,0.15061499178409576
4,8,4,0.08779408782720566
4,8,5,0.07183285802602768
4,8,6,0.04805333912372589
4,9,2,0.23801115155220032
4,9,3,0.17521636188030243
4,9,4,0.08030301332473755
4,9,5,0.04844669997692108
4,9,6,0.032408926635980606
4,10,2,0.5689464211463928
4,10,3,0.22779019176959991
4,10,4,0.10072412341833115
4,10,5,0.05093974992632866
4,10,6,0.06267035752534866
4,11,2,0.25073254108428955
4,11,3,0.16867303848266602
4,11,4,0.08918481320142746
4,11,5,0.054003119468688965
4,11,6,0.053167860954999924
5,0,2,0.22798983752727509
5,0,3,0.09581407904624939
5,0,4,0.10608169436454773
5,0,5,0.0705738440155983
5,0,6,0.047211114317178726
5,1,2,0.509888231754303
5,1,3,0.0027433407958596945
5,1,4,0.002495539141818881
5,1,5,0.002837324282154441
5,1,6,0.0024249348789453506
5,2,2,0.17542815208435059
5,2,3,0.1535661518573761
5,2,4,0.07757294178009033
5,2,5,0.07483197748661041
5,2,6,0.034134749323129654
5,3,2,0.22198620438575745
5,3,3,0.21716290712356567
5,3,4,0.1455431580543518
5,3,5,0.09195706248283386
5,3,6,0.07390891760587692
5,4,2,0.21661031246185303
5,4,3,0.13588178157806396
5,4,4,0.08170665800571442
5,4,5,0.04929351806640625
5,4,6,0.03297541290521622
5,5,2,0.5535612106323242
5,5,3,0.3383018672466278
5,5,4,0.0008793697925284505
5,5,5,0.126359224319458
5,5,6,0.08723622560501099
5,6,2,0.04346652701497078
5,6,3,0.032619670033454895
5,6,4,0.34540629386901855
5,6,5,0.14016474783420563
5,6,6,0.14011624455451965
5,7,2,0.18172913789749146
5,7,3,0.30173513293266296
5,7,4,0.15778817236423492
5,7,5,0.09519337862730026
5,7,6,0.10917061567306519
5,8,2,0.49948081374168396
5,8,3,0.36153608560562134
5,8,4,0.12599913775920868
5,8,5,0.09308380633592606
5,8,6,0.0006154590519145131
5,9,2,0.12601272761821747
5,9,3,0.20625630021095276
5,9,4,0.10806305706501007
5,9,5,0.09556540846824646
5,9,6,0.063929483294487
5,10,2,0.23288343846797943
5,10,3,0.2409856617450714
5,10,4,0.12336708605289459
5,10,5,0.08711419254541397
5,10,6,0.00037132480065338314
5,11,2,0.1717890202999115
5,11,3,0.001142009743489325
5,11,4,0.13639791309833527
5,11,5,0.0006919270381331444
5,11,6,0.12451304495334625
6,0,2,0.44802606105804443
6,0,3,0.07800614088773727
6,0,4,0.13278228044509888
6,0,5,0.06604859977960587
6,0,6,0.08570121973752975
6,1,2,0.39847317337989807
6,1,3,0.0641145259141922
6,1,4,0.12002428621053696
6,1,5,0.06070052832365036
6,1,6,0.00022090737184043974
6,2,2,0.19154591858386993
6,2,3,0.07929366081953049
6,2,4,0.057021673768758774
6,2,5,0.034401100128889084
6,2,6,0.023012978956103325
6,3,2,0.3234996199607849
6,3,3,0.007337407674640417
6,3,4,0.00142500305082649
6,3,5,0.10337208956480026
6,3,6,0.08712796121835709
6,4,2,0.22572265565395355
6,4,3,0.1173604428768158
6,4,4,0.08572817593812943
6,4,5,0.05171969160437584
6,4,6,0.03459843248128891
6,5,2,0.3493165373802185
6,5,3,0.13895322382450104
6,5,4,0.08178270608186722
6,5,5,0.09190124273300171
6,5,6,0.0005674350541085005
6,6,2,0.2558859884738922
6,6,3,0.08762716501951218
6,6,4,0.11913073062896729
6,6,5,0.07187140733003616
6,6,6,0.04807913303375244
6,7,2,0.150518536567688
6,7,3,0.05729890614748001
6,7,4,0.028944170102477074
6,7,5,0.025556739419698715
6,7,6,0.017096444964408875
6,8,2,0.007042465265840292
6,8,3,0.0024116632994264364
6,8,4,0.09528283029794693
6,8,5,0.052112311124801636
6,8,6,0.040801506489515305
6,9,2,0.2172340452671051
6,9,3,0.0743909403681755
6,9,4,0.05757797136902809
6,9,5,0.03473670780658722
6,9,6,0.07487176358699799
6,10,2,0.00694314856082201
6,10,3,0.002377651631832123
6,10,4,0.0012010575737804174
6,10,5,0.0007245962042361498
6,10,6,0.04562482237815857
6,11,2,0.2156912237405777
6,11,3,0.0899510532617569
6,11,4,0.043786510825157166
6,11,5,0.026416337117552757
6,11,6,0.022233348339796066
7,0,2,0.2678530216217041
7,0,3,0.11702030152082443
7,0,4,0.11395181715488434
7,0,5,0.06874697655439377
7,0,6,0.0459890142083168
7,1,2,0.05081931874155998
7,1,3,0.45528116822242737
7,1,4,0.21775385737419128
7,1,5,0.10686875879764557
7,1,6,0.10672532767057419
7,2,2,0.23007600009441376
7,2,3,0.14571981132030487
7,2,4,0.0988684594631195
7,2,5,0.05964720621705055
7,2,6,0.03990163281559944
7,3,2,0.20092210173606873
7,3,3,0.060238372534513474
7,3,4,0.0976715236902237
7,3,5,0.05543841794133186
7,3,6,0.05029960349202156
7,4,2,0.2635217308998108
7,4,3,0.1443854123353958
7,4,4,0.07293535768985748
7,4,5,0.08161897957324982
7,4,6,0.06932239979505539
7,5,2,0.2167045921087265
7,5,3,0.07420964539051056
7,5,4,0.0826578140258789
7,5,5,0.038275204598903656
7,5,6,0.07472623139619827
7,6,2,0.4698789119720459
7,6,3,0.0022615939378738403
7,6,4,0.0035222950391471386
7,6,5,0.2852109968662262
7,6,6,0.0008750622509978712
7,7,2,0.2659777104854584
7,7,3,0.15544414520263672
7,7,4,0.07852159440517426
7,7,5,0.04737197235226631
7,7,6,0.03168997913599014
7,8,2,0.2630709409713745
7,8,3,0.09008762240409851
7,8,4,0.04550717771053314
7,8,5,0.027454419061541557
7,8,6,0.018365923315286636
7,9,2,0.35204607248306274
7,9,3,0.12430749833583832
7,9,4,0.09830720722675323
7,9,5,0.05930860713124275
7,9,6,0.05004306137561798
7,10,2,0.49956223368644714
7,10,3,0.23595543205738068
7,10,4,0.0005825554835610092
7,10,5,0.08836930990219116
7,10,6,0.0624224916100502
7,11,2,0.3042798340320587
7,11,3,0.14121198654174805
7,11,4,0.08869043737649918
7,11,5,0.0004455047601368278
7,11,6,0.04678326100111008
8,0,2,0.17117825150489807
8,0,3,0.106185682117939
8,0,4,0.0536390021443367
8,0,5,0.032360341399908066
8,0,6,0.07371111959218979
8,1,2,0.30134889483451843
8,1,3,0.12856100499629974
8,1,4,0.06494176387786865
8,1,5,0.10147863626480103
8,1,6,0.06788520514965057
8,2,2,0.007121802307665348
8,2,3,0.002438837429508567
8,2,4,0.0012319631641730666
8,2,5,0.000743239070288837
8,2,6,0.07193976640701294
8,3,2,0.4698047637939453
8,3,3,0.18537424504756927
8,3,4,0.10693468898534775
8,3,5,0.05996584892272949
8,3,6,0.0701751857995987
8,4,2,0.00679468410089612
8,4,3,0.0023268137592822313
8,4,4,0.0011753743747249246
8,4,5,0.0007091012666933239
8,4,6,0.07351619005203247
8,5,2,0.21963994204998016
8,5,3,0.11900082975625992
8,5,4,0.05919290706515312
8,5,5,0.035711001604795456
8,5,6,0.05821099132299423
8,6,2,0.2851667106151581
8,6,3,0.09765423089265823
8,6,4,0.049329400062561035
8,6,5,0.02976035885512829
8,6,6,0.04911739006638527
8,7,2,0.39352041482925415
8,7,3,0.13475953042507172
8,7,4,0.06807290017604828
8,7,5,0.04106829687952995
8,7,6,0.06554115563631058
8,8,2,0.00792157556861639
8,8,3,0.0027127128560096025
8,8,4,0.0013703100848942995
8,8,5,0.06104186922311783
8,8,6,0.04083460196852684
8,9,2,0.49778929352760315
8,9,3,0.23995955288410187
8,9,4,0.10575909912586212
8,9,5,0.11072477698326111
8,9,6,0.06684224307537079
8,10,2,0.7230533361434937
8,10,3,0.4332828223705292
8,10,4,0.15747390687465668
8,10,5,0.09907296299934387
8,10,6,0.05980828031897545
8,11,2,0.3908492922782898
8,11,3,0.20034970343112946
8,11,4,0.10120535641908646
8,11,5,0.06105705350637436
8,11,6,0.06262717396020889
9,0,2,0.008448537439107895
9,0,3,0.127642422914505
9,0,4,0.032763563096523285
9,0,5,0.019766218960285187
9,0,6,0.013222816400229931
9,1,2,0.577877938747406
9,1,3,0.013107060454785824
9,1,4,0.00450215395539999
9,1,5,0.0022768969647586346
9,1,6,0.0013745138421654701
9,2,2,0.2842385172843933
9,2,3,0.09733638167381287
9,2,4,0.04916883632540703
9,2,5,0.029663484543561935
9,2,6,0.01984371617436409
9,3,2,0.11604694277048111
9,3,3,0.056838005781173706
9,3,4,0.0287113469094038
9,3,5,0.017321515828371048
9,3,6,0.011587413027882576
9,4,2,0.18477863073349
9,4,3,0.06327672302722931
9,4,4,0.03196382522583008
9,4,5,0.019283737987279892
9,4,6,0.012900049798190594
9,5,2,0.12676867842674255
9,5,3,0.043548814952373505
9,5,4,0.02199840359389782
9,5,5,0.013271602801978588
9,5,6,0.00887818168848753
9,6,2,0.4662928581237793
9,6,3,0.37750759720802307
9,6,4,0.12967036664485931
9,6,5,0.065578892827034
9,6,6,0.03958860784769058
9,7,2,0.371838241815567
9,7,3,0.008433801122009754
9,7,4,0.0028969356790184975
9,7,5,0.001465069828554988
9,7,6,0.0008844413096085191
9,8,2,0.09472409635782242
9,8,3,0.055671874433755875
9,8,4,0.02812228910624981
9,8,5,0.016966134309768677
9,8,6,0.039551496505737305
9,9,2,0.1814337521791458
9,9,3,0.15627790987491608
9,9,4,0.07894277572631836
9,9,5,0.047626059502363205
9,9,6,0.03185995668172836
9,10,2,0.31358763575553894
9,10,3,0.10738685727119446
9,10,4,0.05424578860402107
9,10,5,0.03272639587521553
9,10,6,0.03728962689638138
9,11,2,0.34503135085105896
9,11,3,0.11815463751554489
9,11,4,0.059685055166482925
9,11,5,0.03600790724158287
9,11,6,0.024087870493531227
10,0,2,0.23818525671958923
10,0,3,0.22267381846904755
10,0,4,0.09944948554039001
10,0,5,0.05999772995710373
10,0,6,0.07989877462387085
10,1,2,0.24242255091667175
10,1,3,0.12667664885520935
10,1,4,0.12237182259559631
10,1,5,0.07382674515247345
10,1,6,0.049387186765670776
10,2,2,0.34146878123283386
10,2,3,0.16425438225269318
10,2,4,0.1073918268084526
10,2,5,0.06478934735059738
10,2,6,0.04334152117371559
10,3,2,0.4141419231891632
10,3,3,0.2371094971895218
10,3,4,0.1393006592988968
10,3,5,0.08845777809619904
10,3,6,0.05917476862668991
10,4,2,0.25130534172058105
10,4,3,0.14655345678329468
10,4,4,0.11139048635959625
10,4,5,0.0966658815741539
10,4,6,0.081845723092556
10,5,2,0.3155563175678253
10,5,3,0.12492184340953827
10,5,4,0.11187426745891571
10,5,5,0.07132380455732346
10,5,6,0.06343238055706024
10,6,2,0.3018163740634918
10,6,3,0.11557886749505997
10,6,4,0.08746202290058136
10,6,5,0.10621350258588791
10,6,6,0.08059591054916382
10,7,2,0.37084975838661194
10,7,3,0.2489924281835556
10,7,4,0.1591055691242218
10,7,5,0.09598817676305771
10,7,6,0.06421229243278503
10,8,2,0.40851178765296936
10,8,3,0.1398932784795761
10,8,4,0.0699683278799057
10,8,5,0.04691733047366142
10,8,6,0.031385842710733414
10,9,2,0.3257891535758972
10,9,3,0.2954988181591034
10,9,4,0.16203045845031738
10,9,5,0.10376505553722382
10,9,6,0.06941471993923187
10,10,2,0.29014721512794495
10,10,3,0.2653188705444336
10,10,4,0.13139000535011292
10,10,5,0.07926741987466812
10,10,6,0.053026773035526276
10,11,2,0.39812394976615906
10,11,3,0.20231196284294128
10,11,4,0.13753879070281982
10,11,5,0.11743512749671936
10,11,6,0.09356837719678879
11,0,2,0.32696932554244995
11,0,3,0.15366624295711517
11,0,4,0.052782922983169556
11,0,5,0.026694204658269882
11,0,6,0.016114724799990654
11,1,2,0.14301931858062744
11,1,3,0.048976410180330276
11,1,4,0.04145779460668564
11,1,5,0.026865433901548386
11,1,6,0.014708640053868294
11,2,2,0.006985229440033436
11,2,3,0.07887277007102966
11,2,4,0.019712844863533974
11,2,5,0.06807982921600342
11,2,6,0.038065310567617416
11,3,2,0.1347312480211258
11,3,3,0.06576225906610489
11,3,4,0.12544380128383636
11,3,5,0.07568007707595825
11,3,6,0.050626978278160095
11,4,2,0.2618907690048218
11,4,3,0.11306019872426987
11,4,4,0.07038795202970505
11,4,5,0.042464952915906906
11,4,6,0.028407376259565353
11,5,2,0.1854439079761505
11,5,3,0.06261377781629562
11,5,4,0.09616360813379288
11,5,5,0.0580153688788414
11,5,6,0.038809992372989655
11,6,2,0.0013061584904789925
11,6,3,0.2148616462945938
11,6,4,0.11770306527614594
11,6,5,0.03960445523262024
11,6,6,0.03557874262332916
11,7,2,0.22892947494983673
11,7,3,0.11237279325723648
11,7,4,0.0567643903195858
11,7,5,0.03424587473273277
11,7,6,0.022909143939614296
11,8,2,0.1869020313024521
11,8,3,0.1407037377357483
11,8,4,0.09103990346193314
11,8,5,0.05492424964904785
11,8,6,0.03674214705824852
11,9,2,0.041982293128967285
11,9,3,0.3708561658859253
11,9,4,0.0020332031417638063
11,9,5,0.24872606992721558
11,9,6,0.0859522819519043
11,10,2,0.11191396415233612
11,10,3,0.0008751084096729755
11,10,4,0.0008126357570290565
11,10,5,0.10112255811691284
11,10,6,0.033840831369161606
11,11,2,0.5927271246910095
11,11,3,0.2660199701786041
11,11,4,0.09457701444625854
11,11,5,0.09635147452354431
11,11,6,0.059538405388593674
12,0,2,0.21123075485229492
12,0,3,0.1215260773897171
12,0,4,0.12301447242498398
12,0,5,0.07421446591615677
12,0,6,0.07421614229679108
12,1,2,0.18929964303970337
12,1,3,0.16965752840042114
12,1,4,0.11460589617490768
12,1,5,0.06914157420396805
12,1,6,0.046252988278865814
12,2,2,0.2137044370174408
12,2,3,0.08631204813718796
12,2,4,0.07259123772382736
12,2,5,0.043794188648462296
12,2,6,0.02929658629000187
12,3,2,0.2094563990831375
12,3,3,0.2145632952451706
12,3,4,0.14546124637126923
12,3,5,0.0947212427854538
12,3,6,0.06336477398872375
12,4,2,0.21483878791332245
12,4,3,0.1265586018562317
12,4,4,0.06393025815486908
12,4,5,0.04927515983581543
12,4,6,0.03296313434839249
12,5,2,0.2110627293586731
12,5,3,0.12071345001459122
12,5,4,0.08406857401132584
12,5,5,0.07733072340488434
12,5,6,0.051731206476688385
12,6,2,0.26959142088890076
12,6,3,0.17277978360652924
12,6,4,0.09159835427999496
12,6,5,0.05526116490364075
12,6,6,0.03696753457188606
12,7,2,0.05197194591164589
12,7,3,0.44764500856399536
12,7,4,0.011185413226485252
12,7,5,0.003853732720017433
12,7,6,0.001951246173121035
12,8,2,0.23633915185928345
12,8,3,0.12282195687294006
12,8,4,0.08717380464076996
12,8,5,0.055858317762613297
12,8,6,0.02934224158525467
12,9,2,0.001623910036869347
12,9,3,0.19305191934108734
12,9,4,0.10787080973386765
12,9,5,0.054554086178541183
12,9,6,0.03293316066265106
12,10,2,0.23663273453712463
12,10,3,0.19758249819278717
12,10,4,0.12026531994342804
12,10,5,0.09807173907756805
12,10,6,0.06560613214969635
12,11,2,0.4455067813396454
12,11,3,0.0031384096946567297
12,11,4,0.3229717016220093
12,11,5,0.14670461416244507
12,11,6,0.07428033649921417
13,0,2,0.26699215173721313
13,0,3,0.23137320578098297
13,0,4,0.13437505066394806
13,0,5,0.08695799857378006
13,0,6,0.05817146599292755
13,1,2,0.37860456109046936
13,1,3,0.2175246924161911
13,1,4,0.10191597044467926
13,1,5,0.0734567642211914
13,1,6,0.04913967475295067
13,2,2,0.21322503685951233
13,2,3,0.20075471699237823
13,2,4,0.11575894057750702
13,2,5,0.06983721256256104
13,2,6,0.04671833664178848
13,3,2,0.37519124150276184
13,3,3,0.21850022673606873
13,3,4,0.11037397384643555
13,3,5,0.06658846884965897
13,3,6,0.04454506188631058
13,4,2,0.0019458670867606997
13,4,3,0.00236904458142817
13,4,4,0.34510737657546997
13,4,5,0.169709712266922
13,4,6,0.08592841029167175
13,5,2,0.32880085706710815
13,5,3,0.14920468628406525
13,5,4,0.1398170292377472
13,5,5,0.08435142040252686
13,5,6,0.05642777308821678
13,6,2,0.35968390107154846
13,6,3,0.19670699536800385
13,6,4,0.11396036297082901
13,6,5,0.06875213235616684
13,6,6,0.04599246382713318
13,7,2,0.2783015966415405
13,7,3,0.20157019793987274
13,7,4,0.10227257758378983
13,7,5,0.06170090660452843
13,7,6,0.041275475174188614
13,8,2,0.27670690417289734
13,8,3,0.12848708033561707
13,8,4,0.053495824337005615
13,8,5,0.048161111772060394
13,8,6,0.03221788629889488
13,9,2,0.34370025992393494
13,9,3,0.1348460465669632
13,9,4,0.14603033661842346
13,9,5,0.10172247886657715
13,9,6,0.08654654771089554
13,10,2,0.24983687698841095
13,10,3,0.19229204952716827
13,10,4,0.10125432908535004
13,10,5,0.06108660623431206
13,10,6,0.04086451977491379
13,11,2,0.3115602433681488
13,11,3,0.16767145693302155
13,11,4,0.10184495151042938
13,11,5,0.061442919075489044
13,11,6,0.04110288619995117
14,0,2,0.18688659369945526
14,0,3,0.08355570584535599
14,0,4,0.0682680681347847
14,0,5,0.04338314011693001
14,0,6,0.029112473130226135
14,1,2,0.1706039309501648
14,1,3,0.058422643691301346
14,1,4,0.0295118261128664
14,1,5,0.01780443824827671
14,1,6,0.011910471133887768
14,2,2,0.008314469829201698
14,2,3,0.0985117182135582
14,2,4,0.049762558192014694
14,2,5,0.030021676793694496
14,2,6,0.02008332498371601
14,3,2,0.22625423967838287
14,3,3,0.08141596615314484
14,3,4,0.07062426954507828
14,3,5,0.04260752722620964
14,3,6,0.028502756729722023
14,4,2,0.29858851432800293
14,4,3,0.006772390101104975
14,4,4,0.0023262558970600367
14,4,5,0.0011764697264879942
14,4,6,0.0007102094823494554
14,5,2,0.19305379688739777
14,5,3,0.15419012308120728
14,5,4,0.07788814604282379
14,5,5,0.04414356127381325
14,5,6,0.029530296102166176
14,6,2,0.4812047779560089
14,6,3,0.1675393134355545
14,6,4,0.11659751087427139
14,6,5,0.05896748602390289
14,6,6,0.035597436130046844
14,7,2,0.045500047504901886
14,7,3,0.51304030418396
14,7,4,0.1884257197380066
14,7,5,0.08761625736951828
14,7,6,0.047148674726486206
14,8,2,0.1958846002817154
14,8,3,0.08501157909631729
14,8,4,0.1155378594994545
14,8,5,0.04164703190326691
14,8,6,0.03508564829826355
14,9,2,0.1971820592880249
14,9,3,0.06752422451972961
14,9,4,0.03410942479968071
14,9,5,0.03620978817343712
14,9,6,0.01569930836558342
14,10,2,0.28884196281433105
14,10,3,0.1205369234085083
14,10,4,0.08033215254545212
14,10,5,0.07298532873392105
14,10,6,0.04882429912686348
14,11,2,0.21872654557228088
14,11,3,0.12402617931365967
14,11,4,0.06265102326869965
14,11,5,0.03779727965593338
14,11,6,0.02528488077223301
15,0,2,0.2540294826030731
15,0,3,0.12430921196937561
15,0,4,0.08657611906528473
15,0,5,0.0008810808067210019
15,0,6,0.052168361842632294
15,1,2,0.042910486459732056
15,1,3,0.3341353237628937
15,1,4,0.0012828860199078918
15,1,5,0.0018825765000656247
15,1,6,0.1646043062210083
15,2,2,0.2662111222743988
15,2,3,0.10903729498386383
15,2,4,0.08377587050199509
15,2,5,0.04075460135936737
15,2,6,0.06826665997505188
15,3,2,0.31166768074035645
15,3,3,0.10672938823699951
15,3,4,0.06689997017383575
15,3,5,0.04036065191030502
15,3,6,0.026999689638614655
15,4,2,0.5461292266845703
15,4,3,0.2606295645236969
15,4,4,0.12052176892757416
15,4,5,0.0678010955452919
15,4,6,0.04093010351061821
15,5,2,0.4000476002693176
15,5,3,0.1919509768486023
15,5,4,0.09524025022983551
15,5,5,0.048166364431381226
15,5,6,0.08916763216257095
15,6,2,0.2699761688709259
15,6,3,0.13596099615097046
15,6,4,0.12428649514913559
15,6,5,0.07498186826705933
15,6,6,0.050159912556409836
15,7,2,0.2047223448753357
15,7,3,0.08333637565374374
15,7,4,0.057753946632146835
15,7,5,0.06789011508226395
15,7,6,0.030132506042718887
15,8,2,0.28052985668182373
15,8,3,0.09606634825468063
15,8,4,0.048527296632528305
15,8,5,0.029276449233293533
15,8,6,0.019584791734814644
15,9,2,0.03565993905067444
15,9,3,0.41615161299705505
15,9,4,0.17418313026428223
15,9,5,0.00043101515620946884
15,9,6,0.1818847507238388
15,10,2,0.38905760645866394
15,10,3,0.17950287461280823
15,10,4,0.12880109250545502
15,10,5,0.05722901597619057
15,10,6,0.05958571657538414
15,11,2,0.21848592162132263
15,11,3,0.11599763482809067
15,11,4,0.07757379859685898
15,11,5,0.0003914200351573527
15,11,6,0.049769047647714615
16,0,2,0.20242086052894592
16,0,3,0.06931823492050171
16,0,4,0.05706993117928505
16,0,5,0.03443020582199097
16,0,6,0.023032452911138535
16,1,2,0.27246224880218506
16,1,3,0.0933036282658577
16,1,4,0.047131724655628204
16,1,5,0.028434503823518753
16,1,6,0.01902155950665474
16,2,2,0.2293217033147812
16,2,3,0.10242550075054169
16,2,4,0.05173958092927933
16,2,5,0.03121441975235939
16,2,6,0.02088121324777603
16,3,2,0.2836572825908661
16,3,3,0.10758303850889206
16,3,4,0.05434487760066986
16,3,5,0.032786186784505844
16,3,6,0.02193266712129116
16,4,2,0.3095046281814575
16,4,3,0.10598866641521454
16,4,4,0.05353948473930359
16,4,5,0.03230029344558716
16,4,6,0.021607620641589165
16,5,2,0.2420075684785843
16,5,3,0.08287454396486282
16,5,4,0.041863542050123215
16,5,5,0.025256216526031494
16,5,6,0.016895413398742676
16,6,2,0.2954530417919159
16,6,3,0.11999690532684326
16,6,4,0.0606156587600708
16,6,5,0.03656933829188347
16,6,6,0.02446344681084156
16,7,2,0.30607712268829346
16,7,3,0.12497606128454208
16,7,4,0.06313084810972214
16,7,5,0.03808675333857536
16,7,6,0.025478536263108253
16,8,2,0.1943899542093277
16,8,3,0.06656807661056519
16,8,4,0.03362642973661423
16,8,5,0.02028678171336651
16,8,6,0.013571054674685001
16,9,2,0.2602600157260895
16,9,3,0.08912501484155655
16,9,4,0.045020923018455505
16,9,5,0.027161065489053726
16,9,6,0.01816968061029911
16,10,2,0.2034522145986557
16,10,3,0.10630815476179123
16,10,4,0.053700875490903854
16,10,5,0.032397665083408356
16,10,6,0.02167275920510292
16,11,2,0.25117188692092896
16,11,3,0.0860128253698349
16,11,4,0.04344882071018219
16,11,5,0.02621261589229107
16,11,6,0.01753520593047142
17,0,2,0.23817859590053558
17,0,3,0.16983599960803986
17,0,4,0.08579155057668686
17,0,5,0.05175791680812836
17,0,6,0.034624017775058746
17,1,2,0.03542233631014824
17,1,3,0.4427034258842468
17,1,4,0.0023006636183708906
17,1,5,0.14534424245357513
17,1,6,0.0012686182744801044
17,2,2,0.08404684066772461
17,2,3,0.0770268663764
17,2,4,0.11307894438505173
17,2,5,0.0682203620672226
17,2,6,0.04563674330711365
17,3,2,0.20572391152381897
17,3,3,0.197114035487175
17,3,4,0.0995708778500557
17,3,5,0.06933453679084778
17,3,6,0.040913064032793045
17,4,2,0.17721769213676453
17,4,3,0.06068750470876694
17,4,4,0.03065590001642704
17,4,5,0.052435632795095444
17,4,6,0.06802016496658325
17,5,2,0.19885943830013275
17,5,3,0.1065015122294426
17,5,4,0.09251304715871811
17,5,5,0.06334081292152405
17,5,6,0.06893165409564972
17,6,2,0.311518132686615
17,6,3,0.0012348239542916417
17,6,4,0.1709863841533661
17,6,5,0.08647385984659195
17,6,6,0.06646289676427841
17,7,2,0.06979089230298996
17,7,3,0.5571867823600769
17,7,4,0.11390170454978943
17,7,5,0.2522249221801758
17,7,6,0.129009410738945
17,8,2,0.23849619925022125
17,8,3,0.1448308229446411
17,8,4,0.07900656759738922
17,8,5,0.04766455292701721
17,8,6,0.03188570588827133
17,9,2,0.12599073350429535
17,9,3,0.07182366400957108
17,9,4,0.03628125786781311
17,9,5,0.06221943721175194
17,9,6,0.04651115834712982
17,10,2,0.7364917397499084
17,10,3,0.4049460291862488
17,10,4,0.1626012623310089
17,10,5,0.08848264068365097
17,10,6,0.09977048635482788
17,11,2,0.6085386872291565
17,11,3,0.1954858899116516
17,11,4,0.19663171470165253
17,11,5,0.09853683412075043
17,11,6,0.06354686617851257
18,0,2,0.10252787172794342
18,0,3,0.03511027619242668
18,0,4,0.01773572899401188
18,0,5,0.010699935257434845
18,0,6,0.0071578435599803925
18,1,2,0.21713165938854218
18,1,3,0.16850833594799042
18,1,4,0.09235125035047531
18,1,5,0.0751163512468338
18,1,6,0.04025881364941597
18,2,2,0.21951285004615784
18,2,3,0.0751713216304779
18,2,4,0.03797230124473572
18,2,5,0.022908644750714302
18,2,6,0.04351774603128433
18,3,2,0.19530390202999115
18,3,3,0.1118176132440567
18,3,4,0.058006834238767624
18,3,5,0.05913235992193222
18,3,6,0.043066106736660004
18,4,2,0.1599108874797821
18,4,3,0.05476085841655731
18,4,4,0.07599186152219772
18,4,5,0.11355136334896088
18,4,6,0.07596138119697571
18,5,2,0.33829763531684875
18,5,3,0.13157151639461517
18,5,4,0.11428976058959961
18,5,5,0.07633884251117706
18,5,6,0.050437211990356445
18,6,2,0.1367577314376831
18,6,3,0.05358634889125824
18,6,4,0.0345865897834301
18,6,5,0.029834004119038582
18,6,6,0.051746197044849396
18,7,2,0.1337733268737793
18,7,3,0.23930610716342926
18,7,4,0.13127312064170837
18,7,5,0.1081649586558342
18,7,6,0.08907917141914368
18,8,2,0.26956915855407715
18,8,3,0.09231290966272354
18,8,4,0.04663126915693283
18,8,5,0.028132576495409012
18,8,6,0.01881958730518818
18,9,2,0.08245912194252014
18,9,3,0.15793700516223907
18,9,4,0.07978085428476334
18,9,5,0.04813167825341225
18,9,6,0.044463708996772766
18,10,2,0.25927504897117615
18,10,3,0.10795648396015167
18,10,4,0.09313333034515381
18,10,5,0.05349643900990486
18,10,6,0.06148266792297363
18,11,2,0.31558671593666077
18,11,3,0.15363748371601105
18,11,4,0.08875297009944916
18,11,5,0.04488551616668701
18,11,6,0.027096444740891457
19,0,2,0.2705046236515045
19,0,3,0.09263325482606888
19,0,4,0.04679308459162712
19,0,5,0.05544767901301384
19,0,6,0.023242784664034843
19,1,2,0.045758314430713654
19,1,3,0.3790380656719208
19,1,4,0.0017948450986295938
19,1,5,0.2282167673110962
19,1,6,0.12786494195461273
19,2,2,0.2858171761035919
19,2,3,0.12631508708000183
19,2,4,0.0791420117020607
19,2,5,0.0609755665063858
19,2,6,0.046872854232788086
19,3,2,0.29352161288261414
19,3,3,0.14840605854988098
19,3,4,0.07558333873748779
19,3,5,0.07349444180727005
19,3,6,0.049497511237859726
19,4,2,0.25163331627845764
19,4,3,0.12950192391872406
19,4,4,0.06541704386472702
19,4,5,0.039466019719839096
19,4,6,0.026401204988360405
19,5,2,0.27227720618247986
19,5,3,0.19017358124256134
19,5,4,0.09336783736944199
19,5,5,0.05021508410573006
19,5,6,0.033591900020837784
19,6,2,0.03931364789605141
19,6,3,0.037189923226833344
19,6,4,0.030874742195010185
19,6,5,0.33730143308639526
19,6,6,0.009972827509045601
19,7,2,0.388012170791626
19,7,3,0.18127253651618958
19,7,4,0.09156865626573563
19,7,5,0.07270192354917526
19,7,6,0.048634711652994156
19,8,2,0.33771049976348877
19,8,3,0.18430480360984802
19,8,4,0.12168332934379578
19,8,5,0.06934595853090286
19,8,6,0.08524879068136215
19,9,2,0.29746830463409424
19,9,3,0.10137297213077545
19,9,4,0.0656333789229393
19,9,5,0.04678720980882645
19,9,6,0.0833396166563034
19,10,2,0.05062475427985191
19,10,3,0.45338505506515503
19,10,4,0.14545372128486633
19,10,5,0.11473716050386429
19,10,6,0.1197490245103836
19,11,2,0.5288094878196716
19,11,3,0.23902331292629242
19,11,4,0.15607020258903503
19,11,5,0.06547261029481888
19,11,6,0.0863574966788292
20,0,2,0.31217509508132935
20,0,3,0.17704954743385315
20,0,4,0.08943544328212738
20,0,5,0.053956277668476105
20,0,6,0.06994025409221649
20,1,2,0.37987402081489563
20,1,3,0.16030022501945496
20,1,4,0.12782295048236847
20,1,5,0.07711540907621384
20,1,6,0.05158717557787895
20,2,2,0.25958681106567383
20,2,3,0.08889450132846832
20,2,4,0.044904474169015884
20,2,5,0.027090810239315033
20,2,6,0.018122684210538864
20,3,2,0.2832026779651642
20,3,3,0.10167984664440155
20,3,4,0.09810096770524979
20,3,5,0.059184182435274124
20,3,6,0.03959188237786293
20,4,2,0.2621879577636719
20,4,3,0.11193940043449402
20,4,4,0.12186264991760254
20,4,5,0.07351956516504288
20,4,6,0.04918168857693672
20,5,2,0.41841962933540344
20,5,3,0.2587791383266449
20,5,4,0.10796933621168137
20,5,5,0.05460391566157341
20,5,6,0.041178908199071884
20,6,2,0.5857636332511902
20,6,3,0.25772368907928467
20,6,4,0.1425216794013977
20,6,5,0.07207825034856796
20,6,6,0.04351213574409485
20,7,2,0.27396801114082336
20,7,3,0.12362858653068542
20,7,4,0.06245017424225807
20,7,5,0.03767610341310501
20,7,6,0.072724349796772
20,8,2,0.23686902225017548
20,8,3,0.1951841562986374
20,8,4,0.0985960066318512
20,8,5,0.05948283150792122
20,8,6,0.03979167342185974
20,9,2,0.1733570396900177
20,9,3,0.19803693890571594
20,9,4,0.11057355999946594
20,9,5,0.06931591778993607
20,9,6,0.05503290519118309
20,10,2,0.06163210794329643
20,10,3,0.5622658133506775
20,10,4,0.014049467630684376
20,10,5,0.0013266548048704863
20,10,6,0.1145148053765297
20,11,2,0.3051164746284485
20,11,3,0.12879425287246704
20,11,4,0.11457356065511703
20,11,5,0.0691220760345459
20,11,6,0.06146682798862457
21,0,2,0.0024847849272191525
21,0,3,0.3058324456214905
21,0,4,0.17192958295345306
21,0,5,0.0869508758187294
21,0,6,0.06596297025680542
21,1,2,0.040204890072345734
21,1,3,0.03341716155409813
21,1,4,0.02330816350877285
21,1,5,0.022952450439333916
21,1,6,0.024903515353798866
21,2,2,0.007121802307665348
21,2,3,0.002438837429508567
21,2,4,0.0012319631641730666
21,2,5,0.000743239070288837
21,2,6,0.0004972018068656325
21,3,2,0.2373264729976654
21,3,3,0.14853769540786743
21,3,4,0.10751868784427643
21,3,5,0.06486587971448898
21,3,6,0.06830726563930511
21,4,2,0.5503648519515991
21,4,3,0.0024097792338579893
21,4,4,0.2472992241382599
21,4,5,0.09278685599565506
21,4,6,0.0003014143439941108
21,5,2,0.16243909299373627
21,5,3,0.13579705357551575
21,5,4,0.06859699636697769
21,5,5,0.04138447716832161
21,5,6,0.02768458053469658
21,6,2,0.0029620835557579994
21,6,3,0.33658552169799805
21,6,4,0.11561400443315506
21,6,5,0.058470096439123154
21,6,6,0.03529717028141022
21,7,2,0.6120185256004333
21,7,3,0.3263879716396332
21,7,4,0.11211124062538147
21,7,5,0.056698620319366455
21,7,6,0.03422776982188225
21,8,2,0.287845641374588
21,8,3,0.10109658539295197
21,8,4,0.06026671826839447
21,8,5,0.03635883331298828
21,8,6,0.024322617799043655
21,9,2,0.6225647330284119
21,9,3,0.35186800360679626
21,9,4,0.20125465095043182
21,9,5,0.10178159177303314
21,9,6,0.06144341826438904
21,10,2,0.0020410572178661823
21,10,3,0.0017901599640026689
21,10,4,0.2114591896533966
21,10,5,0.07532500475645065
21,10,6,0.06909122318029404
21,11,2,0.045020487159490585
21,11,3,0.0343838594853878
21,11,4,0.42133569717407227
21,11,5,0.00247008353471756
21,11,6,0.2170325070619583
22,0,2,0.25995200872421265
22,0,3,0.11992145329713821
22,0,4,0.00041761036845855415
22,0,5,0.08244527131319046
22,0,6,0.06794571876525879
22,1,2,0.19189465045928955
22,1,3,0.0015247364062815905
22,1,4,0.1726817488670349
22,1,5,0.16593486070632935
22,1,6,0.10017140954732895
22,2,2,0.21955469250679016
22,2,3,0.07518564909696579
22,2,4,0.03797954320907593
22,2,5,0.05024309456348419
22,2,6,0.016512475907802582
22,3,2,0.4957695007324219
22,3,3,0.30393216013908386
22,3,4,0.14722546935081482
22,3,5,0.0756295844912529
22,3,6,0.09339985251426697
22,4,2,0.0035205597523599863
22,4,3,0.002514554187655449
22,4,4,0.41059786081314087
22,4,5,0.17147916555404663
22,4,6,0.08682433515787125
22,5,2,0.3261859118938446
22,5,3,0.14848624169826508
22,5,4,0.07243407517671585
22,5,5,0.04369937628507614
22,5,6,0.029233157634735107
22,6,2,0.3702872097492218
22,6,3,0.0014721876941621304
22,6,4,0.16311277449131012
22,6,5,0.05756059288978577
22,6,6,0.06982574611902237
22,7,2,0.00234379805624485
22,7,3,0.002586660673841834
22,7,4,0.30236202478408813
22,7,5,0.1502913534641266
22,7,6,0.07609640061855316
22,8,2,0.33981695771217346
22,8,3,0.0022345881443470716
22,8,4,0.263065904378891
22,8,5,0.14232073724269867
22,8,6,0.09365684539079666
22,9,2,0.3661056160926819
22,9,3,0.17501236498355865
22,9,4,0.06286094337701797
22,9,5,0.07036558538675308
22,9,6,0.03900419920682907
22,10,2,0.0029980228282511234
22,10,3,0.32622411847114563
22,10,4,0.16897693276405334
22,10,5,0.09564230591058731
22,10,6,0.07252662628889084
22,11,2,0.03926216438412666
22,11,3,0.37074732780456543
22,11,4,0.0019307845504954457
22,11,5,0.22470493614673615
22,11,6,0.09930495172739029
23,0,2,0.2939901649951935
23,0,3,0.13484029471874237
23,0,4,0.09334595501422882
23,0,5,0.07734399288892746
23,0,6,0.07143361121416092
23,1,2,0.0029786615632474422
23,1,3,0.002825555857270956
23,1,4,0.23615248501300812
23,1,5,0.001186537672765553
23,1,6,0.0010532725136727095
23,2,2,0.0018679514760151505
23,2,3,0.17021192610263824
23,2,4,0.2026234120130539
23,2,5,0.10247384011745453
23,2,6,0.0950719490647316
23,3,2,0.4292702078819275
23,3,3,0.273987352848053
23,3,4,0.10772647708654404
23,3,5,0.07318615168333054
23,3,6,0.05350634828209877
23,4,2,0.26365846395492554
23,4,3,0.1599237322807312
23,4,4,0.0007697410765103996
23,4,5,0.141585573554039
23,4,6,0.0854722410440445
23,5,2,0.2635120749473572
23,5,3,0.1598070114850998
23,5,4,0.08531378209590912
23,5,5,0.06167227402329445
23,5,6,0.049515385180711746
23,6,2,0.04904334992170334
23,6,3,0.4430970847606659
23,6,4,0.21853972971439362
23,6,5,0.1709469109773636
23,6,6,0.10385087877511978
23,7,2,0.04780923202633858
23,7,3,0.4531363546848297
23,7,4,0.1638699471950531
23,7,5,0.10475073009729385
23,7,6,0.053838301450014114
23,8,2,0.3251589834690094
23,8,3,0.14343756437301636
23,8,4,0.19407938420772552
23,8,5,0.11673124879598618
23,8,6,0.09051676094532013
23,9,2,0.05100298300385475
23,9,3,0.04356447607278824
23,9,4,0.44480592012405396
23,9,5,0.21012932062149048
23,9,6,0.11093774437904358
23,10,2,0.0025689725298434496
23,10,3,0.11296096444129944
23,10,4,0.001190433744341135
23,10,5,0.12401024997234344
23,10,6,0.0905110239982605
23,11,2,0.0022932887077331543
23,11,3,0.3019704222679138
23,11,4,0.13552361726760864
23,11,5,0.0837872251868248
23,11,6,0.06382600218057632
24,0,2,0.3691726624965668
24,0,3,0.1596834510564804
24,0,4,0.0548497810959816
24,0,5,0.027739478275179863
24,0,6,0.016745740547776222
24,1,2,0.25125643610954285
24,1,3,0.11586640775203705
24,1,4,0.05852916091680527
24,1,5,0.035310566425323486
24,1,6,0.11075299233198166
24,2,2,0.19113807380199432
24,2,3,0.08256638050079346
24,2,4,0.04170786961913109
24,2,5,0.02516230009496212
24,2,6,0.016832586377859116
24,3,2,0.37685155868530273
24,3,3,0.1387006640434265
24,3,4,0.08539676666259766
24,3,5,0.04940611124038696
24,3,6,0.03305074945092201
24,4,2,0.19420883059501648
24,4,3,0.1364261507987976
24,4,4,0.06891477853059769
24,4,5,0.04157619550824165
24,4,6,0.027812829241156578
24,5,2,0.24019713699817657
24,5,3,0.09994139522314072
24,5,4,0.055422402918338776
24,5,5,0.033436261117458344
24,5,6,0.02236754260957241
24,6,2,0.22402074933052063
24,6,3,0.12496591359376907
24,6,4,0.06312572211027145
24,6,5,0.03808366134762764
24,6,6,0.025476466864347458
24,7,2,0.22685091197490692
24,7,3,0.16767732799053192
24,7,4,0.10328849405050278
24,7,5,0.07804454863071442
24,7,6,0.052208732813596725
24,8,2,0.1719101369380951
24,8,3,0.14110764861106873
24,8,4,0.06663358211517334
24,8,5,0.046441253274679184
24,8,6,0.026859646663069725
24,9,2,0.39850255846977234
24,9,3,0.14260929822921753
24,9,4,0.09622885286808014
24,9,5,0.05805474519729614
24,9,6,0.038836318999528885
24,10,2,0.30223381519317627
24,10,3,0.10349878668785095
24,10,4,0.05228174105286598
24,10,5,0.03154150769114494
24,10,6,0.02110002003610134
24,11,2,0.2342250496149063
24,11,3,0.11217466741800308
24,11,4,0.14042817056179047
24,11,5,0.07688100636005402
24,11,6,0.0514303557574749
25,0,2,0.2749912142753601
25,0,3,0.15105563402175903
25,0,4,0.07630477100610733
25,0,5,0.046034567058086395
25,0,6,0.030795305967330933
25,1,2,0.22161665558815002
25,1,3,0.11457816511392593
25,1,4,0.09336335211992264
25,1,5,0.04230877384543419
25,1,6,0.047434061765670776
25,2,2,0.1911870688199997
25,2,3,0.06547126919031143
25,2,4,0.03307238593697548
25,2,5,0.019952522590756416
25,2,6,0.013347451575100422
25,3,2,0.24882365763187408
25,3,3,0.1396702229976654
25,3,4,0.10100030153989792
25,3,5,0.060933347791433334
25,3,6,0.04076200723648071
25,4,2,0.24686284363269806
25,4,3,0.08453721553087234
25,4,4,0.04270342364907265
25,4,5,0.025762923061847687
25,4,6,0.017234377562999725
25,5,2,0.27623236179351807
25,5,3,0.12448567152023315
25,5,4,0.06762955337762833
25,5,5,0.04080081731081009
25,5,6,0.027294136583805084
25,6,2,0.2573224902153015
25,6,3,0.0009519071318209171
25,6,4,0.13181078433990479
25,6,5,0.08184731751680374
25,6,6,0.04940951243042946
25,7,2,0.14568501710891724
25,7,3,0.04988926649093628
25,7,4,0.025201231241226196
25,7,5,0.015203878283500671
25,7,6,0.010170789435505867
25,8,2,0.2473786175251007
25,8,3,0.1808105707168579
25,8,4,0.09133528918027878
25,8,5,0.09414112567901611
25,8,6,0.06297670304775238
25,9,2,0.18387560546398163
25,9,3,0.1799892783164978
25,9,4,0.10337802767753601
25,9,5,0.06236782297492027
25,9,6,0.04172161594033241
25,10,2,0.18922866880893707
25,10,3,0.0813225656747818
25,10,4,0.10762859135866165
25,10,5,0.07410938292741776
25,10,6,0.06647415459156036
25,11,2,0.15937165915966034
25,11,3,0.12506774067878723
25,11,4,0.06317716091871262
25,11,5,0.03811469301581383
25,11,6,0.025497226044535637
26,0,2,0.28438514471054077
26,0,3,0.1333838403224945
26,0,4,0.10204033553600311
26,0,5,0.061560798436403275
26,0,6,0.041181743144989014
26,1,2,0.4466337263584137
26,1,3,0.010130258277058601
26,1,4,0.0034796507097780704
26,1,5,0.0017597833648324013
26,1,6,0.0010623434791341424
26,2,2,0.1527794450521469
26,2,3,0.05231872573494911
26,2,4,0.0264284648001194
26,2,5,0.015944257378578186
26,2,6,0.010666077956557274
26,3,2,0.1819533109664917
26,3,3,0.062309201806783676
26,3,4,0.05825032666325569
26,3,5,0.03514235094189644
26,3,6,0.023508844897150993
26,4,2,0.21252967417240143
26,4,3,0.07875367999076843
26,4,4,0.05294740945100784
26,4,5,0.031943101435899734
26,4,6,0.02136867493391037
26,5,2,0.16696585714817047
26,5,3,0.08750274032354355
26,5,4,0.04420143738389015
26,5,5,0.02666667103767395
26,5,6,0.017838945612311363
26,6,2,0.4005037248134613
26,6,3,0.20126225054264069
26,6,4,0.13806436955928802
26,6,5,0.08764056861400604
26,6,6,0.05290677770972252
26,7,2,0.1963290274143219
26,7,3,0.09048721939325333
26,7,4,0.045709028840065
26,7,5,0.027576196938753128
26,7,6,0.0184473879635334
26,8,2,0.3382266163825989
26,8,3,0.1320495754480362
26,8,4,0.08146382123231888
26,8,5,0.07872601598501205
26,8,6,0.05266459286212921
26,9,2,0.395198792219162
26,9,3,0.0014602879527956247
26,9,4,0.17130590975284576
26,9,5,0.0006747563020326197
26,9,6,0.1054873913526535
26,10,2,0.23445135354995728
26,10,3,0.08028694987297058
26,10,4,0.05616090074181557
26,10,5,0.05391128733754158
26,10,6,0.00018113746773451567
26,11,2,0.043134089559316635
26,11,3,0.030477119609713554
26,11,4,0.025685030966997147
26,11,5,0.2811155617237091
26,11,6,0.008311605080962181
27,0,2,0.20758956670761108
27,0,3,0.17658810317516327
27,0,4,0.15237662196159363
27,0,5,0.09192860871553421
27,0,6,0.061496611684560776
27,1,2,0.5184401273727417
27,1,3,0.17346806824207306
27,1,4,0.07687420397996902
27,1,5,0.09812996536493301
27,1,6,0.06276462972164154
27,2,2,0.23600320518016815
27,2,3,0.13605810701847076
27,2,4,0.06872887164354324
27,2,5,0.04146403446793556
27,2,6,0.027737798169255257
27,3,2,0.35301581025123596
27,3,3,0.13407103717327118
27,3,4,0.11591146141290665
27,3,5,0.06992922723293304
27,3,6,0.04677988961338997
27,4,2,0.31141456961631775
27,4,3,0.1355445683002472
27,4,4,0.07692980021238327
27,4,5,0.04641163721680641
27,4,6,0.031047558411955833
27,5,2,0.5774051547050476
27,5,3,0.17267031967639923
27,5,4,0.15681816637516022
27,5,5,0.07930849492549896
27,5,6,0.07330906391143799
27,6,2,0.4823833107948303
27,6,3,0.002448022598400712
27,6,4,0.22884882986545563
27,6,5,0.10722986608743668
27,6,6,0.054293256253004074
27,7,2,0.3224301338195801
27,7,3,0.16204628348350525
27,7,4,0.10485760122537613
27,7,5,0.06326045095920563
27,7,6,0.04231874272227287
27,8,2,0.28811731934547424
27,8,3,0.17455311119556427
27,8,4,0.08817437291145325
27,8,5,0.10151404142379761
27,8,6,0.06790889799594879
27,9,2,0.16538883745670319
27,9,3,0.20761235058307648
27,9,4,0.12226711213588715
27,9,5,0.10473648458719254
27,9,6,0.07006457448005676
27,10,2,0.33110490441322327
27,10,3,0.13914112746715546
27,10,4,0.07614920288324356
27,10,5,0.06652035564184189
27,10,6,0.05516154691576958
27,11,2,0.2567770183086395
27,11,3,0.15692810714244843
27,11,4,0.09382223337888718
27,11,5,0.08453202992677689
27,11,6,0.08067035675048828
28,0,2,0.28714168071746826
28,0,3,0.17918424308300018
28,0,4,0.11491481959819794
28,0,5,0.10262377560138702
28,0,6,0.08327550441026688
28,1,2,0.21391257643699646
28,1,3,0.2145022451877594
28,1,4,0.1720191240310669
28,1,5,0.10359993577003479
28,1,6,0.07037131488323212
28,2,2,0.2216133326292038
28,2,3,0.1392786055803299
28,2,4,0.07810518890619278
28,2,5,0.049810122698545456
28,2,6,0.06750897318124771
28,3,2,0.3060840964317322
28,3,3,0.11805836111307144
28,3,4,0.09047961980104446
28,3,5,0.1148681566119194
28,3,6,0.07684226334095001
28,4,2,0.22854796051979065
28,4,3,0.08669533580541611
28,4,4,0.06401386857032776
28,4,5,0.05551287159323692
28,4,6,0.03713592141866684
28,5,2,0.0020916382782161236
28,5,3,0.31141602993011475
28,5,4,0.15187862515449524
28,5,5,0.07681038975715637
28,5,6,0.05530599504709244
28,6,3,0.04004879295825958
28,6,4,0.6276995539665222
28,6,5,0.24783746898174286
28,6,6,0.17941617965698242
28,7,2,0.041405390948057175
28,7,3,0.36672189831733704
28,7,4,0.10908840596675873
28,7,5,0.09278939664363861
28,7,6,0.000545138434972614
28,8,2,0.1925096958875656
28,8,3,0.1026192456483841
28,8,4,0.10989074409008026
28,8,5,0.07012680917978287
28,8,6,0.0894244834780693
28,9,2,0.05088435485959053
28,9,3,0.44856300950050354
28,9,4,0.25803127884864807
28,9,5,0.1554184854030609
28,9,6,0.07743281126022339
28,10,2,0.2529934048652649
28,10,3,0.15423589944839478
28,10,4,0.15186604857444763
28,10,5,0.08548320829868317
28,10,6,0.07280858606100082
28,11,2,0.4860858619213104
28,11,3,0.33080098032951355
28,11,4,0.001961940200999379
28,11,5,0.24288372695446014
28,11,6,0.1588502824306488
29,0,2,0.36008796095848083
29,0,3,0.1512589454650879
29,0,4,0.11338406056165695
29,0,5,0.05734233185648918
29,0,6,0.034616366028785706
29,1,2,0.48084813356399536
29,1,3,0.010906292125582695
29,1,4,0.0037462094333022833
29,1,5,0.0018945893971249461
29,1,6,0.0011437241919338703
29,2,2,0.2283567190170288
29,2,3,0.07819987088441849
29,2,4,0.03950215503573418
29,2,5,0.023831596598029137
29,2,6,0.015942398458719254
29,3,2,0.1326519101858139
29,3,3,0.12954285740852356
29,3,4,0.06543773412704468
29,3,5,0.039478495717048645
29,3,6,0.026409553363919258
29,4,2,0.23142001032829285
29,4,3,0.1487792432308197
29,4,4,0.0751548707485199
29,4,5,0.04534083232283592
29,4,6,0.03033122420310974
29,5,2,0.1976473182439804
29,5,3,0.071283258497715
29,5,4,0.056665703654289246
29,5,5,0.03418634086847305
29,5,6,0.02286931499838829
29,6,2,0.460182785987854
29,6,3,0.2107190638780594
29,6,4,0.07238005101680756
29,6,5,0.03660514950752258
29,6,6,0.022097762674093246
29,7,2,0.23576490581035614
29,7,3,0.1075746938586235
29,7,4,0.10628477483987808
29,7,5,0.06412145495414734
29,7,6,0.05796870216727257
29,8,2,0.3740024268627167
29,8,3,0.16110272705554962
29,8,4,0.055337291210889816
29,8,5,0.027986029163002968
29,8,6,0.06471670418977737
29,9,2,0.21519234776496887
29,9,3,0.07369177788496017
29,9,4,0.03722492232918739
29,9,5,0.022457744926214218
29,9,6,0.057977188378572464
29,10,2,0.16028937697410583
29,10,3,0.09966074675321579
29,10,4,0.07055012136697769
29,10,5,0.04256279021501541
29,10,6,0.02847282961010933
29,11,2,0.19500140845775604
29,11,3,0.06797440350055695
29,11,4,0.03433682397007942
29,11,5,0.020715361461043358
29,11,6,0.013857755810022354
30,0,2,0.38634803891181946
30,0,3,0.12077833712100983
30,0,4,0.08112175017595291
30,0,5,0.04894062504172325
30,0,6,0.03273935243487358
30,1,2,0.4291898310184479
30,1,3,0.1565980315208435
30,1,4,0.13348515331745148
30,1,5,0.0955876037478447
30,1,6,0.08944523334503174
30,2,2,0.20571689307689667
30,2,3,0.11301188170909882
30,2,4,0.05798296257853508
30,2,5,0.03498103842139244
30,2,6,0.02599029615521431
30,3,2,0.5389114618301392
30,3,3,0.3045123517513275
30,3,4,0.0015543197514489293
30,3,5,0.15299677848815918
30,3,6,0.09637370705604553
30,4,2,0.26058024168014526
30,4,3,0.11690913885831833
30,4,4,0.09943755716085434
30,4,5,0.05999055132269859
30,4,6,0.040131308138370514
30,5,2,0.16689567267894745
30,5,3,0.21322636306285858
30,5,4,0.11931673437356949
30,5,5,0.06321584433317184
30,5,6,0.06258364021778107
30,6,2,0.3227423131465912
30,6,3,0.16720138490200043
30,6,4,0.09825224429368973
30,6,5,0.059275440871715546
30,6,6,0.039652932435274124
30,7,2,0.47246426343917847
30,7,3,0.15635791420936584
30,7,4,0.15803192555904388
30,7,5,0.09511879086494446
30,7,6,0.07618924975395203
30,8,2,0.25445398688316345
30,8,3,0.14456775784492493
30,8,4,0.1036498174071312
30,8,5,0.06253179162740707
30,8,6,0.041831303387880325
30,9,2,0.4754596948623657
30,9,3,0.2677173912525177
30,9,4,0.21271593868732452
30,9,5,0.10757797211408615
30,9,6,0.0653718039393425
30,10,2,0.0025664574932307005
30,10,3,0.22319835424423218
30,10,4,0.2750144898891449
30,10,5,0.1390845626592636
30,10,6,0.08396244049072266
30,11,2,0.30955806374549866
30,11,3,0.1285700500011444
30,11,4,0.10676946491003036
30,11,5,0.06739635020494461
30,11,6,0.049866124987602234
31,0,2,0.2769981324672699
31,0,3,0.10946185886859894
31,0,4,0.05529394745826721
31,0,5,0.03335876017808914
31,0,6,0.022315697744488716
31,1,2,0.316000759601593
31,1,3,0.11152417212724686
31,1,4,0.13558827340602875
31,1,5,0.06665696203708649
31,1,6,0.04023941606283188
31,2,2,0.3230150640010834
31,2,3,0.11061525344848633
31,2,4,0.05587657541036606
31,2,5,0.033710263669490814
31,2,6,0.022550836205482483
31,3,2,0.5290383696556091
31,3,3,0.24750155210494995
31,3,4,0.16754576563835144
31,3,5,0.08473382145166397
31,3,6,0.05115203931927681
31,4,2,0.2540387511253357
31,4,3,0.13490204513072968
31,4,4,0.10064088553190231
31,4,5,0.06071652099490166
31,4,6,0.040616948157548904
31,5,2,0.06209013983607292
31,5,3,0.10210344195365906
31,5,4,0.1397322118282318
31,5,5,0.10943326354026794
31,5,6,0.07320654392242432
31,6,2,0.23548606038093567
31,6,3,0.18226061761379242
31,6,4,0.0007647303864359856
31,6,5,0.12140018492937088
31,6,6,0.07794919610023499
31,7,2,0.05120110884308815
31,7,3,0.39677226543426514
31,7,4,0.09993714094161987
31,7,5,0.03443155065178871
31,7,6,0.017433585599064827
31,8,2,0.00933756772428751
31,8,3,0.003197617596015334
31,8,4,0.0016152521129697561
31,8,5,0.0009744800627231598
31,8,6,0.0006518922164104879
31,9,2,0.34110695123672485
31,9,3,0.1529478281736374
31,9,4,0.0005568438791669905
31,9,5,0.08648445457220078
31,9,6,0.08441471308469772
31,10,2,0.030947370454669
31,10,3,0.34109511971473694
31,10,4,0.008523020893335342
31,10,5,0.0029364603105932474
31,10,6,0.07862541079521179
31,11,2,0.3663415014743805
31,11,3,0.24578915536403656
31,11,4,0.08442629873752594
31,11,5,0.04269736632704735
31,11,6,0.025775505229830742
32,0,2,0.1720416098833084
32,0,3,0.11001081019639969
32,0,4,0.08528696000576019
32,0,5,0.05145350843667984
32,0,6,0.03370239958167076
32,1,2,0.2686939239501953
32,1,3,0.1993187516927719
32,1,4,0.0008036030340008438
32,1,5,0.10894152522087097
32,1,6,0.07821714133024216
32,2,2,0.21675518155097961
32,2,3,0.09608273953199387
32,2,4,0.046409960836172104
32,2,5,0.027999067679047585
32,2,6,0.018730271607637405
32,3,2,0.0029766184743493795
32,3,3,0.4313727021217346
32,3,4,0.16977854073047638
32,3,5,0.08627790957689285
32,3,6,0.060101740062236786
32,4,2,0.24766084551811218
32,4,3,0.1301046460866928
32,4,4,0.0007511552539654076
32,4,5,0.11666463315486908
32,4,6,0.000498490990139544
32,5,2,0.28959426283836365
32,5,3,0.13263271749019623
32,5,4,0.08678559213876724
32,5,5,0.0553719662129879
32,5,6,0.042045168578624725
32,6,2,0.0406033955514431
32,6,3,0.4318613111972809
32,6,4,0.21812325716018677
32,6,5,0.0006315261707641184
32,6,6,0.0009519109153188765
32,7,2,0.26793110370635986
32,7,3,0.11475067585706711
32,7,4,0.08999133110046387
32,7,5,0.07561810314655304
32,7,6,0.05058553069829941
32,8,2,0.34246814250946045
32,8,3,0.002654281910508871
32,8,4,0.14032894372940063
32,8,5,0.08555415272712708
32,8,6,0.0005255778087303042
32,9,2,0.0020608408376574516
32,9,3,0.28973880410194397
32,9,4,0.1282242238521576
32,9,5,0.08879980444908142
32,9,6,0.09096793830394745
32,10,2,0.4600953459739685
32,10,3,0.0020410262513905764
32,10,4,0.003864983795210719
32,10,5,0.0038708841893821955
32,10,6,0.0022117141634225845
32,11,2,0.04143143445253372
32,11,3,0.03707687929272652
32,11,4,0.3801862597465515
32,11,5,0.43162402510643005
32,11,6,0.001091456157155335
33,0,2,0.20819838345050812
33,0,3,0.11662664264440536
33,0,4,0.05891319364309311
33,0,5,0.05349073186516762
33,0,6,0.03578318655490875
33,1,2,0.29614341259002686
33,1,3,0.14883042871952057
33,1,4,0.10100909322500229
33,1,5,0.07438236474990845
33,1,6,0.04975886642932892
33,2,2,0.2275397777557373
33,2,3,0.1609705090522766
33,2,4,0.08131319284439087
33,2,5,0.04905615374445915
33,2,6,0.032816626131534576
33,3,2,0.28540539741516113
33,3,3,0.10861210525035858
33,3,4,0.054864708334207535
33,3,5,0.05321227014064789
33,3,6,0.02444026991724968
33,4,2,0.19845594465732574
33,4,3,0.0679604634642601
33,4,4,0.03432978689670563
33,4,5,0.02071111463010311
33,4,6,0.013854916207492352
33,5,2,0.20739594101905823
33,5,3,0.1467059701681137
33,5,4,0.0741075798869133
33,5,5,0.044708993285894394
33,5,6,0.029908550903201103
33,6,2,0.25863397121429443
33,6,3,0.15286260843276978
33,6,4,0.10853874683380127
33,6,5,0.04968152195215225
33,6,6,0.03450166434049606
33,7,2,0.3601607084274292
33,7,3,0.1866789609193802
33,7,4,0.09429966658353806
33,7,5,0.056890860199928284
33,7,6,0.03805773705244064
33,8,2,0.00148995709605515
33,8,3,0.18652872741222382
33,8,4,0.10777243971824646
33,8,5,0.05422942340373993
33,8,6,0.03273717686533928
33,9,2,0.3366858661174774
33,9,3,0.13692724704742432
33,9,4,0.06916790455579758
33,9,5,0.041728898882865906
33,9,6,0.02791498973965645
33,10,2,0.31676334142684937
33,10,3,0.14746707677841187
33,10,4,0.085159532725811
33,10,5,0.05137663334608078
33,10,6,0.034368935972452164
33,11,2,0.18581359088420868
33,11,3,0.10413877665996552
33,11,4,0.05198059603571892
33,11,5,0.03135981783270836
33,11,6,0.02097848430275917
34,0,2,0.3057415783405304
34,0,3,0.12032139301300049
34,0,4,0.06077957525849342
34,0,5,0.03666822612285614
34,0,6,0.024529604241251945
34,1,2,0.42275479435920715
34,1,3,0.009588653221726418
34,1,4,0.16957594454288483
34,1,5,0.08576054871082306
34,1,6,0.051771849393844604
34,2,2,0.2540183663368225
34,2,3,0.08698760718107224
34,2,4,0.04394121840596199
34,2,5,0.02650967799127102
34,2,6,0.01773393526673317
34,3,2,0.5265701413154602
34,3,3,0.011943325400352478
34,3,4,0.00410242285579443
34,3,5,0.0020747417584061623
34,3,6,0.0012524756602942944
34,4,2,0.11458174139261246
34,4,3,0.16407139599323273
34,4,4,0.06854487955570221
34,4,5,0.0413530208170414
34,4,6,0.027663549408316612
34,5,2,0.16150955855846405
34,5,3,0.08416642993688583
34,5,4,0.04251612350344658
34,5,5,0.025649920105934143
34,5,6,0.017158787697553635
34,6,2,0.5665371417999268
34,6,3,0.2700485587120056
34,6,4,0.09275917708873749
34,6,5,0.04691159725189209
34,6,6,0.06160730868577957
34,7,2,0.4917847514152527
34,7,3,0.011154347099363804
34,7,4,0.003831413807347417
34,7,5,0.0019376808777451515
34,7,6,0.12287843227386475
34,8,2,0.22040697932243347
34,8,3,0.07547751069068909
34,8,4,0.1427726149559021
34,8,5,0.08613452315330505
34,8,6,0.05762060359120369
34,9,2,0.36131396889686584
34,9,3,0.00819509755820036
34,9,4,0.0028149355202913284
34,9,5,0.0014236121205613017
34,9,6,0.08097007870674133
34,10,2,0.5223706960678101
34,10,3,0.09721723198890686
34,10,4,0.03339322283864021
34,10,5,0.016888132318854332
34,10,6,0.01019501406699419
34,11,2,0.23770204186439514
34,11,3,0.1986125409603119
34,11,4,0.06324341893196106
34,11,5,0.03815466910600662
34,11,6,0.025523966178297997
35,0,2,0.31912320852279663
35,0,3,0.11401855945587158
35,0,4,0.09914733469486237
35,0,5,0.09666197001934052
35,0,6,0.06466304510831833
35,1,2,0.04584137350320816
35,1,3,0.04867171868681908
35,1,4,0.47448524832725525
35,1,5,0.0039361570961773396
35,1,6,0.3163195252418518
35,2,2,0.20973283052444458
35,2,3,0.07182218879461288
35,2,4,0.03628051280975342
35,2,5,0.02188798226416111
35,2,6,0.08764082193374634
35,3,2,0.27389392256736755
35,3,3,0.1089053750038147
35,3,4,0.09192273765802383
35,3,5,0.05375131592154503
35,3,6,0.0617375485599041
35,4,2,0.3134080767631531
35,4,3,0.21883857250213623
35,4,4,0.11054489016532898
35,4,5,0.06669158488512039
35,4,6,0.0446140356361866
35,5,2,0.12639503180980682
35,5,3,0.0683494582772255
35,5,4,0.0345262847840786
35,5,5,0.053013622760772705
35,5,6,0.06271760165691376
35,6,2,0.47852516174316406
35,6,3,0.002421621698886156
35,6,4,0.3073081970214844
35,6,5,0.13194392621517181
35,6,6,0.09830503165721893
35,7,2,0.23832203447818756
35,7,3,0.19719316065311432
35,7,4,0.09741336852312088
35,7,5,0.0834025889635086
35,7,6,0.05579304322600365
35,8,2,0.16332551836967468
35,8,3,0.15206526219844818
35,8,4,0.13517649471759796
35,8,5,0.09994656592607498
35,8,6,0.06686031073331833
35,9,2,0.15345896780490875
35,9,3,0.1557188183069229
35,9,4,0.09419600665569305
35,9,5,0.05682831630110741
35,9,6,0.04888933524489403
35,10,2,0.27924880385398865
35,10,3,0.15699374675750732
35,10,4,0.11869025230407715
35,10,5,0.07627175003290176
35,10,6,0.051022790372371674
35,11,2,0.13305631279945374
35,11,3,0.14568538963794708
35,11,4,0.07266204059123993
35,11,5,0.06896231323480606
35,11,6,0.05075475946068764
36,0,2,0.2533887028694153
36,0,3,0.1730412095785141
36,0,4,0.08741065114736557
36,0,5,0.05273471772670746
36,0,6,0.03527744859457016
36,1,2,0.374186635017395
36,1,3,0.14509649574756622
36,1,4,0.07329455763101578
36,1,5,0.044218502938747406
36,1,6,0.029580434784293175
36,2,2,0.23219723999500275
36,2,3,0.11160597205162048
36,2,4,0.05637702718377113
36,2,5,0.03401218354701996
36,2,6,0.022752812132239342
36,3,2,0.20968306064605713
36,3,3,0.1512989103794098
36,3,4,0.11091408878564835
36,3,5,0.09061051160097122
36,3,6,0.04220733419060707
36,4,2,0.28644394874572754
36,4,3,0.12663887441158295
36,4,4,0.0852116271853447
36,4,5,0.051408059895038605
36,4,6,0.03438996523618698
36,5,2,0.13641028106212616
36,5,3,0.07099080830812454
36,5,4,0.035860542207956314
36,5,5,0.04141470789909363
36,5,6,0.02770480327308178
36,6,2,0.29501551389694214
36,6,3,0.1370990127325058
36,6,4,0.10559730976819992
36,6,5,0.06370671093463898
36,6,6,0.04261727258563042
36,7,2,0.27048540115356445
36,7,3,0.0006662881351076066
36,7,4,0.12802909314632416
36,7,5,0.06820166856050491
36,7,6,0.032259561121463776
36,8,2,0.2773391902446747
36,8,3,0.16818174719810486
36,8,4,0.08495592325925827
36,8,5,0.0512537881731987
36,8,6,0.03428676351904869
36,9,2,0.25178244709968567
36,9,3,0.08622191846370697
36,9,4,0.043554436415433884
36,9,5,0.02627633325755596
36,9,6,0.01757783629000187
36,10,2,0.3316025733947754
36,10,3,0.1439383178949356
36,10,4,0.09659502655267715
36,10,5,0.06731480360031128
36,10,6,0.06794781982898712
36,11,2,0.1700313240289688
36,11,3,0.10591535270214081
36,11,4,0.04359201714396477
36,11,5,0.03423521667718887
36,11,6,0.02290201000869274
37,0,2,0.3815566301345825
37,0,3,0.12824156880378723
37,0,4,0.20859351754188538
37,0,5,0.10549312829971313
37,0,6,0.06368399411439896
37,1,2,0.0028028711676597595
37,1,3,0.3150406777858734
37,1,4,0.17474737763404846
37,1,5,0.10580018907785416
37,1,6,0.06386935710906982
37,2,2,0.00208803778514266
37,2,3,0.23882383108139038
37,2,4,0.20946823060512543
37,2,5,0.16064389050006866
37,2,6,0.08455861359834671
37,3,2,0.0019236939260736108
37,3,3,0.18234504759311676
37,3,4,0.21538810431957245
37,3,5,0.10892938822507858
37,3,6,0.09079612791538239
37,4,2,0.19596895575523376
37,4,3,0.11720950901508331
37,4,4,0.15563058853149414
37,4,5,0.09389172494411469
37,4,6,0.06280985474586487
37,5,2,0.2694021463394165
37,5,3,0.19529756903648376
37,5,4,0.14088279008865356
37,5,5,0.08499438315629959
37,5,6,0.056857891380786896
37,6,2,0.41916462779045105
37,6,3,0.0014549187617376447
37,6,4,0.29160985350608826
37,6,5,0.16712035238742828
37,6,6,0.08461735397577286
37,7,2,0.2733509838581085
37,7,3,0.13112564384937286
37,7,4,0.14697882533073425
37,7,5,0.09830497205257416
37,7,6,0.06576214730739594
37,8,2,0.24407252669334412
37,8,3,0.1791853904724121
37,8,4,0.14282098412513733
37,8,5,0.0861637070775032
37,8,6,0.05764012038707733
37,9,2,0.04640635848045349
37,9,3,0.39241036772727966
37,9,4,0.30025503039360046
37,9,5,0.10344747453927994
37,9,6,0.052378132939338684
37,10,2,0.04812740907073021
37,10,3,0.40885648131370544
37,10,4,0.3098248243331909
37,10,5,0.10674457252025604
37,10,6,0.05404754355549812
37,11,2,0.360614150762558
37,11,3,0.19530214369297028
37,11,4,0.0012928132200613618
37,11,5,0.18045233190059662
37,11,6,0.0913676843047142
38,0,2,0.401497483253479
38,0,3,0.28425246477127075
38,0,4,0.2443813681602478
38,0,5,0.12926866114139557
38,0,6,0.07803679257631302
38,1,2,0.3952207565307617
38,1,3,0.2186717540025711
38,1,4,0.07511171698570251
38,1,5,0.03798665478825569
38,1,6,0.022931749001145363
38,2,2,0.280205637216568
38,2,3,0.14907726645469666
38,2,4,0.07530541718006134
38,2,5,0.045431654900312424
38,2,6,0.030391985550522804
38,3,2,0.23936901986598969
38,3,3,0.12659355998039246
38,3,4,0.1129411831498146
38,3,5,0.06506913155317307
38,3,6,0.05179045721888542
38,4,2,0.20852473378181458
38,4,3,0.10422540456056595
38,4,4,0.13162997364997864
38,4,5,0.14180102944374084
38,4,6,0.0948592871427536
38,5,2,0.35968610644340515
38,5,3,0.11691705137491226
38,5,4,0.18680424988269806
38,5,5,0.1126987487077713
38,5,6,0.0753910169005394
38,6,2,0.18495915830135345
38,6,3,0.2754909098148346
38,6,4,0.1410215049982071
38,6,5,0.10304516553878784
38,6,6,0.06893313676118851
38,7,2,0.0023757130838930607
38,7,3,0.25553464889526367
38,7,4,0.08777377754449844
38,7,5,0.04439030587673187
38,7,6,0.026797499507665634
38,8,2,0.002406676532700658
38,8,3,0.003146870993077755
38,8,4,0.33834603428840637
38,8,5,0.11657103896141052
38,8,6,0.059022944420576096
38,9,2,0.11604546755552292
38,9,3,0.29991161823272705
38,9,4,0.15766902267932892
38,9,5,0.09512150287628174
38,9,6,0.0636325255036354
38,10,2,0.17974185943603516
38,10,3,0.2828799784183502
38,10,4,0.15396152436733246
38,10,5,0.09288477897644043
38,10,6,0.06504441052675247
38,11,2,0.317201167345047
38,11,3,0.21910130977630615
38,11,4,0.11307293176651001
38,11,5,0.06821674853563309
38,11,6,0.04563431441783905
39,0,2,0.13553351163864136
39,0,3,0.12315602600574493
39,0,4,0.06221146509051323
39,0,5,0.03753209114074707
39,0,6,0.02510748989880085
39,1,2,0.20885884761810303
39,1,3,0.12888920307159424
39,1,4,0.09110932052135468
39,1,5,0.08542320132255554
39,1,6,0.06185116246342659
39,2,2,0.29994404315948486
39,2,3,0.1027146726846695
39,2,4,0.09464342892169952
39,2,5,0.057098254561424255
39,2,6,0.04991200938820839
39,3,2,0.28435125946998596
39,3,3,0.13828261196613312
39,3,4,0.08990881592035294
39,3,5,0.054241862148046494
39,3,6,0.03628566488623619
39,4,2,0.06181248277425766
39,4,3,0.021663371473550797
39,4,4,0.010943110100924969
39,4,5,0.006601965520530939
39,4,6,0.004416452255100012
39,5,2,0.031235601752996445
39,5,3,0.119114950299263
39,5,4,0.060170140117406845
39,5,5,0.03630056232213974
39,5,6,0.04284997284412384
39,6,2,0.1591348797082901
39,6,3,0.18545126914978027
39,6,4,0.0936795026063919
39,6,5,0.05651671439409256
39,6,6,0.04632819443941116
39,7,2,0.1530006229877472
39,7,3,0.08201924711465836
39,7,4,0.07674054801464081
39,7,5,0.04629747197031975
39,7,6,0.030971180647611618
39,8,2,0.37275099754333496
39,8,3,0.12764713168144226
39,8,4,0.1222216933965683
39,8,5,0.09140851348638535
39,8,6,0.06114869564771652
39,9,2,0.2150305211544037
39,9,3,0.0978199765086174
39,9,4,0.09642010182142258
39,9,5,0.06822452694177628
39,9,6,0.0456395149230957
39,10,2,0.13742677867412567
39,10,3,0.10696058720350266
39,10,4,0.05403044447302818
39,10,5,0.037568263709545135
39,10,6,0.0707019716501236
39,11,2,0.288492888212204
39,11,3,0.08361828327178955
39,11,4,0.09501133114099503
39,11,5,0.048050593584775925
39,11,6,0.04179529845714569
40,0,2,0.5087478160858154
40,0,3,0.21921658515930176
40,0,4,0.10670005530118942
40,0,5,0.051347680389881134
40,0,6,0.030997514724731445
40,1,2,0.2993083894252777
40,1,3,0.10249698162078857
40,1,4,0.11579393595457077
40,1,5,0.06985832750797272
40,1,6,0.04673245549201965
40,2,2,0.14863353967666626
40,2,3,0.09851567447185516
40,2,4,0.04976455494761467
40,2,5,0.030022889375686646
40,2,6,0.05724393203854561
40,3,2,0.5124615430831909
40,3,3,0.01162332110106945
40,3,4,0.003992508165538311
40,3,5,0.002019148785620928
40,3,6,0.001218915916979313
40,4,2,0.29862987995147705
40,4,3,0.1022646352648735
40,4,4,0.05165831744670868
40,4,5,0.031165387481451035
40,4,6,0.020848417654633522
40,5,2,0.1778857409954071
40,5,3,0.1782953143119812
40,5,4,0.09006471931934357
40,5,5,0.05433591827750206
40,5,6,0.04975033551454544
40,6,2,0.3540433943271637
40,6,3,0.16322565078735352
40,6,4,0.056066498160362244
40,6,5,0.028354812413454056
40,6,6,0.017117207869887352
40,7,2,0.33568984270095825
40,7,3,0.1000555083155632
40,7,4,0.10195716470479965
40,7,5,0.05156334489583969
40,7,6,0.03112771175801754
40,8,2,0.04228176176548004
40,8,3,0.468260258436203
40,8,4,0.011700531467795372
40,8,5,0.12685900926589966
40,8,6,0.0642319992184639
40,9,2,0.36922121047973633
40,9,3,0.05702737346291542
40,9,4,0.019588375464081764
40,9,5,0.009906533174216747
40,9,6,0.005980366840958595
40,10,2,0.03724340721964836
40,10,3,0.46258267760276794
40,10,4,0.30635854601860046
40,10,5,0.12457674741744995
40,10,6,0.0825238972902298
40,11,2,0.5246791839599609
40,11,3,0.0031415990088135004
40,11,4,0.20890624821186066
40,11,5,0.10193698853254318
40,11,6,0.10898138582706451
41,0,2,0.2609443962574005
41,0,3,0.15604768693447113
41,0,4,0.13380859792232513
41,0,5,0.08430331945419312
41,0,6,0.07384943962097168
41,1,2,0.3173236846923828
41,1,3,0.19737495481967926
41,1,4,0.12542501091957092
41,1,5,0.07895328104496002
41,1,6,0.08078643679618835
41,2,2,0.27926886081695557
41,2,3,0.22234706580638885
41,2,4,0.14242753386497498
41,2,5,0.08592633157968521
41,2,6,0.05748132988810539
41,3,2,0.35503095388412476
41,3,3,0.14508812129497528
41,3,4,0.13956817984580994
41,3,5,0.11319024115800858
41,3,6,0.06842820346355438
41,4,2,0.3601821959018707
41,4,3,0.15306198596954346
41,4,4,0.0809658020734787
41,4,5,0.04926072806119919
41,4,6,0.04386279731988907
41,5,2,0.20804855227470398
41,5,3,0.12473829090595245
41,5,4,0.10770168900489807
41,5,5,0.12149415165185928
41,5,6,0.07584886252880096
41,6,2,0.3131785988807678
41,6,3,0.15654800832271576
41,6,4,0.09982845187187195
41,6,5,0.06512743979692459
41,6,6,0.05152616649866104
41,7,2,0.25592416524887085
41,7,3,0.11496664583683014
41,7,4,0.10409355908632278
41,7,5,0.07058556377887726
41,7,6,0.055686160922050476
41,8,2,0.2887187898159027
41,8,3,0.15096765756607056
41,8,4,0.08205339312553406
41,8,5,0.08436205238103867
41,8,6,0.05643488094210625
41,9,2,0.29667553305625916
41,9,3,0.19670912623405457
41,9,4,0.11346770077943802
41,9,5,0.08820478618144989
41,9,6,0.05859144404530525
41,10,2,0.34763336181640625
41,10,3,0.1988506317138672
41,10,4,0.12744386494159698
41,10,5,0.09340255707502365
41,10,6,0.06799588352441788
41,11,2,0.2507849931716919
41,11,3,0.10656432062387466
41,11,4,0.06811680644750595
41,11,5,0.071611188352108
41,11,6,0.06497514992952347
42,0,2,0.31036219000816345
42,0,3,0.1489136666059494
42,0,4,0.08783826977014542
42,0,5,0.05299270898103714
42,0,6,0.035450030118227005
42,1,2,0.2688082456588745
42,1,3,0.18354272842407227
42,1,4,0.13409729301929474
42,1,5,0.09671908617019653
42,1,6,0.07996726036071777
42,2,2,0.32276174426078796
42,2,3,0.1722496896982193
42,2,4,0.08701081573963165
42,2,5,0.05249350517988205
42,2,6,0.03511608764529228
42,3,2,0.4533759355545044
42,3,3,0.2760511338710785
42,3,4,0.20494022965431213
42,3,5,0.11920643597841263
42,3,6,0.07196243852376938
42,4,2,0.1777174025774002
42,4,3,0.13206782937049866
42,4,4,0.06671319901943207
42,4,5,0.0738762617111206
42,4,6,0.0494203045964241
42,5,2,0.24465613067150116
42,5,3,0.1361294984817505
42,5,4,0.06513921171426773
42,5,5,0.10757762938737869
42,5,6,0.07196518778800964
42,6,2,0.2749297618865967
42,6,3,0.16084429621696472
42,6,4,0.0945192202925682
42,6,5,0.00036208410165272653
42,6,6,0.06878087669610977
42,7,2,0.15881334245204926
42,7,3,0.129317507147789
42,7,4,0.06627088040113449
42,7,5,0.11288627237081528
42,7,6,0.0755164623260498
42,8,2,0.3662104904651642
42,8,3,0.1444413959980011
42,8,4,0.08431058377027512
42,8,5,0.07469386607408524
42,8,6,0.04996725171804428
42,9,2,0.2586086392402649
42,9,3,0.10999658703804016
42,9,4,0.10064341127872467
42,9,5,0.059054095298051834
42,9,6,0.03950485587120056
42,10,2,0.2799800932407379
42,10,3,0.21624913811683655
42,10,4,0.14561845362186432
42,10,5,0.10569465905427933
42,10,6,0.07070555537939072
42,11,2,0.22794312238693237
42,11,3,0.2554120123386383
42,11,4,0.14571015536785126
42,11,5,0.09956518560647964
42,11,6,0.07447514683008194
43,0,2,0.4058128297328949
43,0,3,0.11477977782487869
43,0,4,0.04953485727310181
43,0,5,0.025051528587937355
43,0,6,0.039527375251054764
43,1,2,0.33553066849708557
43,1,3,0.11490117758512497
43,1,4,0.05804157629609108
43,1,5,0.03501641005277634
43,1,6,0.02342459373176098
43,2,2,0.30676397681236267
43,2,3,0.11608617007732391
43,2,4,0.05864017456769943
43,2,5,0.035377535969018936
43,2,6,0.023666176944971085
43,3,2,0.2316877692937851
43,3,3,0.158076673746109
43,3,4,0.0798514112830162
43,3,5,0.04817424714565277
43,3,6,0.032226670533418655
43,4,2,0.16523908078670502
43,4,3,0.05658547952771187
43,4,4,0.028583787381649017
43,4,5,0.01724456064403057
43,4,6,0.011535929515957832
43,5,2,0.218328058719635
43,5,3,0.13509662449359894
43,5,4,0.06824318319559097
43,5,5,0.05129076540470123
43,5,6,0.034311503171920776
43,6,2,0.48140811920166016
43,6,3,0.13260746002197266
43,6,4,0.059945784509181976
43,6,5,0.030316704884171486
43,6,6,0.06638143956661224
43,7,2,0.13697998225688934
43,7,3,0.07178178429603577
43,7,4,0.036260101944208145
43,7,5,0.021875673905014992
43,7,6,0.027508124709129333
43,8,2,0.33269670605659485
43,8,3,0.11393069475889206
43,8,4,0.05755135044455528
43,8,5,0.03472065180540085
43,8,6,0.05632413551211357
43,9,2,0.14667725563049316
43,9,3,0.0725487768650055
43,9,4,0.03679985925555229
43,9,5,0.031571079045534134
43,9,6,0.03807298094034195
43,10,2,0.031714390963315964
43,10,3,0.311946302652359
43,10,4,0.16360333561897278
43,10,5,0.14112693071365356
43,10,6,0.000458438356872648
43,11,2,0.10629986226558685
43,11,3,0.05830919370055199
43,11,4,0.029454508796334267
43,11,5,0.017769865691661835
43,11,6,0.016578318551182747
44,0,2,0.21073806285858154
44,0,3,0.10319364070892334
44,0,4,0.053099703043699265
44,0,5,0.0320349745452404
44,0,6,0.021430136635899544
44,1,2,0.22472140192985535
44,1,3,0.14565473794937134
44,1,4,0.08800849318504333
44,1,5,0.04012724384665489
44,1,6,0.026843542233109474
44,2,2,0.14717715978622437
44,2,3,0.11163365840911865
44,2,4,0.05972963944077492
44,2,5,0.036034807562828064
44,2,6,0.024105865508317947
44,3,2,0.2442786544561386
44,3,3,0.1849425882101059
44,3,4,0.11458779126405716
44,3,5,0.0728411078453064
44,3,6,0.06243135780096054
44,4,2,0.20125806331634521
44,4,3,0.09905513375997543
44,4,4,0.05003705620765686
44,4,5,0.03018728643655777
44,4,6,0.08749670535326004
44,5,2,0.20037010312080383
44,5,3,0.15250563621520996
44,5,4,0.08480837196111679
44,5,5,0.057488974183797836
44,5,6,0.038457855582237244
44,6,2,0.4850780665874481
44,6,3,0.351854532957077
44,6,4,0.13421852886676788
44,6,5,0.08972059190273285
44,6,6,0.07939576357603073
44,7,2,0.11620687693357468
44,7,3,0.039794594049453735
44,7,4,0.02010198123753071
44,7,5,0.012127497233450413
44,7,6,0.008112816140055656
44,8,2,0.28257209062576294
44,8,3,0.16276851296424866
44,8,4,0.08222145587205887
44,8,5,0.04960409551858902
44,8,6,0.03318318352103233
44,9,2,0.191557839512825
44,9,3,0.06559824198484421
44,9,4,0.0331365205347538
44,9,5,0.01999121531844139
44,9,6,0.02990133874118328
44,10,2,0.2454877346754074
44,10,3,0.12258434295654297
44,10,4,0.07789912819862366
44,10,5,0.0747571811079979
44,10,6,0.03367675468325615
44,11,2,0.23023682832717896
44,11,3,0.10993555188179016
44,11,4,0.06929779052734375
44,11,5,0.0490107424557209
44,11,6,0.039258457720279694
45,0,2,0.2503078877925873
45,0,3,0.15098977088928223
45,0,4,0.14675669372081757
45,0,5,0.08853811770677567
45,0,6,0.07169351726770401
45,1,2,0.05580006167292595
45,1,3,0.4863499701023102
45,1,4,0.0749347135424614
45,1,5,0.02581741102039814
45,1,6,0.013072019442915916
45,2,2,0.32861971855163574
45,2,3,0.13579344749450684
45,2,4,0.06859515607357025
45,2,5,0.04138337820768356
45,2,6,0.027683839201927185
45,3,2,0.19188900291919708
45,3,3,0.3011017143726349
45,3,4,0.1520995795726776
45,3,5,0.09176146239042282
45,3,6,0.06138479709625244
45,4,2,0.20634856820106506
45,4,3,0.12913690507411957
45,4,4,0.1252431869506836
45,4,5,0.06295911967754364
45,4,6,0.0421171635389328
45,5,2,0.251382440328598
45,5,3,0.1269342005252838
45,5,4,0.08036963641643524
45,5,5,0.04848688468337059
45,5,6,0.0324358306825161
45,6,2,0.4260079860687256
45,6,3,0.2477138787508011
45,6,4,0.0010019061155617237
45,6,5,0.08901982009410858
45,6,6,0.04507303610444069
45,7,2,0.369904488325119
45,7,3,0.12667234241962433
45,7,4,0.06398770958185196
45,7,5,0.03860370069742203
45,7,6,0.025824349373579025
45,8,2,0.32014885544776917
45,8,3,0.13348345458507538
45,8,4,0.11182884126901627
45,8,5,0.06746618449687958
45,8,6,0.045132216066122055
45,9,2,0.06198033317923546
45,9,3,0.5842089653015137
45,9,4,0.32777416706085205
45,9,5,0.23953884840011597
45,9,6,0.12128470838069916
45,10,2,0.6418471336364746
45,10,3,0.3485139012336731
45,10,4,0.17843203246593475
45,10,5,0.11770269274711609
45,10,6,0.06881651282310486
45,11,2,0.0031511287670582533
45,11,3,0.3753155469894409
45,11,4,0.23243029415607452
45,11,5,0.11031235754489899
45,11,6,0.0669923797249794
46,0,2,0.25776422023773193
46,0,3,0.13979706168174744
46,0,4,0.11159542948007584
46,0,5,0.09171263873577118
46,0,6,0.07431713491678238
46,1,2,0.26075056195259094
46,1,3,0.1318456530570984
46,1,4,0.09540241211652756
46,1,5,0.11532629281282425
46,1,6,0.07714874297380447
46,2,2,0.29999929666519165
46,2,3,0.10273358970880508
46,2,4,0.051895204931497574
46,2,5,0.03130830451846123
46,2,6,0.02094402350485325
46,3,2,0.19043056666851044
46,3,3,0.15152227878570557
46,3,4,0.13688793778419495
46,3,5,0.08258429914712906
46,3,6,0.060024362057447433
46,4,2,0.2199937254190445
46,4,3,0.14678506553173065
46,4,4,0.10314983874559402
46,4,5,0.07569530606269836
46,4,6,0.0736294835805893
46,5,2,0.2991589605808258
46,5,3,0.13628153502941132
46,5,4,0.09041428565979004
46,5,5,0.05566897243261337
46,5,6,0.07823807001113892
46,6,2,0.24905924499034882
46,6,3,0.14029936492443085
46,6,4,0.08093868941068649
46,6,5,0.05922285467386246
46,6,6,0.04753747954964638
46,7,2,0.3230755627155304
46,7,3,0.22893443703651428
46,7,4,0.1397969275712967
46,7,5,0.1253834366798401
46,7,6,0.07533133029937744
46,8,2,0.26523539423942566
46,8,3,0.13552744686603546
46,8,4,0.06489454954862595
46,8,5,0.05483913794159889
46,8,6,0.036685217171907425
46,9,2,0.27124133706092834
46,9,3,0.13288983702659607
46,9,4,0.08345120400190353
46,9,5,0.07524406164884567
46,9,6,0.07726949453353882
46,10,2,0.4131515920162201
46,10,3,0.1552707701921463
46,10,4,0.08498600870370865
46,10,5,0.07445235550403595
46,10,6,0.043229278177022934
46,11,2,0.42163586616516113
46,11,3,0.21250760555267334
46,11,4,0.16308510303497314
46,11,5,0.08331957459449768
46,11,6,0.08109747618436813
47,0,2,0.29224610328674316
47,0,3,0.15307652950286865
47,0,4,0.1247175857424736
47,0,5,0.07524193823337555
47,0,6,0.0503338947892189
47,1,2,0.2697557508945465
47,1,3,0.001386828487738967
47,1,4,0.19415877759456635
47,1,5,0.11903423815965652
47,1,6,0.08413737267255783
47,2,2,0.20777955651283264
47,2,3,0.16009211540222168
47,2,4,0.08086948841810226
47,2,5,0.04878845438361168
47,2,6,0.032637547701597214
47,3,2,0.2587633728981018
47,3,3,0.1733461320400238
47,3,4,0.09946493059396744
47,3,5,0.0758599117398262
47,3,6,0.054212506860494614
47,4,2,0.32152611017227173
47,4,3,0.18420223891735077
47,4,4,0.11708077788352966
47,4,5,0.07063467055559158
47,4,6,0.06170457601547241
47,5,2,0.410139262676239
47,5,3,0.14209440350532532
47,5,4,0.0957678034901619
47,5,5,0.11331330239772797
47,5,6,0.08058030903339386
47,6,2,0.2628013789653778
47,6,3,0.1597193479537964
47,6,4,0.08600505441427231
47,6,5,0.04868149012327194
47,6,6,0.06554760783910751
47,7,2,0.2920514941215515
47,7,3,0.11604224890470505
47,7,4,0.08182870596647263
47,7,5,0.04936714842915535
47,7,6,0.041408661752939224
47,8,2,0.27961990237236023
47,8,3,0.15189045667648315
47,8,4,0.08163505047559738
47,8,5,0.049250319600105286
47,8,6,0.057371094822883606
47,9,2,0.29051902890205383
47,9,3,0.17389389872550964
47,9,4,0.08784137666225433
47,9,5,0.08827904611825943
47,9,6,0.05905519798398018
47,10,2,0.257066011428833
47,10,3,0.13711412250995636
47,10,4,0.11128757894039154
47,10,5,0.07049421221017838
47,10,6,0.04715783894062042
47,11,2,0.4233490526676178
47,11,3,0.2616237699985504
47,11,4,0.10370464622974396
47,11,5,0.07274691760540009
47,11,6,0.043518222868442535
48,0,2,0.3801182508468628
48,0,3,0.1683560311794281
48,0,4,0.08362934738397598
48,0,5,0.03893496096134186
48,0,6,0.06641151010990143
48,1,2,0.401479035615921
48,1,3,0.17661990225315094
48,1,4,0.08574868738651276
48,1,5,0.044852688908576965
48,1,6,0.07431375235319138
48,2,2,0.22346293926239014
48,2,3,0.13487479090690613
48,2,4,0.08641926944255829
48,2,5,0.10921090096235275
48,2,6,0.04478041082620621
48,3,2,0.1503426879644394
48,3,3,0.11653392016887665
48,3,4,0.06600241363048553
48,3,5,0.04089582338929176
48,3,6,0.056399840861558914
48,4,2,0.1531195491552353
48,4,3,0.10512988269329071
48,4,4,0.059355564415454865
48,4,5,0.035809122025966644
48,4,6,0.02395489625632763
48,5,2,0.358641117811203
48,5,3,0.1853249967098236
48,5,4,0.06240612640976906
48,5,5,0.041002608835697174
48,5,6,0.12353400886058807
48,6,2,0.33503076434135437
48,6,3,0.18709281086921692
48,6,4,0.00046191265573725104
48,6,5,0.06401132792234421
48,6,6,0.07507085800170898
48,7,2,0.24130071699619293
48,7,3,0.08263248950242996
48,7,4,0.12609268724918365
48,7,5,0.061036355793476105
48,7,6,0.00023657722340431064
48,8,2,0.2177196890115738
48,8,3,0.09798406809568405
48,8,4,0.10792610794305801
48,8,5,0.0651116743683815
48,8,6,0.04355713352560997
48,9,2,0.034059688448905945
48,9,3,0.32730892300605774
48,9,4,0.04401439055800438
48,9,5,0.12402758002281189
48,9,6,0.06279836595058441
48,10,2,0.2352864295244217
48,10,3,0.1192864403128624
48,10,4,0.08368285000324249
48,10,5,0.04538070410490036
48,10,6,0.035816747695207596
48,11,2,0.258954256772995
48,11,3,0.13628117740154266
48,11,4,0.0994841605424881
48,11,5,0.05609465017914772
48,11,6,0.05418349429965019
49,0,2,0.0036826529540121555
49,0,3,0.448655903339386
49,0,4,0.1541091501712799
49,0,5,0.07793844491243362
49,0,6,0.047049812972545624
49,1,2,0.2702827751636505
49,1,3,0.1842872053384781
49,1,4,0.11661065369844437
49,1,5,0.07035105675458908
49,1,6,0.04706207662820816
49,2,2,0.2528703808784485
49,2,3,0.08659446984529495
49,2,4,0.1685144156217575
49,2,5,0.10166452080011368
49,2,6,0.06800954788923264
49,3,2,0.32993775606155396
49,3,3,0.2234571874141693
49,3,4,0.10540768504142761
49,3,5,0.0745440274477005
49,3,6,0.049867015331983566
49,4,2,0.23967815935611725
49,4,3,0.15321756899356842
49,4,4,0.07739686220884323
49,4,5,0.04669342190027237
49,4,6,0.031236058101058006
49,5,2,0.17188364267349243
49,5,3,0.23786617815494537
49,5,4,0.12015655636787415
49,5,5,0.07249028235673904
49,5,6,0.04849313572049141
49,6,2,0.40978214144706726
49,6,3,0.19774162769317627
49,6,4,0.15097154676914215
49,6,5,0.15753509104251862
49,6,6,0.09510062634944916
49,7,2,0.30056941509246826
49,7,3,0.13536672294139862
49,7,4,0.001008601626381278
49,7,5,0.15630269050598145
49,7,6,0.09435666352510452
49,8,2,0.31696102023124695
49,8,3,0.19983498752117157
49,8,4,0.10094534605741501
49,8,5,0.060900188982486725
49,8,6,0.04073982313275337
49,9,2,0.22682902216911316
49,9,3,0.12408053874969482
49,9,4,0.1499132215976715
49,9,5,0.09044244140386581
49,9,6,0.060502421110868454
49,10,2,0.049854520708322525
49,10,3,0.3053983449935913
49,10,4,0.2742093503475189
49,10,5,0.126363143324852
49,10,6,0.00041048950515687466
49,11,2,0.040950432419776917
49,11,3,0.37724339962005615
49,11,4,0.23608620464801788
49,11,5,0.0813392698764801
49,11,6,0.04118417575955391
50,0,2,0.29125455021858215
50,0,3,0.14785136282444
50,0,4,0.10777639597654343
50,0,5,0.06502135843038559
50,0,6,0.04349672049283981
50,1,2,0.36996689438819885
50,1,3,0.18773099780082703
50,1,4,0.09945330768823624
50,1,5,0.06954208016395569
50,1,6,0.046520911157131195
50,2,2,0.39094629883766174
50,2,3,0.18285050988197327
50,2,4,0.1119861751794815
50,2,5,0.06389936059713364
50,2,6,0.0385747104883194
50,3,2,0.27904653549194336
50,3,3,0.16804829239845276
50,3,4,0.0848885029554367
50,3,5,0.05121311917901039
50,3,6,0.034259553998708725
50,4,2,0.2868109345436096
50,4,3,0.09821729362010956
50,4,4,0.0496138259768486
50,4,5,0.02993195503950119
50,4,6,0.020023295655846596
50,5,2,0.2434004545211792
50,5,3,0.12076740711927414
50,5,4,0.08990175276994705
50,5,5,0.05423760041594505
50,5,6,0.06828701496124268
50,6,2,0.21640349924564362
50,6,3,0.1540324091911316
50,6,4,0.0941496416926384
50,6,5,0.05680035427212715
50,6,6,0.03799718990921974
50,7,2,0.22605523467063904
50,7,3,0.13172967731952667
50,7,4,0.06654239445924759
50,7,5,0.04014493525028229
50,7,6,0.026855379343032837
50,8,2,0.22309699654579163
50,8,3,0.15078707039356232
50,8,4,0.07590843737125397
50,8,5,0.08411645889282227
50,8,6,0.05627059191465378
50,9,2,0.27309849858283997
50,9,3,0.14886416494846344
50,9,4,0.07519776374101639
50,9,5,0.04536670446395874
50,9,6,0.030348539352416992
50,10,2,0.28057724237442017
50,10,3,0.1402512490749359
50,10,4,0.07923714816570282
50,10,5,0.050621774047613144
50,10,6,0.034252941608428955
50,11,2,0.26610100269317627
50,11,3,0.12325689196586609
50,11,4,0.1069861575961113
50,11,5,0.06454459577798843
50,11,6,0.04317779093980789
51,0,2,0.0011927348095923662
51,0,3,0.001385784475132823
51,0,4,0.1586209535598755
51,0,5,0.07548616826534271
51,0,6,0.0716911107301712
51,1,2,0.18046154081821442
51,1,3,0.11386211961507797
51,1,4,0.07726228982210159
51,1,5,0.04661223664879799
51,1,6,0.03118174523115158
51,2,2,0.13855502009391785
51,2,3,0.10280441492795944
51,2,4,0.04453037306666374
51,2,5,0.02686510980129242
51,2,6,0.043275464326143265
51,3,2,0.3004726469516754
51,3,3,0.14016929268836975
51,3,4,0.07724352180957794
51,3,5,0.06186928227543831
51,3,6,0.038998767733573914
51,4,2,0.10099881887435913
51,4,3,0.16283011436462402
51,4,4,0.09141965955495834
51,4,5,0.05515335872769356
51,4,6,0.03689542040228844
51,5,2,0.18500064313411713
51,5,3,0.0675409808754921
51,5,4,0.06112353876233101
51,5,5,0.06628494709730148
51,5,6,0.04434201866388321
51,6,2,0.2347959578037262
51,6,3,0.08040495961904526
51,6,4,0.04061604291200638
51,6,5,0.02450360730290413
51,6,6,0.016391942277550697
51,7,2,0.35468074679374695
51,7,3,0.21230579912662506
51,7,4,0.0005896927323192358
51,7,5,0.0007709822384640574
51,7,6,0.0009129847749136388
51,8,2,0.1890820860862732
51,8,3,0.06590861827135086
51,8,4,0.07134134322404861
51,8,5,0.051869478076696396
51,8,6,0.03469862788915634
51,9,2,0.19387969374656677
51,9,3,0.0812172070145607
51,9,4,0.03786390274763107
51,9,5,0.051951561123132706
51,9,6,0.050129953771829605
51,10,2,0.21469730138778687
51,10,3,0.11985884606838226
51,10,4,0.0908961370587349
51,10,5,0.07009362429380417
51,10,6,0.060045406222343445
51,11,2,0.20733854174613953
51,11,3,0.145838662981987
51,11,4,0.10250093787908554
51,11,5,0.05555703490972519
51,11,6,0.06666694581508636
52,0,2,0.46276387572288513
52,0,3,0.22213047742843628
52,0,4,0.10964272916316986
52,0,5,0.055450212210416794
52,0,6,0.03347413241863251
52,1,2,0.051046743988990784
52,1,3,0.46569618582725525
52,1,4,0.23533673584461212
52,1,5,0.08108104765415192
52,1,6,0.04105342924594879
52,2,2,0.13650941848754883
52,2,3,0.10463602840900421
52,2,4,0.052856218069791794
52,2,5,0.03188807889819145
52,2,6,0.021331865340471268
52,3,2,0.30979201197624207
52,3,3,0.10464801639318466
52,3,4,0.0528622642159462
52,3,5,0.03189173713326454
52,3,6,0.02133430540561676
52,4,2,0.1988658457994461
52,4,3,0.1991746723651886
52,4,4,0.10061179101467133
52,4,5,0.07941211014986038
52,4,6,0.05312357470393181
52,5,2,0.28023746609687805
52,5,3,0.1089986115694046
52,5,4,0.05505993962287903
52,5,5,0.07668416947126389
52,5,6,0.054182231426239014
52,6,2,0.41762182116508484
52,6,3,0.24486488103866577
52,6,4,0.08410880714654922
52,6,5,0.04253680631518364
52,6,6,0.02567857876420021
52,7,2,0.3097698390483856
52,7,3,0.10607946664094925
52,7,4,0.05358535796403885
52,7,5,0.03232796862721443
52,7,6,0.04870392009615898
52,8,2,0.39243197441101074
52,8,3,0.13438680768013
52,8,4,0.06788461655378342
52,8,5,0.040954697877168655
52,8,6,0.027397075667977333
52,9,2,0.04263562336564064
52,9,3,0.4480859935283661
52,9,4,0.25547167658805847
52,9,5,0.08801817893981934
52,9,6,0.04456587880849838
52,10,2,0.002502086805179715
52,10,3,0.16466322541236877
52,10,4,0.16158385574817657
52,10,5,0.09273141622543335
52,10,6,0.07384347170591354
52,11,2,0.20857013761997223
52,11,3,0.1463279128074646
52,11,4,0.07391659170389175
52,11,5,0.044593777507543564
52,11,6,0.08822686970233917
53,0,2,0.2916784882545471
53,0,3,0.15532167255878448
53,0,4,0.0784597396850586
53,0,5,0.04854085296392441
53,0,6,0.03513561189174652
53,1,2,0.3397563397884369
53,1,3,0.22683413326740265
53,1,4,0.11458379030227661
53,1,5,0.06912825256586075
53,1,6,0.046244069933891296
53,2,2,0.21792177855968475
53,2,3,0.11523809283971786
53,2,4,0.081868015229702
53,2,5,0.05874725431203842
53,2,6,0.09791406244039536
53,3,2,0.28267455101013184
53,3,3,0.2253248542547226
53,3,4,0.11382138729095459
53,3,5,0.08092087507247925
53,3,6,0.04893696308135986
53,4,2,0.3207988440990448
53,4,3,0.10985631495714188
53,4,4,0.10579568147659302
53,4,5,0.06382638961076736
53,4,6,0.04269733279943466
53,5,2,0.31116366386413574
53,5,3,0.15205000340938568
53,5,4,0.07680707424879074
53,5,5,0.054710980504751205
53,5,6,0.09864688664674759
53,6,2,0.24082405865192413
53,6,3,0.1730262041091919
53,6,4,0.0874030664563179
53,6,5,0.052730150520801544
53,6,6,0.05305591598153114
53,7,2,0.23640871047973633
53,7,3,0.23742735385894775
53,7,4,0.11993488669395447
53,7,5,0.09164821356534958
53,7,6,0.052757423371076584
53,8,2,0.24237564206123352
53,8,3,0.1571892946958542
53,8,4,0.07940315455198288
53,8,5,0.04790380969643593
53,8,6,0.03204576298594475
53,9,2,0.2573336362838745
53,9,3,0.20943373441696167
53,9,4,0.11779782176017761
53,9,5,0.07106726616621017
53,9,6,0.04754119738936424
53,10,2,0.7090790867805481
53,10,3,0.2310817688703537
53,10,4,0.2591944932937622
53,10,5,0.13108381628990173
53,10,6,0.0791325718164444
53,11,2,0.18856365978717804
53,11,3,0.16711275279521942
53,11,4,0.11170236766338348
53,11,5,0.06738988310098648
53,11,6,0.04508117213845253
54,0,2,0.36620959639549255
54,0,3,0.008306130766868591
54,0,4,0.0028530810959637165
54,0,5,0.0014429021393880248
54,0,6,0.0008710534893907607
54,1,2,0.267097145318985
54,1,3,0.0006579371402040124
54,1,4,0.18375839293003082
54,1,5,0.08697492629289627
54,1,6,0.05250493809580803
54,2,2,0.1181303858757019
54,2,3,0.040453292429447174
54,2,4,0.02043471671640873
54,2,5,0.012328239157795906
54,2,6,0.008247101679444313
54,3,2,0.3330093324184418
54,3,3,0.1371416449546814
54,3,4,0.06927620619535446
54,3,5,0.04179424047470093
54,3,6,0.0279587022960186
54,4,2,0.21229024231433868
54,4,3,0.0726979672908783
54,4,4,0.036722905933856964
54,4,5,0.022154880687594414
54,4,6,0.014820737764239311
54,5,2,0.212115079164505
54,5,3,0.12294218689203262
54,5,4,0.06210344284772873
54,5,5,0.037466924637556076
54,5,6,0.0250638909637928
54,6,2,0.18226632475852966
54,6,3,0.06241639330983162
54,6,4,0.03152924403548241
54,6,5,0.055988747626543045
54,6,6,0.02079887129366398
54,7,2,0.10751663893461227
54,7,3,0.03681865334510803
54,7,4,0.018598705530166626
54,7,5,0.011220571584999561
54,7,6,0.007506120018661022
54,8,2,0.38307511806488037
54,8,3,0.3390148878097534
54,8,4,0.11644846946001053
54,8,5,0.05889211967587471
54,8,6,0.03555193543434143
54,9,2,0.002192598069086671
54,9,3,0.0018861438147723675
54,9,4,0.19881029427051544
54,9,5,0.06849651038646698
54,9,6,0.03468155115842819
54,10,2,0.001380760339088738
54,10,3,0.16317690908908844
54,10,4,0.11152861267328262
54,10,5,0.10851527005434036
54,10,6,0.0918092429637909
54,11,2,0.2942541837692261
54,11,3,6.28790512564592e-05
54,11,4,0.0066276779398322105
54,11,5,0.00228345999494195
54,11,6,0.07286880910396576
55,0,2,0.2690265476703644
55,0,3,0.09634069353342056
55,0,4,0.09179528057575226
55,0,5,0.03969037905335426
55,0,6,0.026551296934485435
55,1,2,0.44855713844299316
55,1,3,0.27937033772468567
55,1,4,0.09596111625432968
55,1,5,0.048530932515859604
55,1,6,0.029297107830643654
55,2,2,0.33419862389564514
55,2,3,0.11444501578807831
55,2,4,0.05781115964055061
55,2,5,0.03487739339470863
55,2,6,0.08949451893568039
55,3,2,0.3293541669845581
55,3,3,0.13943277299404144
55,3,4,0.07605666667222977
55,3,5,0.06246979162096977
55,3,6,0.05852362513542175
55,4,2,0.21894603967666626
55,4,3,0.1024462878704071
55,4,4,0.05175007879734039
55,4,5,0.031220752745866776
55,4,6,0.020885448902845383
55,5,2,0.2119394689798355
55,5,3,0.1477695256471634
55,5,4,0.07464481890201569
55,5,5,0.04503311589360237
55,5,6,0.03012537769973278
55,6,2,0.2914332151412964
55,6,3,0.18340833485126495
55,6,4,0.09264753013849258
55,6,5,0.05589412525296211
55,6,6,0.03739096596837044
55,7,2,0.28118255734443665
55,7,3,0.1359710842370987
55,7,4,0.06868491321802139
55,7,5,0.041437506675720215
55,7,6,0.027720065787434578
55,8,2,0.14786019921302795
55,8,3,0.11955774575471878
55,8,4,0.040592871606349945
55,8,5,0.04816179350018501
55,8,6,0.036231666803359985
55,9,2,0.3264651596546173
55,9,3,0.1372145563364029
55,9,4,0.06931303441524506
55,9,5,0.04181646183133125
55,9,6,0.027973564341664314
55,10,2,0.37356865406036377
55,10,3,0.2435487061738968
55,10,4,0.1100909486413002
55,10,5,0.05403688922524452
55,10,6,0.03262094408273697
55,11,2,0.3124990463256836
55,11,3,0.14962908625602722
55,11,4,0.07558415830135345
55,11,5,0.04559981822967529
55,11,6,0.030504481866955757
56,0,2,0.34822341799736023
56,0,3,0.1730755865573883
56,0,4,0.09450961649417877
56,0,5,0.053088583052158356
56,0,6,0.035514164716005325
56,1,2,0.29739516973495483
56,1,3,0.10024867951869965
56,1,4,0.09429004788398743
56,1,5,0.05688505247235298
56,1,6,0.03805386647582054
56,2,2,0.19878266751766205
56,2,3,0.0680723488330841
56,2,4,0.03438630700111389
56,2,5,0.020745210349559784
56,2,6,0.013877727091312408
56,3,2,0.2227053940296173
56,3,3,0.07626459002494812
56,3,4,0.0385245643556118
56,3,5,0.023241817951202393
56,3,6,0.0155478585511446
56,4,2,0.5332088470458984
56,4,3,0.0026562362909317017
56,4,4,0.27998197078704834
56,4,5,0.11547869443893433
56,4,6,0.06683775782585144
56,5,2,0.29856282472610474
56,5,3,0.1784929484128952
56,5,4,0.08472714573144913
56,5,5,0.051115769892930984
56,5,6,0.03419443219900131
56,6,2,0.15795792639255524
56,6,3,0.12284550815820694
56,6,4,0.06205461174249649
56,6,5,0.03743745759129524
56,6,6,0.0303585734218359
56,7,2,0.18758194148540497
56,7,3,0.14602556824684143
56,7,4,0.07376386970281601
56,7,5,0.044501643627882004
56,7,6,0.03779129683971405
56,8,2,0.156111478805542
56,8,3,0.11228387802839279
56,8,4,0.10414807498455048
56,8,5,0.05789298936724663
56,8,6,0.0700979009270668
56,9,2,0.2869836688041687
56,9,3,0.11862832307815552
56,9,4,0.06791102886199951
56,9,5,0.040970634669065475
56,9,6,0.03700444847345352
56,10,2,0.26873162388801575
56,10,3,0.0011300852056592703
56,10,4,0.118455670773983
56,10,5,0.0599072091281414
56,10,6,0.0473417304456234
56,11,2,0.13179677724838257
56,11,3,0.12220442295074463
56,11,4,0.11315714567899704
56,11,5,0.0681978315114975
56,11,6,0.03886033222079277
57,0,2,0.2707330882549286
57,0,3,0.09973232448101044
57,0,4,0.053489793092012405
57,0,5,0.03227032348513603
57,0,6,0.022837821394205093
57,1,2,0.0033576602581888437
57,1,3,0.24165581166744232
57,1,4,0.0016401761677116156
57,1,5,0.0015385574661195278
57,1,6,0.0013693898217752576
57,2,3,0.20081117749214172
57,2,4,0.10187339782714844
57,2,5,0.0670841708779335
57,2,6,0.03126969933509827
57,3,2,0.28871214389801025
57,3,3,0.09355904906988144
57,3,4,0.07991544902324677
57,3,5,0.04842253401875496
57,3,6,0.03239275887608528
57,4,2,0.19365714490413666
57,4,3,0.1441543996334076
57,4,4,0.0932900533080101
57,4,5,0.055532313883304596
57,4,6,0.03897015377879143
57,5,2,0.28856179118156433
57,5,3,0.10663919895887375
57,5,4,0.05919564142823219
57,5,5,0.033870596438646317
57,5,6,0.0226580910384655
57,6,2,0.289034366607666
57,6,3,0.1101967915892601
57,6,4,0.055665191262960434
57,6,5,0.03358273580670357
57,6,6,0.022465525195002556
57,7,2,0.25368964672088623
57,7,3,0.09554870426654816
57,7,4,0.04826580733060837
57,7,5,0.029118696227669716
57,7,6,0.019479257985949516
57,8,2,0.5408271551132202
57,8,3,0.2080438733100891
57,8,4,0.08622781932353973
57,8,5,0.07006051391363144
57,8,6,0.03670556843280792
57,9,2,0.2694105803966522
57,9,3,0.13035564124584198
57,9,4,0.06584831327199936
57,9,5,0.039726197719573975
57,9,6,0.026575248688459396
57,10,2,0.055361565202474594
57,10,3,0.4646865725517273
57,10,4,0.3512881398200989
57,10,5,0.001153093995526433
57,10,6,0.12974847853183746
57,11,2,0.24821966886520386
57,11,3,0.0009519706945866346
57,11,4,0.15066666901111603
57,11,5,0.11384869366884232
57,11,6,0.08909805119037628
58,0,2,0.002211526967585087
58,0,3,0.002650040667504072
58,0,4,0.24746498465538025
58,0,5,0.0007966247503645718
58,0,6,0.0008763172663748264
58,1,2,0.16720226407051086
58,1,3,0.000861169071868062
58,1,4,0.23140493035316467
58,1,5,0.000744474760722369
58,1,6,0.12570731341838837
58,2,2,0.25276756286621094
58,2,3,0.11430281400680542
58,2,4,0.14901478588581085
58,2,5,0.09589572995901108
58,2,6,0.06947050988674164
58,3,2,0.2577519416809082
58,3,3,0.21157637238502502
58,3,4,0.1374974101781845
58,3,5,0.08870606124401093
58,3,6,0.0579988919198513
58,4,2,0.26630252599716187
58,4,3,0.15880237519741058
58,4,4,0.08495397865772247
58,4,5,0.05418828874826431
58,4,6,0.03923118859529495
58,5,2,0.24164654314517975
58,5,3,0.19171319901943207
58,5,4,0.10531550645828247
58,5,5,0.09505598247051239
58,5,6,0.0524526871740818
58,6,2,0.0032422456424683332
58,6,3,0.3414223790168762
58,6,4,0.18800592422485352
58,6,5,0.10923916101455688
58,6,6,0.07082117348909378
58,7,2,0.6596154570579529
58,7,3,0.201006680727005
58,7,4,0.2469944953918457
58,7,5,0.13185690343379974
58,7,6,0.14673812687397003
58,8,2,0.5764611959457397
58,8,3,0.23705142736434937
58,8,4,0.1705014407634735
58,8,5,0.0862286165356636
58,8,6,0.05205440893769264
58,9,2,0.2524529695510864
58,9,3,0.22350208461284637
58,9,4,0.14278854429721832
58,9,5,0.0870455652475357
58,9,6,0.0808541402220726
58,10,2,0.05168990418314934
58,10,3,0.05413980782032013
58,10,4,0.03385521471500397
58,10,5,0.6112284064292908
58,10,6,0.003447634866461158
58,11,2,0.58696049451828
58,11,3,0.3206169605255127
58,11,4,0.19393223524093628
58,11,5,0.10221609473228455
58,11,6,0.09134256094694138
59,0,2,0.2775169312953949
59,0,3,0.16797871887683868
59,0,4,0.11864878237247467
59,0,5,0.065544493496418
59,0,6,0.04362369328737259
59,1,2,0.127125546336174
59,1,3,0.0968874990940094
59,1,4,0.08896078914403915
59,1,5,0.07990067452192307
59,1,6,0.0002999034768436104
59,2,2,0.12201088666915894
59,2,3,0.08066535741090775
59,2,4,0.04199431464076042
59,2,5,0.06443062424659729
59,2,6,0.015645697712898254
59,3,2,0.36010468006134033
59,3,3,0.1961725354194641
59,3,4,0.1049940213561058
59,3,5,0.14642049372196198
59,3,6,0.1007164791226387
59,4,2,0.19507697224617004
59,4,3,0.06680334359407425
59,4,4,0.03374527767300606
59,4,5,0.020358478650450706
59,4,6,0.013619021512567997
59,5,2,0.004052978474646807
59,5,3,0.4271281361579895
59,5,4,0.20649221539497375
59,5,5,0.10416463762521744
59,5,6,0.06972523033618927
59,6,2,0.04435043781995773
59,6,3,0.37399211525917053
59,6,4,0.17488572001457214
59,6,5,0.08944980800151825
59,6,6,0.05769499018788338
59,7,2,0.4895707964897156
59,7,3,0.2779361307621002
59,7,4,0.13052839040756226
59,7,5,0.11640188097953796
59,7,6,0.06682892143726349
59,8,2,0.23747414350509644
59,8,3,0.16746027767658234
59,8,4,0.07578212767839432
59,8,5,0.06940829008817673
59,8,6,0.04397064819931984
59,9,2,0.039458584040403366
59,9,3,0.06385859102010727
59,9,4,0.03225775063037872
59,9,5,0.01946105621755123
59,9,6,0.01301867887377739
59,10,2,0.47724345326423645
59,10,3,0.16776834428310394
59,10,4,0.1070350632071495
59,10,5,0.05471419170498848
59,10,6,0.033029817044734955
59,11,2,0.3953479528427124
59,11,3,0.19327117502689362
59,11,4,0.17832152545452118
59,11,5,0.0857584998011589
59,11,6,0.09016367048025131
60,0,2,0.2682455778121948
60,0,3,0.09078613668680191
60,0,4,0.07234524935483932
60,0,5,0.05289693921804428
60,0,6,0.03283166512846947
60,1,2,0.3567822575569153
60,1,3,0.18013827502727509
60,1,4,0.0909956842660904
60,1,5,0.05489756911993027
60,1,6,0.03672430291771889
60,2,2,0.20043423771858215
60,2,3,0.12753713130950928
60,2,4,0.0644245520234108
60,2,5,0.08926285803318024
60,2,6,0.059713322669267654
60,3,2,0.23453252017498016
60,3,3,0.14631329476833344
60,3,4,0.0739092156291008
60,3,5,0.0445893295109272
60,3,6,0.060877662152051926
60,4,2,0.23389562964439392
60,4,3,0.08623789995908737
60,4,4,0.04356251284480095
60,4,5,0.0262812040746212
60,4,6,0.017581090331077576
60,5,2,0.15614603459835052
60,5,3,0.1223640963435173
60,5,4,0.07512553036212921
60,5,5,0.04532314091920853
60,5,6,0.05382806807756424
60,6,2,0.20309527218341827
60,6,3,0.07509642839431763
60,6,4,0.07616095244884491
60,6,5,0.05254961550235748
60,6,6,0.04973168671131134
60,7,2,0.1798936426639557
60,7,3,0.09889428317546844
60,7,4,0.05573808774352074
60,7,5,0.03456300124526024
60,7,6,0.023121284320950508
60,8,2,0.12150214612483978
60,8,3,0.12562619149684906
60,8,4,0.06015346944332123
60,8,5,0.04163738712668419
60,8,6,0.027853766456246376
60,9,2,0.0025305533781647682
60,9,3,0.25436723232269287
60,9,4,0.09280294924974442
60,9,5,0.04794364050030708
60,9,6,0.033153384923934937
60,10,2,0.18246914446353912
60,10,3,0.15604625642299652
60,10,4,0.08996355533599854
60,10,5,0.0474843792617321
60,10,6,0.045424506068229675
60,11,2,0.12523485720157623
60,11,3,0.0010665414156392217
60,11,4,0.15463653206825256
60,11,5,0.0782051682472229
60,11,6,0.047210823744535446
61,0,2,0.16665561497211456
61,0,3,0.0008131460635922849
61,0,4,0.1307326853275299
61,0,5,0.1182992160320282
61,0,6,0.07111209630966187
61,1,2,0.04723126068711281
61,1,3,0.03767189383506775
61,1,4,0.031634047627449036
61,1,5,0.037320006638765335
61,1,6,0.03535120189189911
61,2,2,0.22389286756515503
61,2,3,0.12809520959854126
61,2,4,0.11385895311832428
61,2,5,0.08020702749490738
61,2,6,0.04905371367931366
61,3,2,0.1721576303243637
61,3,3,0.11131231486797333
61,3,4,0.0652170181274414
61,3,5,0.036393024027347565
61,3,6,0.02434549108147621
61,4,2,0.4714330732822418
61,4,3,0.035791318863630295
61,4,4,0.11199928820133209
61,4,5,0.000664715887978673
61,4,6,0.08241107314825058
61,5,2,0.20890843868255615
61,5,3,0.1435001790523529
61,5,4,0.06414546072483063
61,5,5,0.09731439501047134
61,5,6,0.07187442481517792
61,6,2,0.2721773684024811
61,6,3,0.11907263100147247
61,6,4,0.0005746691604144871
61,6,5,0.08312293142080307
61,6,6,0.08679749816656113
61,7,2,0.037259262055158615
61,7,3,0.032330483198165894
61,7,4,0.5243799686431885
61,7,5,0.0024587102234363556
61,7,6,0.3015129566192627
61,8,2,0.1704913079738617
61,8,3,0.07862506806850433
61,8,4,0.08150733262300491
61,8,5,0.06725474447011948
61,8,6,0.049940258264541626
61,9,2,0.002842419547960162
61,9,3,0.0018741261446848512
61,9,4,0.001465079840272665
61,9,5,0.25036704540252686
61,9,6,0.11521030217409134
61,10,2,0.05225612595677376
61,10,3,0.03861197084188461
61,10,4,0.5171412229537964
61,10,5,0.3027651906013489
61,10,6,0.0008546027238480747
61,11,2,0.21189244091510773
61,11,3,0.1894616037607193
61,11,4,0.10484056174755096
61,11,5,0.09933115541934967
61,11,6,0.06554005295038223
62,0,2,0.2097158432006836
62,0,3,0.14424774050712585
62,0,4,0.16120603680610657
62,0,5,0.10885102301836014
62,0,6,0.0836234837770462
62,1,2,0.0021918241400271654
62,1,3,0.30392152070999146
62,1,4,0.1372261941432953
62,1,5,0.07712122797966003
62,1,6,0.05333033576607704
62,2,2,0.20778267085552216
62,2,3,0.13788862526416779
62,2,4,0.13268820941448212
62,2,5,0.06640485674142838
62,2,6,0.051327016204595566
62,3,2,0.0022670049220323563
62,3,3,0.0027114239055663347
62,3,4,0.2784446179866791
62,3,5,0.15381020307540894
62,3,6,0.10905773937702179
62,4,2,0.23917259275913239
62,4,3,0.19363245368003845
62,4,4,0.07728976011276245
62,4,5,0.04662880301475525
62,4,6,0.04314611479640007
62,5,2,0.31100592017173767
62,5,3,0.114885114133358
62,5,4,0.07018894702196121
62,5,5,0.058607108891010284
62,5,6,0.03411100432276726
62,6,2,0.2553747296333313
62,6,3,0.14425915479660034
62,6,4,0.11445754021406174
62,6,5,0.12877200543880463
62,6,6,0.06914796680212021
62,7,2,0.19218960404396057
62,7,3,0.19574326276779175
62,7,4,0.0007998969522304833
62,7,5,0.144883394241333
62,7,6,0.11137428134679794
62,8,2,0.002669944893568754
62,8,3,0.28395986557006836
62,8,4,0.2107030600309372
62,8,5,0.12941105663776398
62,8,6,0.08082453906536102
62,9,2,0.2445792257785797
62,9,3,0.13092413544654846
62,9,4,0.1475144773721695
62,9,5,0.10665501654148102
62,9,6,0.06382699310779572
62,10,2,0.22588105499744415
62,10,3,0.13429845869541168
62,10,4,0.11224908381700516
62,10,5,0.1311207264661789
62,10,6,0.09118640422821045
62,11,2,0.3164771795272827
62,11,3,0.13406307995319366
62,11,4,0.14016830921173096
62,11,5,0.11764472723007202
62,11,6,0.08551504462957382
63,0,2,0.6578328013420105
63,0,3,0.3536050021648407
63,0,4,0.12146005034446716
63,0,5,0.061426643282175064
63,0,6,0.03708198294043541
63,1,2,0.4034460484981537
63,1,3,0.3312087655067444
63,1,4,0.11376713961362839
63,1,5,0.05753606930375099
63,1,6,0.03473332151770592
63,2,2,0.30526605248451233
63,2,3,0.15191204845905304
63,2,4,0.09312421828508377
63,2,5,0.056181713938713074
63,2,6,0.03758334740996361
63,3,2,0.4374445378780365
63,3,3,0.272718220949173
63,3,4,0.09367617964744568
63,3,5,0.047375358641147614
63,3,6,0.028599511831998825
63,4,2,0.40371888875961304
63,4,3,0.13825196027755737
63,4,4,0.06983707845211029
63,4,5,0.07143709808588028
63,4,6,0.032352264970541
63,5,2,0.23278707265853882
63,5,3,0.13394372165203094
63,5,4,0.07460945099592209
63,5,5,0.04501177370548248
63,5,6,0.030111106112599373
63,6,2,0.07569494098424911
63,6,3,0.6752231121063232
63,6,4,0.3990783989429474
63,6,5,0.13749529421329498
63,6,6,0.12006460130214691
63,7,2,0.35253891348838806
63,7,3,0.20779384672641754
63,7,4,0.07137525826692581
63,7,5,0.03609699383378029
63,7,6,0.0217909999191761
63,8,2,0.2637172043323517
63,8,3,0.15831930935382843
63,8,4,0.0799739733338356
63,8,5,0.04824819043278694
63,8,6,0.03227613493800163
63,9,2,0.2549748420715332
63,9,3,0.11274531483650208
63,9,4,0.09121007472276688
63,9,5,0.08338331431150436
63,9,6,0.05578014627099037
63,10,2,0.3233065903186798
63,10,3,0.2086350917816162
63,10,4,0.10362152755260468
63,10,5,0.0003769664326682687
63,10,6,0.06238006800413132
63,11,2,0.5014462471008301
63,11,3,0.2954467236995697
63,11,4,0.1161106750369072
63,11,5,0.05495702102780342
63,11,6,0.03317640349268913
64,0,2,0.2982639670372009
64,0,3,0.0009810265619307756
64,0,4,0.18614841997623444
64,0,5,0.09409143775701523
64,0,6,0.06813345104455948
64,1,2,0.4602699279785156
64,1,3,0.29150328040122986
64,1,4,0.13213342428207397
64,1,5,0.09033560752868652
64,1,6,0.10518408566713333
64,2,2,0.1456277221441269
64,2,3,0.13798744976520538
64,2,4,0.07903503626585007
64,2,5,0.04768173024058342
64,2,6,0.07350357621908188
64,3,2,0.3155907988548279
64,3,3,0.10807283967733383
64,3,4,0.09654790908098221
64,3,5,0.12134493142366409
64,3,6,0.09662965685129166
64,4,2,0.24164801836013794
64,4,3,0.09329421073198318
64,4,4,0.08880502730607986
64,4,5,0.04729802906513214
64,4,6,0.03164051100611687
64,5,2,0.002349861664697528
64,5,3,0.23220950365066528
64,5,4,0.14853085577487946
64,5,5,0.07831437140703201
64,5,6,0.052293188869953156
64,6,2,0.21971383690834045
64,6,3,0.1421811729669571
64,6,4,0.08365054428577423
64,6,5,0.0962391272187233
64,6,6,0.039711471647024155
64,7,2,0.28589317202568054
64,7,3,0.19793888926506042
64,7,4,0.09998754411935806
64,7,5,0.07117169350385666
64,7,6,0.045639023184776306
64,8,2,0.2320202738046646
64,8,3,0.08233177661895752
64,8,4,0.05341624096035957
64,8,5,0.046930160373449326
64,8,6,0.04712996259331703
64,9,2,0.27702760696411133
64,9,3,0.13246528804302216
64,9,4,0.08589448034763336
64,9,5,0.10047779232263565
64,9,6,0.06675051152706146
64,10,2,0.5520402789115906
64,10,3,0.2728966772556305
64,10,4,0.10606467723846436
64,10,5,0.10219504684209824
64,10,6,0.07912454009056091
64,11,2,0.47988298535346985
64,11,3,0.2683766186237335
64,11,4,0.10350523144006729
64,11,5,0.09980743378400803
64,11,6,0.11034148186445236
65,0,2,0.2548694908618927
65,0,3,0.17026866972446442
65,0,4,0.08738196641206741
65,0,5,0.08833467215299606
65,0,6,0.07278642803430557
65,1,2,0.4276808202266693
65,1,3,0.21162697672843933
65,1,4,0.11698000878095627
65,1,5,0.10318921506404877
65,1,6,0.08689054101705551
65,2,2,0.18440808355808258
65,2,3,0.151460662484169
65,2,4,0.08632553368806839
65,2,5,0.07076701521873474
65,2,6,0.048808373510837555
65,3,2,0.261368989944458
65,3,3,0.1081511378288269
65,3,4,0.09437360614538193
65,3,5,0.05693546310067177
65,3,6,0.03808758035302162
65,4,2,0.30176302790641785
65,4,3,0.14609868824481964
65,4,4,0.07380080223083496
65,4,5,0.044523924589157104
65,4,6,0.02978474833071232
65,5,2,0.2592526078224182
65,5,3,0.15702728927135468
65,5,4,0.08310890197753906
65,5,5,0.09645063430070877
65,5,6,0.0645216628909111
65,6,2,0.31118908524513245
65,6,3,0.11024542152881622
65,6,4,0.05568975955247879
65,6,5,0.03359755128622055
65,6,6,0.022475438192486763
65,7,2,0.24040164053440094
65,7,3,0.10336649417877197
65,7,4,0.0915902853012085
65,7,5,0.0690687969326973
65,7,6,0.043870776891708374
65,8,2,0.2489425241947174
65,8,3,0.12046297639608383
65,8,4,0.11305195838212967
65,8,5,0.06820408999919891
65,8,6,0.045625846832990646
65,9,2,0.33268824219703674
65,9,3,0.15436266362667084
65,9,4,0.11328428983688354
65,9,5,0.09615164250135422
65,9,6,0.06432165205478668
65,10,2,0.0032982593402266502
65,10,3,0.2739901840686798
65,10,4,0.16466930508613586
65,10,5,0.12806202471256256
65,10,6,0.08475729078054428
65,11,2,0.3405296206474304
65,11,3,0.13958784937858582
65,11,4,0.0006153018912300467
65,11,5,0.11306367069482803
65,11,6,0.08276079595088959
66,0,2,0.47812625765800476
66,0,3,0.3024347126483917
66,0,4,0.12818948924541473
66,0,5,0.1188107281923294
66,0,6,0.09539613127708435
66,1,2,0.34690994024276733
66,1,3,0.08756917715072632
66,1,4,0.0789206400513649
66,1,5,0.07841282337903976
66,1,6,0.028349146246910095
66,2,2,0.3716762363910675
66,2,3,0.16898606717586517
66,2,4,0.09719159454107285
66,2,5,0.05838831141591072
66,2,6,0.055250369012355804
66,3,2,0.3843775689601898
66,3,3,0.24142225086688995
66,3,4,0.14801716804504395
66,3,5,0.11481249332427979
66,3,6,0.00041966777644120157
66,4,2,0.30723580718040466
66,4,3,0.10521170496940613
66,4,4,0.053147006779909134
66,4,5,0.032063525170087814
66,4,6,0.0783218964934349
66,5,2,0.11134445667266846
66,5,3,0.09878848493099213
66,5,4,0.044449519366025925
66,5,5,0.07632347196340561
66,5,6,0.05105739086866379
66,6,2,0.15490619838237762
66,6,3,0.06224965676665306
66,6,4,0.05466641113162041
66,6,5,0.03298017382621765
66,6,6,0.022062433883547783
66,7,2,0.03496423363685608
66,7,3,0.03575722873210907
66,7,4,0.35982784628868103
66,7,5,0.0023410418070852757
66,7,6,0.29725441336631775
66,8,2,0.29653722047805786
66,8,3,0.11524967849254608
66,8,4,0.058217622339725494
66,8,5,0.04365852475166321
66,8,6,0.03836078569293022
66,9,2,0.20101532340049744
66,9,3,0.13995690643787384
66,9,4,0.000576108053792268
66,9,5,0.0969298779964447
66,9,6,0.06043464317917824
66,10,2,0.24770553410053253
66,10,3,0.0007433295832015574
66,10,4,0.09962842613458633
66,10,5,0.0009673201711848378
66,10,6,0.07230391353368759
66,11,2,0.29878851771354675
66,11,3,0.17254173755645752
66,11,4,0.09602539986371994
66,11,5,0.0611153170466423
66,11,6,0.07634583115577698
67,0,2,0.24386578798294067
67,0,3,0.1590442955493927
67,0,4,0.0803401917219162
67,0,5,0.0005065863369964063
67,0,6,0.0006751445471309125
67,1,2,0.23267526924610138
67,1,3,0.22614102065563202
67,1,4,0.10127837210893631
67,1,5,0.06110110878944397
67,1,6,0.04175825044512749
67,2,2,0.6260090470314026
67,2,3,0.3222832679748535
67,2,4,0.09811443835496902
67,2,5,0.09386197477579117
67,2,6,0.07201049476861954
67,3,2,0.41132473945617676
67,3,3,0.173413947224617
67,3,4,0.10731486231088638
67,3,5,0.06474293023347855
67,3,6,0.043310463428497314
67,4,2,0.2664906680583954
67,4,3,0.0912586897611618
67,4,4,0.046098742634058
67,4,5,0.08175596594810486
67,4,6,0.054691512137651443
67,5,2,0.3001871109008789
67,5,3,0.13046303391456604
67,5,4,0.04481284320354462
67,5,5,0.02266344241797924
67,5,6,0.013681445270776749
67,6,2,0.05989156290888786
67,6,3,0.05146113783121109
67,6,4,0.4809192717075348
67,6,5,0.0022107723634690046
67,6,6,0.28749555349349976
67,7,2,0.3380068242549896
67,7,3,0.15420925617218018
67,7,4,0.0995873436331749
67,7,5,0.06008090078830719
67,7,6,0.040191762149333954
67,8,2,0.3878466486930847
67,8,3,0.13281658291816711
67,8,4,0.0670914277434349
67,8,5,0.04047616943717003
67,8,6,0.02707695960998535
67,9,2,0.3760188817977905
67,9,3,0.13225466012954712
67,9,4,0.09507329761981964
67,9,5,0.0737084150314331
67,9,6,0.07804054021835327
67,10,2,0.37640827894210815
67,10,3,0.27675992250442505
67,10,4,0.14276419579982758
67,10,5,0.07220090180635452
67,10,6,0.04358617588877678
67,11,2,0.4869391918182373
67,11,3,0.26807910203933716
67,11,4,0.11539498716592789
67,11,5,0.057358067482709885
67,11,6,0.03462586551904678
68,0,2,0.27838554978370667
68,0,3,0.08835262060165405
68,0,4,0.076370008289814
68,0,5,0.046073924750089645
68,0,6,0.04194325953722
68,1,2,0.252780556678772
68,1,3,0.15053790807724
68,1,4,0.07604324072599411
68,1,5,0.04587678611278534
68,1,6,0.03068975917994976
68,2,2,0.16429784893989563
68,2,3,0.08234381675720215
68,2,4,0.041595447808504105
68,2,5,0.025094475597143173
68,2,6,0.016787214204669
68,3,2,0.39163219928741455
68,3,3,0.13411292433738708
68,3,4,0.12414374947547913
68,3,5,0.07489575445652008
68,3,6,0.05010230466723442
68,4,2,0.2519735097885132
68,4,3,0.0006206890684552491
68,4,4,0.11909209936857224
68,4,5,0.060229089111089706
68,4,6,0.036359041929244995
68,5,2,0.3108489513397217
68,5,3,0.001221832586452365
68,5,4,0.14484170079231262
68,5,5,0.07170045375823975
68,5,6,0.04328406602144241
68,6,2,0.6393617987632751
68,6,3,0.16204684972763062
68,6,4,0.05566159263253212
68,6,5,0.028150035068392754
68,6,6,0.01699359342455864
68,7,2,0.19310368597507477
68,7,3,0.08481311798095703
68,7,4,0.042842794209718704
68,7,5,0.025847002863883972
68,7,6,0.037544284015893936
68,8,2,0.19525672495365143
68,8,3,0.0734916627407074
68,8,4,0.10418691486120224
68,8,5,0.050815168768167496
68,8,6,0.03399334102869034
68,9,2,0.19666817784309387
68,9,3,0.06734824925661087
68,9,4,0.08691033720970154
68,9,5,0.031641583889722824
68,9,6,0.02116696909070015
68,10,2,0.5119398832321167
68,10,3,0.1437167525291443
68,10,4,0.09957338869571686
68,10,5,0.050357796251773834
68,10,6,0.049980632960796356
68,11,2,0.17444942891597748
68,11,3,0.1529463529586792
68,11,4,0.093510702252388
68,11,5,0.061879996210336685
68,11,6,0.04139527678489685
69,0,2,0.2690858840942383
69,0,3,0.13032075762748718
69,0,4,0.10335046797990799
69,0,5,0.062351200729608536
69,0,6,0.041710492223501205
69,1,2,0.26854991912841797
69,1,3,0.17071639001369476
69,1,4,0.0008725569932721555
69,1,5,0.12725578248500824
69,1,6,0.1261403113603592
69,2,2,0.4743174910545349
69,2,3,0.2313377857208252
69,2,4,0.11091826856136322
69,2,5,0.05609529837965965
69,2,6,0.033863555639982224
69,3,2,0.23494018614292145
69,3,3,0.17449426651000977
69,3,4,0.1434130221605301
69,3,5,0.11036255955696106
69,3,6,0.06383950263261795
69,4,2,0.23519758880138397
69,4,3,0.08492887020111084
69,4,4,0.09180306643247604
69,4,5,0.05538467690348625
69,4,6,0.03705015778541565
69,5,2,0.36415183544158936
69,5,3,0.15496774017810822
69,5,4,0.14447572827339172
69,5,5,0.08427675813436508
69,5,6,0.07099587470293045
69,6,2,0.2502034306526184
69,6,3,0.15325024724006653
69,6,4,0.14193162322044373
69,6,5,0.09025543928146362
69,6,6,0.08056873828172684
69,7,2,0.22689136862754822
69,7,3,0.07769806683063507
69,7,4,0.03924867510795593
69,7,5,0.023678669705986977
69,7,6,0.08374663442373276
69,8,2,0.21286490559577942
69,8,3,0.171036958694458
69,8,4,0.10628844052553177
69,8,5,0.08649386465549469
69,8,6,0.06773136556148529
69,9,2,0.002345576649531722
69,9,3,0.23798768222332
69,9,4,0.16220241785049438
69,9,5,0.1254613995552063
69,9,6,0.07573842257261276
69,10,2,0.29020124673843384
69,10,3,0.14742660522460938
69,10,4,0.07960294187068939
69,10,5,0.04802434891462326
69,10,6,0.07268174737691879
69,11,2,0.13923531770706177
69,11,3,0.15583057701587677
69,11,4,0.0914735198020935
69,11,5,0.11563380062580109
69,11,6,0.07723014056682587
70,0,2,0.28322914242744446
70,0,3,0.15193307399749756
70,0,4,0.10016413778066635
70,0,5,0.06042889133095741
70,0,6,0.040424540638923645
70,1,2,0.17748869955539703
70,1,3,0.2338515818119049
70,1,4,0.11812860518693924
70,1,5,0.07126682251691818
70,1,6,0.047674693167209625
70,2,2,0.2239534556865692
70,2,3,0.09517728537321091
70,2,4,0.09524114429950714
70,2,5,0.05745884031057358
70,2,6,0.03843770921230316
70,3,2,0.3421207368373871
70,3,3,0.1375163048505783
70,3,4,0.06946546584367752
70,3,5,0.041908420622348785
70,3,6,0.05734711140394211
70,4,2,0.2587064504623413
70,4,3,0.0885930210351944
70,4,4,0.09364283829927444
70,4,5,0.05649459734559059
70,4,6,0.03779265284538269
70,5,2,0.1604083925485611
70,5,3,0.16431649029254913
70,5,4,0.074949711561203
70,5,5,0.06627024710178375
70,5,6,0.04433218017220497
70,6,2,0.29377052187919617
70,6,3,0.10060057789087296
70,6,4,0.05081772804260254
70,6,5,0.030658265575766563
70,6,6,0.020509162917733192
70,7,2,0.23591135442256927
70,7,3,0.11191729456186295
70,7,4,0.07082463055849075
70,7,5,0.04272840544581413
70,7,6,0.028583616018295288
70,8,2,0.2458898425102234
70,8,3,0.08420401066541672
70,8,4,0.09009839594364166
70,8,5,0.05435623601078987
70,8,6,0.0363621786236763
70,9,2,0.2651384472846985
70,9,3,0.12979453802108765
70,9,4,0.08812392503023148
70,9,5,0.06268974393606186
70,9,6,0.0419369637966156
70,10,2,0.11869435757398605
70,10,3,0.040646422654390335
70,10,4,0.02053227648139
70,10,5,0.07980019599199295
70,10,6,0.05338318273425102
70,11,2,0.19865483045578003
70,11,3,0.06802857667207718
70,11,4,0.10802658647298813
70,11,5,0.06517229974269867
70,11,6,0.043597690761089325
71,0,2,0.25506001710891724
71,0,3,0.12871018052101135
71,0,4,0.06966810673475266
71,0,5,0.06566368788480759
71,0,6,0.04401906207203865
71,1,2,0.24214144051074982
71,1,3,0.1268152892589569
71,1,4,0.09101701527833939
71,1,5,0.07920811325311661
71,1,6,0.05298711359500885
71,2,2,0.22308947145938873
71,2,3,0.13265372812747955
71,2,4,0.06700916588306427
71,2,5,0.056305281817913055
71,2,6,0.03184344992041588
71,3,2,0.22804920375347137
71,3,3,0.1674233078956604
71,3,4,0.12763004004955292
71,3,5,0.1004004254937172
71,3,6,0.062361616641283035
71,4,2,0.08327412605285645
71,4,3,0.05836821720004082
71,4,4,0.05623796209692955
71,4,5,0.033928282558918
71,4,6,0.022696685045957565
71,5,2,0.2833957374095917
71,5,3,0.12588638067245483
71,5,4,0.058637894690036774
71,5,5,0.049330610781908035
71,5,6,0.03300021216273308
71,6,2,0.32661423087120056
71,6,3,0.1405375599861145
71,6,4,0.0709916427731514
71,6,5,0.0958406925201416
71,6,6,0.06411363929510117
71,7,2,0.19174177944660187
71,7,3,0.1216876283288002
71,7,4,0.0703001543879509
71,7,5,0.057399582117795944
71,7,6,0.038398053497076035
71,8,2,0.27256134152412415
71,8,3,0.15156762301921844
71,8,4,0.07873880118131638
71,8,5,0.06443217396736145
71,8,6,0.048481449484825134
71,9,2,0.23080363869667053
71,9,3,0.10415127873420715
71,9,4,0.131972074508667
71,9,5,0.08642277121543884
71,9,6,0.05865342542529106
71,10,2,0.2270258516073227
71,10,3,0.17043766379356384
71,10,4,0.11500878632068634
71,10,5,0.07717195898294449
71,10,6,0.0648675188422203
71,11,2,0.2207212895154953
71,11,3,0.11198221892118454
71,11,4,0.08637870848178864
71,11,5,0.07753659039735794
71,11,6,0.03139049932360649
72,0,2,0.3401939868927002
72,0,3,0.11649809777736664
72,0,4,0.05884826183319092
72,0,5,0.0355030857026577
72,0,6,0.023750148713588715
72,1,2,0.0038776432629674673
72,1,3,0.3290807008743286
72,1,4,0.11303618550300598
72,1,5,0.057166390120983124
72,1,6,0.03451015427708626
72,2,2,0.36817046999931335
72,2,3,0.1260785460472107
72,2,4,0.0636877566576004
72,2,5,0.03842273727059364
72,2,6,0.025703296065330505
72,3,2,0.3525531589984894
72,3,3,0.18286383152008057
72,3,4,0.09714056551456451
72,3,5,0.05860476568341255
72,3,6,0.05425625294446945
72,4,2,0.2722221314907074
72,4,3,0.08797561377286911
72,4,4,0.04444031044840813
72,4,5,0.026810776442289352
72,4,6,0.01793535426259041
72,5,2,0.2871072292327881
72,5,3,0.11427847295999527
72,5,4,0.06595998257398605
72,5,5,0.03979356959462166
72,5,6,0.026620324701070786
72,6,2,0.31213074922561646
72,6,3,0.10688796639442444
72,6,4,0.05399376526474953
72,6,5,0.032574355602264404
72,6,6,0.021790960803627968
72,7,2,0.1897735297679901
72,7,3,0.1508382111787796
72,7,4,0.07619494199752808
72,7,5,0.04596830531954765
72,7,6,0.030750980600714684
72,8,2,0.3045679032802582
72,8,3,0.10429809242486954
72,8,4,0.05268550664186478
72,8,5,0.03178509324789047
72,8,6,0.021262971684336662
72,9,2,0.3346259891986847
72,9,3,0.18717579543590546
72,9,4,0.09455063194036484
72,9,5,0.05704226717352867
72,9,6,0.03815902769565582
72,10,2,0.22254641354084015
72,10,3,0.10981013625860214
72,10,4,0.05963241681456566
72,10,5,0.03597615659236908
72,10,6,0.03933059424161911
72,11,2,0.22946257889270782
72,11,3,0.0862332358956337
72,11,4,0.04356015846133232
72,11,5,0.026279788464307785
72,11,6,0.01758013479411602
73,0,2,0.0024810200557112694
73,0,3,0.26091986894607544
73,0,4,0.08962356299161911
73,0,5,0.07465004175901413
73,0,6,0.07948148250579834
73,1,2,0.0024292366579174995
73,1,3,0.24138310551643372
73,1,4,0.1129172146320343
73,1,5,0.04977387934923172
73,1,6,0.0004557426436804235
73,2,2,0.31749165058135986
73,2,3,0.10872378200292587
73,2,4,0.05492110550403595
73,2,5,0.03313382714986801
73,2,6,0.02216522768139839
73,3,2,0.3718859553337097
73,3,3,0.13169249892234802
73,3,4,0.12237611413002014
73,3,5,0.061889924108982086
73,3,6,0.04351547360420227
73,4,2,0.11478020250797272
73,4,3,0.15954096615314484
73,4,4,0.08216814696788788
73,4,5,0.0495719276368618
73,4,6,0.03316166624426842
73,5,2,0.18266700208187103
73,5,3,0.11789264529943466
73,5,4,0.09846824407577515
73,5,5,0.05940575897693634
73,5,6,0.00023026022245176136
73,6,2,0.2614644467830658
73,6,3,0.17759940028190613
73,6,4,0.0897131860256195
73,6,5,0.05412383750081062
73,6,6,0.03620671480894089
73,7,2,0.20772774517536163
73,7,3,0.1454780399799347
73,7,4,0.073487289249897
73,7,5,0.0443347804248333
73,7,6,0.02965822070837021
73,8,2,0.32987743616104126
73,8,3,0.11296524852514267
73,8,4,0.05706366151571274
73,8,5,0.034426432102918625
73,8,6,0.02302992157638073
73,9,2,0.03961760550737381
73,9,3,0.2895784378051758
73,9,4,0.09011673182249069
73,9,5,0.00022299277770798653
73,9,6,0.0009527849033474922
73,10,2,0.31498220562934875
73,10,3,0.15777352452278137
73,10,4,0.0005204992485232651
73,10,5,0.08084044605493546
73,10,6,0.04880168288946152
73,11,2,0.1713118702173233
73,11,3,0.17492540180683136
73,11,4,0.0883624330163002
73,11,5,0.05330893024802208
73,11,6,0.035661570727825165
74,0,2,0.3538985550403595
74,0,3,0.23911608755588531
74,0,4,0.1197456568479538
74,0,5,0.06055961549282074
74,0,6,0.03655857592821121
74,1,2,0.4826960861682892
74,1,3,0.30902642011642456
74,1,4,0.1519310176372528
74,1,5,0.07683689892292023
74,1,6,0.04638482630252838
74,2,2,0.3178142011165619
74,2,3,0.1599140614271164
74,2,4,0.0941089540719986
74,2,5,0.05677580460906029
74,2,6,0.03798077255487442
74,3,2,0.2374359518289566
74,3,3,0.15222987532615662
74,3,4,0.20322586596012115
74,3,5,0.12260589748620987
74,3,6,0.08201849460601807
74,4,2,0.2210020273923874
74,4,3,0.11353987455368042
74,4,4,0.07094035297632217
74,4,5,0.040760014206171036
74,4,6,0.027266841381788254
74,5,2,0.35691654682159424
74,5,3,0.19132088124752045
74,5,4,0.13240374624729156
74,5,5,0.09754183143377304
74,5,6,0.06525163352489471
74,6,2,0.3119714558124542
74,6,3,0.11802233755588531
74,6,4,0.05961821600794792
74,6,5,0.06188076734542847
74,6,6,0.06275248527526855
74,7,2,0.3196163475513458
74,7,3,0.10945137590169907
74,7,4,0.0552886500954628
74,7,5,0.03335557505488396
74,7,6,0.02231355756521225
74,8,2,0.21097616851329803
74,8,3,0.07224796712398529
74,8,4,0.03649559244513512
74,8,5,0.022017741575837135
74,8,6,0.014728999696671963
74,9,2,0.0018942889291793108
74,9,3,0.1919899433851242
74,9,4,0.06594676524400711
74,9,5,0.2147974669933319
74,9,6,0.12966874241828918
74,10,2,0.3840995132923126
74,10,3,0.20850273966789246
74,10,4,0.10532380640506744
74,10,5,0.0635417103767395
74,10,6,0.054476432502269745
74,11,2,0.28404054045677185
74,11,3,0.27843159437179565
74,11,4,0.14798763394355774
74,11,5,0.08928074687719345
74,11,6,0.05972529575228691
75,0,2,0.25423556566238403
75,0,3,0.15375947952270508
75,0,4,0.09064258635044098
75,0,5,0.06394381821155548
75,0,6,0.05337836220860481
75,1,2,0.22523823380470276
75,1,3,0.09306380152702332
75,1,4,0.09086253494024277
75,1,5,0.07251269370317459
75,1,6,0.06065533310174942
75,2,2,0.2602473199367523
75,2,3,0.08912067860364914
75,2,4,0.04501873254776001
75,2,5,0.02715975046157837
75,2,6,0.018168792128562927
75,3,2,0.19753648340702057
75,3,3,0.1693984717130661
75,3,4,0.08557052910327911
75,3,5,0.05162458494305611
75,3,6,0.03453480824828148
75,4,2,0.2602989077568054
75,4,3,0.12269027531147003
75,4,4,0.10100515931844711
75,4,5,0.060936275869607925
75,4,6,0.040763963013887405
75,5,2,0.002210578415542841
75,5,3,0.26020506024360657
75,5,4,0.08937803655862808
75,5,5,0.06953207403421402
75,5,6,0.04197506234049797
75,6,2,0.28686797618865967
75,6,3,0.0010266387835144997
75,6,4,0.001005004160106182
75,6,5,0.0010353089310228825
75,6,6,0.0008981473511084914
75,7,2,0.5252339839935303
75,7,3,0.19875657558441162
75,7,4,0.0004438548057805747
75,7,5,0.06010673940181732
75,7,6,0.05894036591053009
75,8,2,0.0010138476500287652
75,8,3,0.0015760138630867004
75,8,4,0.001522451057098806
75,8,5,0.16130344569683075
75,8,6,0.0005687038064934313
75,9,2,0.30141177773475647
75,9,3,0.001041000708937645
75,9,4,0.10317645967006683
75,9,5,0.0008389700087718666
75,9,6,0.13035617768764496
75,10,2,0.3263455331325531
75,10,3,0.21402280032634735
75,10,4,0.07351484149694443
75,10,5,0.03717905282974243
75,10,6,0.0224442295730114
75,11,2,0.0019624896813184023
75,11,3,0.20232222974300385
75,11,4,0.0012721163220703602
75,11,5,0.14237284660339355
75,11,6,0.07208704948425293
76,0,2,0.2112026959657669
76,0,3,0.17126548290252686
76,0,4,0.15607494115829468
76,0,5,0.094159796833992
76,0,6,0.06298919022083282
76,1,2,0.2353329211473465
76,1,3,0.08058883994817734
76,1,4,0.04743216931819916
76,1,5,0.028615763410925865
76,1,6,0.019142813980579376
76,2,2,0.23865321278572083
76,2,3,0.11087934672832489
76,2,4,0.05600997805595398
76,2,5,0.033790748566389084
76,2,6,0.022604675963521004
76,3,2,0.4199203848838806
76,3,3,0.22505490481853485
76,3,4,0.13131199777126312
76,3,5,0.06640912592411041
76,3,6,0.04008980095386505
76,4,2,0.4976431429386139
76,4,3,0.011287224479019642
76,4,4,0.1293192356824875
76,4,5,0.06540130823850632
76,4,6,0.039481405168771744
76,5,2,0.21008172631263733
76,5,3,0.1541462242603302
76,5,4,0.09022480249404907
76,5,5,0.05443250387907028
76,5,6,0.0546807125210762
76,6,2,0.22945967316627502
76,6,3,0.10544082522392273
76,6,4,0.08710308372974396
76,6,5,0.05254916846752167
76,6,6,0.03515332192182541
76,7,3,0.20862625539302826
76,7,4,0.09192501753568649
76,7,5,0.10521695017814636
76,7,6,0.07741934806108475
76,8,2,0.498850554227829
76,8,3,0.3081582486629486
76,8,4,0.1058495044708252
76,8,5,0.05353183671832085
76,8,6,0.03231605514883995
76,9,3,0.4041588306427002
76,9,4,0.0024944322649389505
76,9,5,0.21108658611774445
76,9,6,0.001274016802199185
76,10,3,0.36672836542129517
76,10,4,0.1723853498697281
76,10,5,0.10389947891235352
76,10,6,0.052545640617609024
76,11,2,0.3066318929195404
76,11,3,0.13125020265579224
76,11,4,0.0005166699411347508
76,11,5,0.08451596647500992
76,11,6,0.06295810639858246
77,0,2,0.30193662643432617
77,0,3,0.14600138366222382
77,0,4,0.0906849205493927
77,0,5,0.04919946938753128
77,0,6,0.03873470053076744
77,1,2,0.27028319239616394
77,1,3,0.0012425248278304935
77,1,4,0.1273924708366394
77,1,5,0.07344742864370346
77,1,6,0.05365460366010666
77,2,2,0.154504656791687
77,2,3,0.15994921326637268
77,2,4,0.11416808515787125
77,2,5,0.0688774511218071
77,2,6,0.04607629403471947
77,3,2,0.4383167326450348
77,3,3,0.25323063135147095
77,3,4,0.1637318879365921
77,3,5,0.08280501514673233
77,3,6,0.049987658858299255
77,4,2,0.15600411593914032
77,4,3,0.14636392891407013
77,4,4,0.09599917382001877
77,4,5,0.0582793727517128
77,4,6,0.05404575541615486
77,5,2,0.24968959391117096
77,5,3,0.14657410979270935
77,5,4,0.09620717912912369
77,5,5,0.0754973515868187
77,5,6,0.04773065075278282
77,6,2,0.0024537001736462116
77,6,3,0.0019075176678597927
77,6,4,0.22680388391017914
77,6,5,0.0009558218880556524
77,6,6,0.13120761513710022
77,7,2,0.04661446809768677
77,7,3,0.036216333508491516
77,7,4,0.03153470158576965
77,7,5,0.31721460819244385
77,7,6,0.0019831089302897453
77,8,2,0.22683872282505035
77,8,3,0.1282733827829361
77,8,4,0.06479646265506744
77,8,5,0.03909161686897278
77,8,6,0.026150748133659363
77,9,2,0.23866598308086395
77,9,3,0.0012951852986589074
77,9,4,0.001411438686773181
77,9,5,0.18412268161773682
77,9,6,0.10510069876909256
77,10,2,0.03523790091276169
77,10,3,0.03525988385081291
77,10,4,0.38199231028556824
77,10,5,0.010421613231301308
77,10,6,0.00360139855183661
77,11,2,0.2528735101222992
77,11,3,0.15514135360717773
77,11,4,0.11469751596450806
77,11,5,0.09231217950582504
77,11,6,0.06175320968031883
78,0,2,0.0358741469681263
78,0,3,0.3190549612045288
78,0,4,0.12985917925834656
78,0,5,0.0004298614803701639
78,0,6,0.0005843203980475664
78,1,2,0.0475369356572628
78,1,3,0.039334215223789215
78,1,4,0.026334181427955627
78,1,5,0.024392204359173775
78,1,6,0.28640976548194885
78,2,2,0.34452298283576965
78,2,3,0.12356919795274734
78,2,4,0.12989391386508942
78,2,5,0.07836481183767319
78,2,6,0.05314207077026367
78,3,2,0.10094481706619263
78,3,3,0.0882403627038002
78,3,4,0.00028619382646866143
78,3,5,0.0981673002243042
78,3,6,0.04848392680287361
78,4,2,0.13786423206329346
78,4,3,0.047211065888404846
78,4,4,0.023848360404372215
78,4,5,0.014387685805559158
78,4,6,0.009624793194234371
78,5,2,0.22792021930217743
78,5,3,0.13859860599040985
78,5,4,0.0004296906990930438
78,5,5,0.09469851851463318
78,5,6,0.05716751143336296
78,6,2,0.4618207812309265
78,6,3,0.18559102714061737
78,6,4,0.10908301919698715
78,6,5,0.08255579322576523
78,6,6,0.049837205559015274
78,7,2,0.054010313004255295
78,7,3,0.1028764620423317
78,7,4,0.051967374980449677
78,7,5,0.08787687867879868
78,7,6,0.04556695371866226
78,8,2,0.18267248570919037
78,8,3,0.10681317746639252
78,8,4,0.05459918454289436
78,8,5,0.05498001351952553
78,8,6,0.00021310792362783104
78,9,2,0.15588708221912384
78,9,3,0.06434708833694458
78,9,4,0.03250451385974884
78,9,5,0.019609928131103516
78,9,6,0.013118268921971321
78,10,2,0.13594232499599457
78,10,3,0.0775698572397232
78,10,4,0.1083950623869896
78,10,5,0.07715057581663132
78,10,6,0.038563136011362076
78,11,2,0.25905221700668335
78,11,3,0.08871142566204071
78,11,4,0.06315138936042786
78,11,5,0.00022354733664542437
78,11,6,0.08334777504205704
79,0,2,0.040504567325115204
79,0,3,0.37036117911338806
79,0,4,0.18286336958408356
79,0,5,0.09853442013263702
79,0,6,0.05009835958480835
79,1,2,0.0020017391070723534
79,1,3,0.2883724272251129
79,1,4,0.08478197455406189
79,1,5,0.0789514109492302
79,1,6,0.07029969990253448
79,2,2,0.226617231965065
79,2,3,0.13636662065982819
79,2,4,0.08689414709806442
79,2,5,0.06599616259336472
79,2,6,0.047629423439502716
79,3,2,0.27451300621032715
79,3,3,0.11142026633024216
79,3,4,0.07928058505058289
79,3,5,0.05710463225841522
79,3,6,0.05579172447323799
79,4,2,0.13073663413524628
79,4,3,0.04449562728404999
79,4,4,0.022476674988865852
79,4,5,0.013560149818658829
79,4,6,0.07370192557573318
79,5,2,0.35241952538490295
79,5,3,0.1423400640487671
79,5,4,0.07272326946258545
79,5,5,0.0739879161119461
79,5,6,0.05497479438781738
79,6,2,0.32970869541168213
79,6,3,0.0011864281259477139
79,6,4,0.17214633524417877
79,6,5,0.13246074318885803
79,6,6,0.07996377348899841
79,7,2,0.250522255897522
79,7,3,0.09538529813289642
79,7,4,0.05118999257683754
79,7,5,0.07960464805364609
79,7,6,0.056340306997299194
79,8,2,0.11487317830324173
79,8,3,0.12837833166122437
79,8,4,0.05962610989809036
79,8,5,0.07291390001773834
79,8,6,0.039500512182712555
79,9,2,0.2911096215248108
79,9,3,0.12244690209627151
79,9,4,0.061853256076574326
79,9,5,0.037315983325242996
79,9,6,0.024962924420833588
79,10,2,0.28662532567977905
79,10,3,0.0009234382887370884
79,10,4,0.12448619306087494
79,10,5,0.09558358043432236
79,10,6,0.05780836194753647
79,11,2,0.29717424511909485
79,11,3,0.14288640022277832
79,11,4,0.08184503018856049
79,11,5,0.08664859086275101
79,11,6,0.057964492589235306
80,0,2,0.21428163349628448
80,0,3,0.08605760335922241
80,0,4,0.06541521847248077
80,0,5,0.0002779603819362819
80,0,6,0.0002551425131969154
80,1,2,0.03991977497935295
80,1,3,0.033746056258678436
80,1,4,0.026538407430052757
80,1,5,0.3248218297958374
80,1,6,0.0023109547328203917
80,2,2,0.2362917810678482
80,2,3,0.10190626233816147
80,2,4,0.0855424627661705
80,2,5,0.06347762793302536
80,2,6,0.044141579419374466
80,3,2,0.04015583172440529
80,3,3,0.035007476806640625
80,3,4,0.3166588544845581
80,3,5,0.001996508101001382
80,3,6,0.18912093341350555
80,4,2,0.2498546838760376
80,4,3,0.09388994425535202
80,4,4,0.05648159608244896
80,4,5,0.03407527878880501
80,4,6,0.04453430697321892
80,5,2,0.0019588342402130365
80,5,3,0.23071764409542084
80,5,4,0.0006551097612828016
80,5,5,0.11874190717935562
80,5,6,0.06030087172985077
80,6,2,0.2644980251789093
80,6,3,0.0010156150674447417
80,6,4,0.0009126970544457436
80,6,5,0.12630805373191833
80,6,6,0.08517288416624069
80,7,2,0.18041855096817017
80,7,3,0.08132919669151306
80,7,4,0.05176043137907982
80,7,5,0.04307730868458748
80,7,6,0.02881702035665512
80,8,2,0.0004568178264889866
80,8,3,0.15005357563495636
80,8,4,0.0923704206943512
80,8,5,0.041693177074193954
80,8,6,0.09419949352741241
80,9,2,0.15953227877616882
80,9,3,0.11330290138721466
80,9,4,0.00038856660830788314
80,9,5,0.07269861549139023
80,9,6,0.04128063842654228
80,10,2,0.03622891381382942
80,10,3,0.32238733768463135
80,10,4,0.0024986278731375933
80,10,5,0.1718033254146576
80,10,6,0.07060103863477707
80,11,2,0.19165319204330444
80,11,3,0.0005307169049046934
80,11,4,0.10059166699647903
80,11,5,0.05511682480573654
80,11,6,0.04470003768801689
81,0,2,0.002430173335596919
81,0,3,0.0032176123932003975
81,0,4,0.2583455741405487
81,0,5,0.19913016259670258
81,0,6,0.11860325932502747
81,1,2,0.04134774208068848
81,1,3,0.6011629700660706
81,1,4,0.2751479148864746
81,1,5,0.16476716101169586
81,1,6,0.08003193140029907
81,2,2,0.3183225393295288
81,2,3,0.16283482313156128
81,2,4,0.09408409893512726
81,2,5,0.05676080659031868
81,2,6,0.03797074034810066
81,3,2,0.18160705268383026
81,3,3,0.1633111983537674
81,3,4,0.0004834979772567749
81,3,5,0.13101622462272644
81,3,6,0.06863953173160553
81,4,2,0.22819772362709045
81,4,3,0.16039440035820007
81,4,4,0.12062425911426544
81,4,5,0.05393676459789276
81,4,6,0.03608156368136406
81,5,2,0.0016422292683273554
81,5,3,0.3097688555717468
81,5,4,0.14465682208538055
81,5,5,0.10142122209072113
81,5,6,0.06122587248682976
81,6,2,0.06169208139181137
81,6,3,0.03459629416465759
81,6,4,0.4711844027042389
81,6,5,0.19162678718566895
81,6,6,0.11437791585922241
81,7,2,0.29226818680763245
81,7,3,0.1647404283285141
81,7,4,0.10559654980897903
81,7,5,0.10281398892402649
81,7,6,0.06446240097284317
81,8,2,0.008417782373726368
81,8,3,0.0028826368506997824
81,8,4,0.0014561470597982407
81,8,5,0.0008784893434494734
81,8,6,0.0005876758368685842
81,9,2,0.009765254333615303
81,9,3,0.003344072727486491
81,9,4,0.09073677659034729
81,9,5,0.018574602901935577
81,9,6,0.07474750280380249
81,10,2,0.6146618723869324
81,10,3,0.0034784749150276184
81,10,4,0.3513776957988739
81,10,5,0.15399980545043945
81,10,6,0.11624541133642197
81,11,2,0.0026497170329093933
81,11,3,0.27890416979789734
81,11,4,0.1527324765920639
81,11,5,0.000609352660831064
81,11,6,0.09467799216508865
82,0,2,0.24747012555599213
82,0,3,0.15696318447589874
82,0,4,0.07928893715143204
82,0,5,0.047834910452365875
82,0,6,0.031999655067920685
82,1,2,0.24164681136608124
82,1,3,0.0011543427826836705
82,1,4,0.0012570213293656707
82,1,5,0.15811339020729065
82,1,6,0.12027589976787567
82,2,2,0.27096936106681824
82,2,3,0.11126942187547684
82,2,4,0.0733710527420044
82,2,5,0.04324973747134209
82,2,6,0.0374726876616478
82,3,2,0.4792078733444214
82,3,3,0.38102391362190247
82,3,4,0.13087818026542664
82,3,5,0.0661897286772728
82,3,6,0.039957351982593536
82,4,2,0.2957976758480072
82,4,3,0.13632269203662872
82,4,4,0.13603028655052185
82,4,5,0.08206687867641449
82,4,6,0.054899509996175766
82,5,2,0.45010384917259216
82,5,3,0.20490309596061707
82,5,4,0.12484588474035263
82,5,5,0.10910460352897644
82,5,6,0.10327570140361786
82,6,2,0.040034227073192596
82,6,3,0.38697531819343567
82,6,4,0.0021704155951738358
82,6,5,0.1827816516160965
82,6,6,0.0631638690829277
82,7,2,0.26245641708374023
82,7,3,0.13507987558841705
82,7,4,0.08423881977796555
82,7,5,0.05082116276025772
82,7,6,0.03399735316634178
82,8,2,0.1760062575340271
82,8,3,0.17533262073993683
82,8,4,0.08648284524679184
82,8,5,0.0702817365527153
82,8,6,0.0471799373626709
82,9,2,0.0016517527401447296
82,9,3,0.2941821217536926
82,9,4,0.12053347378969193
82,9,5,0.09431822597980499
82,9,6,0.056937940418720245
82,10,2,0.1713993102312088
82,10,3,0.36387062072753906
82,10,4,0.1368112564086914
82,10,5,0.08253803849220276
82,10,6,0.13873812556266785
82,11,2,0.2647964656352997
82,11,3,0.140615314245224
82,11,4,0.11019200831651688
82,11,5,0.06647869199514389
82,11,6,0.0444716215133667
