game_id,image_id,rep_num,step_size
0,0,2,0.2282063215970993
0,0,3,0.12993429601192474
0,0,4,0.06852076947689056
0,0,5,0.04232509434223175
0,0,6,0.02874075621366501
0,1,2,0.2860935628414154
0,1,3,0.14543674886226654
0,1,4,0.08804533630609512
0,1,5,0.08729836344718933
0,1,6,0.06090031564235687
0,2,2,0.22392238676548004
0,2,3,0.0853332132101059
0,2,4,0.07898001372814178
0,2,5,0.0338306650519371
0,2,6,0.02297263778746128
0,3,2,0.24390268325805664
0,3,3,0.09294738620519638
0,3,4,0.04901575297117233
0,3,5,0.030276890844106674
0,3,6,0.020559458062052727
0,4,2,0.14645753800868988
0,4,3,0.055812615901231766
0,4,4,0.02943274937570095
0,4,5,0.018180526793003082
0,4,6,0.01234545186161995
0,5,2,0.23952490091323853
0,5,3,0.16492289304733276
0,5,4,0.09787370264530182
0,5,5,0.06045631691813469
0,5,6,0.04105272516608238
0,6,2,0.24379944801330566
0,6,3,0.11363155394792557
0,6,4,0.12027251720428467
0,6,5,0.07429199665784836
0,6,6,0.04797232151031494
0,7,2,0.13914702832698822
0,7,3,0.09456639736890793
0,7,4,0.06944812834262848
0,7,5,0.08542358875274658
0,7,6,0.061170611530542374
0,8,2,0.19484801590442657
0,8,3,0.13694174587726593
0,8,4,0.07221615314483643
0,8,5,0.04460771754384041
0,8,6,0.030290767550468445
0,9,2,0.22051456570625305
0,9,3,0.15531986951828003
0,9,4,0.07359319180250168
0,9,5,0.04545831307768822
0,9,6,0.06436364352703094
0,10,2,0.26203903555870056
0,10,3,0.099858857691288
0,10,4,0.07115480303764343
0,10,5,0.04080735892057419
0,10,6,0.027710143476724625
0,11,2,0.2379639744758606
0,11,3,0.10529172420501709
0,11,4,0.06049686297774315
0,11,5,0.03736874461174011
0,11,6,0.025375159457325935
1,0,2,0.2167692631483078
1,0,3,0.08260727673768997
1,0,4,0.04356290027499199
1,0,5,0.02690868265926838
1,0,6,0.05980586260557175
1,1,2,0.4498612880706787
1,1,3,0.012303433381021023
1,1,4,0.10730985552072525
1,1,5,0.120098777115345
1,1,6,0.08814701437950134
1,2,2,0.2545627951622009
1,2,3,0.19994673132896423
1,2,4,0.10544180870056152
1,2,5,0.06513111293315887
1,2,6,0.06236179545521736
1,3,2,0.14856740832328796
1,3,3,0.1361018717288971
1,3,4,0.08850479871034622
1,3,5,0.09014946967363358
1,3,6,0.0028717622626572847
1,4,2,0.2127072811126709
1,4,3,0.08949228376150131
1,4,4,0.11443169414997101
1,4,5,0.07875291258096695
1,4,6,0.05347698554396629
1,5,2,0.13050693273544312
1,5,3,0.1196180135011673
1,5,4,0.06308048963546753
1,5,5,0.03896464407444
1,5,6,0.026458853855729103
1,6,2,0.4700075089931488
1,6,3,0.010567217133939266
1,6,4,0.011859100311994553
1,6,5,0.28926602005958557
1,6,6,0.17007985711097717
1,7,2,0.5154210925102234
1,7,3,0.36614423990249634
1,7,4,0.1418113261461258
1,7,5,0.0948415994644165
1,7,6,0.060141727328300476
1,8,2,0.3088417649269104
1,8,3,0.1716146618127823
1,8,4,0.09227821230888367
1,8,5,0.06908994168043137
1,8,6,0.05938861146569252
1,9,2,0.18794186413288116
1,9,3,0.12083268910646439
1,9,4,0.08425622433423996
1,9,5,0.052044834941625595
1,9,6,0.050500329583883286
1,10,2,0.23007163405418396
1,10,3,0.25166425108909607
1,10,4,0.16167783737182617
1,10,5,0.1258232742547989
1,10,6,0.08822206407785416
1,11,2,0.07102905958890915
1,11,3,0.47173354029655457
1,11,4,0.013438382185995579
1,11,5,0.01778208091855049
1,11,6,0.29009687900543213
2,0,2,0.14060986042022705
2,0,3,0.13275672495365143
2,0,4,0.04839487373828888
2,0,5,0.029893379658460617
2,0,6,0.020299032330513
2,1,2,0.07827921211719513
2,1,3,0.15479953587055206
2,1,4,0.0033276507165282965
2,1,5,0.11302017420530319
2,1,6,0.003055848181247711
2,2,2,0.09657852351665497
2,2,3,0.0386199988424778
2,2,4,0.005235662218183279
2,2,5,0.08477271348237991
2,2,6,0.08752056211233139
2,3,2,0.012584530748426914
2,3,3,0.014672379940748215
2,3,4,0.013339916244149208
2,3,5,0.219508096575737
2,3,6,0.08767016977071762
2,4,2,0.16413213312625885
2,4,3,0.07141350954771042
2,4,4,0.036058209836483
2,4,5,0.04387146607041359
2,4,6,0.001786094973795116
2,5,2,0.013104600831866264
2,5,3,0.19925585389137268
2,5,4,0.07314711064100266
2,5,5,0.08395326882600784
2,5,6,0.07118825614452362
2,6,2,0.05627813935279846
2,6,3,0.047008588910102844
2,6,4,0.2947453260421753
2,6,5,0.0056795296259224415
2,6,6,0.14046622812747955
2,7,2,0.19458554685115814
2,7,3,0.13557790219783783
2,7,4,0.15467701852321625
2,7,5,0.09068912267684937
2,7,6,0.06795531511306763
2,8,2,0.1494753360748291
2,8,3,0.07080162316560745
2,8,4,0.004878078121691942
2,8,5,0.004780912771821022
2,8,6,0.04770054668188095
2,9,2,0.29597482085227966
2,9,3,0.007106553763151169
2,9,4,0.16597393155097961
2,9,5,0.10763666778802872
2,9,6,0.0815175399184227
2,10,2,0.28365808725357056
2,10,3,0.008700468577444553
2,10,4,0.010967130772769451
2,10,5,0.16017477214336395
2,10,6,0.15448641777038574
2,11,2,0.009531467221677303
2,11,3,0.016422860324382782
2,11,4,0.009752461686730385
2,11,5,0.22314870357513428
2,11,6,0.1273992955684662
3,0,2,0.22291865944862366
3,0,3,0.1238274797797203
3,0,4,0.07682357728481293
3,0,5,0.05008956417441368
3,0,6,0.06554213911294937
3,1,2,0.3292844295501709
3,1,3,0.1952378749847412
3,1,4,0.10642737150192261
3,1,5,0.09270055592060089
3,1,6,0.05748194828629494
3,2,2,0.26382675766944885
3,2,3,0.10054012387990952
3,2,4,0.05301978066563606
3,2,5,0.032750166952610016
3,2,6,0.02223893068730831
3,3,2,0.19009429216384888
3,3,3,0.1559058129787445
3,3,4,0.08221683651208878
3,3,5,0.05078510940074921
3,3,6,0.03448551148176193
3,4,2,0.1724705696105957
3,4,3,0.15156450867652893
3,4,4,0.08457588404417038
3,4,5,0.05224229395389557
3,4,6,0.03547501191496849
3,5,2,0.009601120837032795
3,5,3,0.013877264223992825
3,5,4,0.2065548151731491
3,5,5,0.1068580150604248
3,5,6,0.07749194651842117
3,6,2,0.3005552291870117
3,6,3,0.23811709880828857
3,6,4,0.11794368177652359
3,6,5,0.06262681633234024
3,6,6,0.03883376345038414
3,7,2,0.20802858471870422
3,7,3,0.1589597463607788
3,7,4,0.08382733166217804
3,7,5,0.05177990719676018
3,7,6,0.03516102954745293
3,8,2,0.013824640773236752
3,8,3,0.24201709032058716
3,8,4,0.17065981030464172
3,8,5,0.09061850607395172
3,8,6,0.05619090050458908
3,9,2,0.2754608392715454
3,9,3,0.16405996680259705
3,9,4,0.08651693165302277
3,9,5,0.05344126746058464
3,9,6,0.03628917038440704
3,10,2,0.1329435110092163
3,10,3,0.08291346579790115
3,10,4,0.06292232871055603
3,10,5,0.03886694088578224
3,10,6,0.026392517611384392
3,11,2,0.2805969715118408
3,11,3,0.18188513815402985
3,11,4,0.07044593244791031
3,11,5,0.03740602359175682
3,11,6,0.023194799199700356
4,0,2,0.20848530530929565
4,0,3,0.10613472014665604
4,0,4,0.08477379381656647
4,0,5,0.056727539747953415
4,0,6,0.04259695112705231
4,1,2,0.3807542622089386
4,1,3,0.1727956086397171
4,1,4,0.10828301310539246
4,1,5,0.0870099812746048
4,1,6,0.07586592435836792
4,2,2,0.20690932869911194
4,2,3,0.1737489402294159
4,2,4,0.09162640571594238
4,2,5,0.05659737065434456
4,2,6,0.07069963216781616
4,3,2,0.021566713228821754
4,3,3,0.2168867439031601
4,3,4,0.15310132503509521
4,3,5,0.12343458831310272
4,3,6,0.06936925649642944
4,4,2,0.1969677209854126
4,4,3,0.19696947932243347
4,4,4,0.111205093562603
4,4,5,0.06127023696899414
4,4,6,0.04311828315258026
4,5,2,0.38637495040893555
4,5,3,0.25953105092048645
4,5,4,0.11286614835262299
4,5,5,0.07383055984973907
4,5,6,0.0689106360077858
4,6,2,0.05040197819471359
4,6,3,0.39129558205604553
4,6,4,0.1529758721590042
4,6,5,0.08000725507736206
4,6,6,0.04913423955440521
4,7,2,0.05516749247908592
4,7,3,0.36856627464294434
4,7,4,0.1968221366405487
4,7,5,0.12016451358795166
4,7,6,0.059445835649967194
4,8,2,0.1465516835451126
4,8,3,0.1368076652288437
4,8,4,0.08327362686395645
4,8,5,0.06938011944293976
4,8,6,0.047112416476011276
4,9,2,0.2040153443813324
4,9,3,0.16110487282276154
4,9,4,0.0771418958902359
4,9,5,0.04765033349394798
4,9,6,0.03235684707760811
4,10,2,0.4682433009147644
4,10,3,0.20158451795578003
4,10,4,0.09360664337873459
4,10,5,0.049704112112522125
4,10,6,0.06216974928975105
4,11,2,0.2244728058576584
4,11,3,0.15520508587360382
4,11,4,0.08496928960084915
4,11,5,0.05255204439163208
4,11,6,0.05277187377214432
5,0,2,0.19902363419532776
5,0,3,0.0908706858754158
5,0,4,0.09874153882265091
5,0,5,0.06709112972021103
5,0,6,0.04555807262659073
5,1,2,0.4253609776496887
5,1,3,0.014233727008104324
5,1,4,0.011900989338755608
5,1,5,0.013236887753009796
5,1,6,0.010654996149241924
5,2,2,0.15101765096187592
5,2,3,0.13873140513896942
5,2,4,0.07315992563962936
5,2,5,0.07142078131437302
5,2,6,0.03343619778752327
5,3,2,0.19157980382442474
5,3,3,0.2015223503112793
5,3,4,0.1353897601366043
5,3,5,0.08704859018325806
5,3,6,0.0708359032869339
5,4,2,0.18534478545188904
5,4,3,0.12554211914539337
5,4,4,0.07768698781728745
5,4,5,0.047987036406993866
5,4,6,0.03258549049496651
5,5,2,0.44472071528434753
5,5,3,0.2750428318977356
5,5,4,0.0050574978813529015
5,5,5,0.11468710750341415
5,5,6,0.07886960357427597
5,6,2,0.051658306270837784
5,6,3,0.03792572394013405
5,6,4,0.27527108788490295
5,6,5,0.11975105851888657
5,6,6,0.12424954771995544
5,7,2,0.1482808142900467
5,7,3,0.27882036566734314
5,7,4,0.15216752886772156
5,7,5,0.09399347007274628
5,7,6,0.10359219461679459
5,8,2,0.4100445508956909
5,8,3,0.3122229278087616
5,8,4,0.11978106200695038
5,8,5,0.08499936014413834
5,8,6,0.003813318209722638
5,9,2,0.11302735656499863
5,9,3,0.1891871839761734
5,9,4,0.10364985466003418
5,9,5,0.09015343338251114
5,9,6,0.061218488961458206
5,10,2,0.2039245367050171
5,10,3,0.2211962640285492
5,10,4,0.11446725577116013
5,10,5,0.08393645286560059
5,10,6,0.0023802993819117546
5,11,2,0.15226492285728455
5,11,3,0.0068808868527412415
5,11,4,0.12335149943828583
5,11,5,0.004282664507627487
5,11,6,0.11360754817724228
6,0,2,0.3661651611328125
6,0,3,0.0814160481095314
6,0,4,0.11801093071699142
6,0,5,0.06310676783323288
6,0,6,0.08195449411869049
6,1,2,0.3227646052837372
6,1,3,0.06708168983459473
6,1,4,0.10871070623397827
6,1,5,0.05772420018911362
6,1,6,0.0014399322681128979
6,2,2,0.16157858073711395
6,2,3,0.07495547086000443
6,2,4,0.05392090231180191
6,2,5,0.0333067923784256
6,2,6,0.022616896778345108
6,3,2,0.26231124997138977
6,3,3,0.030617566779255867
6,3,4,0.008400335907936096
6,3,5,0.09180259704589844
6,3,6,0.08222883939743042
6,4,2,0.18855927884578705
6,4,3,0.10603760927915573
6,4,4,0.08039549738168716
6,4,5,0.04966007545590401
6,4,6,0.03372156247496605
6,5,2,0.2986162602901459
6,5,3,0.1319378912448883
6,5,4,0.08025956153869629
6,5,5,0.08753865957260132
6,5,6,0.0036424067802727222
6,6,2,0.2271851897239685
6,6,3,0.08657661825418472
6,6,4,0.11004534363746643
6,6,5,0.06797470897436142
6,6,6,0.046158067882061005
6,7,2,0.12429052591323853
6,7,3,0.05241771414875984
6,7,4,0.027642445638775826
6,7,5,0.024684732779860497
6,7,6,0.016762113198637962
6,8,2,0.03053884394466877
6,8,3,0.011637860909104347
6,8,4,0.08827661722898483
6,8,5,0.04944242164492607
6,8,6,0.03929669037461281
6,9,2,0.1911923885345459
6,9,3,0.07286034524440765
6,9,4,0.05694339796900749
6,9,5,0.03517377749085426
6,9,6,0.0723203718662262
6,10,2,0.029414279386401176
6,10,3,0.011209300719201565
6,10,4,0.00591122405603528
6,10,5,0.003651342121884227
6,10,6,0.043885014951229095
6,11,2,0.18426400423049927
6,11,3,0.0815218985080719
6,11,4,0.04127064347267151
6,11,5,0.025492757558822632
6,11,6,0.021674929186701775
7,0,2,0.23414157330989838
7,0,3,0.11019372940063477
7,0,4,0.10715018212795258
7,0,5,0.06618637591600418
7,0,6,0.04494370147585869
7,1,2,0.059774305671453476
7,1,3,0.3670597970485687
7,1,4,0.18655382096767426
7,1,5,0.09707850962877274
7,1,6,0.09795764088630676
7,2,2,0.19651657342910767
7,2,3,0.13281282782554626
7,2,4,0.0948202908039093
7,2,5,0.05857022479176521
7,2,6,0.03977198153734207
7,3,2,0.17160533368587494
7,3,3,0.0571693554520607
7,3,4,0.09099090099334717
7,3,5,0.052643436938524246
7,3,6,0.048609428107738495
7,4,2,0.23026947677135468
7,4,3,0.13233859837055206
7,4,4,0.06978868693113327
7,4,5,0.07749027013778687
7,4,6,0.06613406538963318
7,5,2,0.19165822863578796
7,5,3,0.07303787022829056
7,5,4,0.0756005272269249
7,5,5,0.03729050233960152
7,5,6,0.07063326239585876
7,6,2,0.38970234990119934
7,6,3,0.011921721510589123
7,6,4,0.017606422305107117
7,6,5,0.22367016971111298
7,6,6,0.005020000971853733
7,7,2,0.2153628021478653
7,7,3,0.13887308537960052
7,7,4,0.07323465496301651
7,7,5,0.04523683711886406
7,7,6,0.03071798011660576
7,8,2,0.22837741672992706
7,8,3,0.08703095465898514
7,8,4,0.04589572176337242
7,8,5,0.028349662199616432
7,8,6,0.01925077475607395
7,9,2,0.28709152340888977
7,9,3,0.12154857069253922
7,9,4,0.09312830120325089
7,9,5,0.05752509459853172
7,9,6,0.04884228855371475
7,10,2,0.4075120687484741
7,10,3,0.19534797966480255
7,10,4,0.0035305675119161606
7,10,5,0.08027780801057816
7,10,6,0.05775032564997673
7,11,2,0.26225197315216064
7,11,3,0.12800779938697815
7,11,4,0.08417205512523651
7,11,5,0.0028502754867076874
7,11,6,0.04478802531957626
8,0,2,0.1452382206916809
8,0,3,0.09898587316274643
8,0,4,0.05220014601945877
8,0,5,0.032243888825178146
8,0,6,0.07011115550994873
8,1,2,0.26785463094711304
8,1,3,0.12077199667692184
8,1,4,0.06368904560804367
8,1,5,0.09533698856830597
8,1,6,0.06473836302757263
8,2,2,0.030779099091887474
8,2,3,0.011729419231414795
8,2,4,0.006185502279549837
8,2,5,0.0038207678589969873
8,2,6,0.06888925284147263
8,3,2,0.37745481729507446
8,3,3,0.1661602109670639
8,3,4,0.10029766708612442
8,3,5,0.0573597215116024
8,3,6,0.06720106303691864
8,4,2,0.029395947232842445
8,4,3,0.011202322319149971
8,4,4,0.005907538812607527
8,4,5,0.0036490727216005325
8,4,6,0.06992952525615692
8,5,2,0.18149803578853607
8,5,3,0.10922771692276001
8,5,4,0.056761860847473145
8,5,5,0.03506164625287056
8,5,6,0.05655241385102272
8,6,2,0.24008823931217194
8,6,3,0.09149376302957535
8,6,4,0.048249177634716034
8,6,5,0.029803387820720673
8,6,6,0.047281183302402496
8,7,2,0.3236844837665558
8,7,3,0.12335094064474106
8,7,4,0.06504905968904495
8,7,5,0.04018062353134155
8,7,6,0.06305523961782455
8,8,2,0.033905670046806335
8,8,3,0.012920904904603958
8,8,4,0.006813833490014076
8,8,5,0.058514028787612915
8,8,6,0.03973381593823433
8,9,2,0.40858012437820435
8,9,3,0.19999270141124725
8,9,4,0.09654976427555084
8,9,5,0.10147535055875778
8,9,6,0.06292302161455154
8,10,2,0.6011053323745728
8,10,3,0.3493255078792572
8,10,4,0.14378300309181213
8,10,5,0.09417996555566788
8,10,6,0.058399297297000885
8,11,2,0.3269001245498657
8,11,3,0.18318572640419006
8,11,4,0.09660287946462631
8,11,5,0.05967133119702339
8,11,6,0.06114687770605087
9,0,2,0.037095945328474045
9,0,3,0.11458397656679153
9,0,4,0.03334290534257889
9,0,5,0.020595824345946312
9,0,6,0.013985548168420792
9,1,2,0.4817235469818115
9,1,3,0.05622787028551102
9,1,4,0.02177761308848858
9,1,5,0.011563681066036224
9,1,6,0.007170427590608597
9,2,2,0.24831534922122955
9,2,3,0.09462897479534149
9,2,4,0.04990254342556
9,2,5,0.03082466498017311
9,2,6,0.020931409671902657
9,3,2,0.09754108637571335
9,3,3,0.05562317371368408
9,3,4,0.029332850128412247
9,3,5,0.01811881735920906
9,3,6,0.012303545139729977
9,4,2,0.15734466910362244
9,4,3,0.05996151641011238
9,4,4,0.03162066638469696
9,4,5,0.019532006233930588
9,4,6,0.013263162225484848
9,5,2,0.11169659346342087
9,5,3,0.04333466291427612
9,5,4,0.02285250648856163
9,5,5,0.014115930534899235
9,5,6,0.009585389867424965
9,6,2,0.38550832867622375
9,6,3,0.31491920351982117
9,6,4,0.12197135388851166
9,6,5,0.06476546078920364
9,6,6,0.04015989601612091
9,7,2,0.31082987785339355
9,7,3,0.03628076612949371
9,7,4,0.014051898382604122
9,7,5,0.0074614170007407665
9,7,6,0.004626669455319643
9,8,2,0.0870317667722702
9,8,3,0.05423959344625473
9,8,4,0.028603212907910347
9,8,5,0.01766812801361084
9,8,6,0.038394954055547714
9,9,2,0.1570369452238083
9,9,3,0.14347723126411438
9,9,4,0.07566263526678085
9,9,5,0.04673659801483154
9,9,6,0.03173638507723808
9,10,2,0.2664792537689209
9,10,3,0.10155094414949417
9,10,4,0.05355283245444298
9,10,5,0.03307943418622017
9,10,6,0.036155954003334045
9,11,2,0.2891767919063568
9,11,3,0.11020062118768692
9,11,4,0.05811423063278198
9,11,5,0.03589700534939766
9,11,6,0.024375777691602707
10,0,2,0.2063671201467514
10,0,3,0.20552030205726624
10,0,4,0.09531907737255096
10,0,5,0.058878328651189804
10,0,6,0.07710631936788559
10,1,2,0.20903229713439941
10,1,3,0.11709286272525787
10,1,4,0.11405663937330246
10,1,5,0.07045245915651321
10,1,6,0.04784058779478073
10,2,2,0.2887577712535858
10,2,3,0.15217658877372742
10,2,4,0.10362724959850311
10,2,5,0.06401026993989944
10,2,6,0.04346602410078049
10,3,2,0.3548186123371124
10,3,3,0.21791596710681915
10,3,4,0.12867018580436707
10,3,5,0.08360469341278076
10,3,6,0.05677156150341034
10,4,2,0.21474140882492065
10,4,3,0.13305090367794037
10,4,4,0.1039780005812645
10,4,5,0.09138445556163788
10,4,6,0.07861599326133728
10,5,2,0.27038466930389404
10,5,3,0.12119557708501816
10,5,4,0.10615207254886627
10,5,5,0.06840722262859344
10,5,6,0.061191000044345856
10,6,2,0.2446991503238678
10,6,3,0.10564547777175903
10,6,4,0.08173657208681107
10,6,5,0.10139966011047363
10,6,6,0.07721180468797684
10,7,2,0.3180405795574188
10,7,3,0.23266252875328064
10,7,4,0.14764785766601562
10,7,5,0.09120167046785355
10,7,6,0.061930276453495026
10,8,2,0.3362961411476135
10,8,3,0.12815704941749573
10,8,4,0.06651465594768524
10,8,5,0.04571206122636795
10,8,6,0.031040668487548828
10,9,2,0.29987412691116333
10,9,3,0.266318142414093
10,9,4,0.1514626294374466
10,9,5,0.099623903632164
10,9,6,0.06764938682317734
10,10,2,0.2505771517753601
10,10,3,0.24266192317008972
10,10,4,0.12510070204734802
10,10,5,0.0772743672132492
10,10,6,0.05247298255562782
10,11,2,0.33269283175468445
10,11,3,0.1835753619670868
10,11,4,0.12751147150993347
10,11,5,0.1113937720656395
10,11,6,0.08994047343730927
11,0,2,0.26496925950050354
11,0,3,0.1387961059808731
11,0,4,0.05375712737441063
11,0,5,0.02854444645345211
11,0,6,0.017699897289276123
11,1,2,0.12331801652908325
11,1,3,0.046994514763355255
11,1,4,0.03957928344607353
11,1,5,0.025862207636237144
11,1,6,0.014632695354521275
11,2,2,0.03033437579870224
11,2,3,0.07421944290399551
11,2,4,0.019150806590914726
11,2,5,0.0644838735461235
11,2,6,0.036291494965553284
11,3,2,0.12054470181465149
11,3,3,0.06038258969783783
11,3,4,0.11815070360898972
11,3,5,0.07298135757446289
11,3,6,0.049557823687791824
11,4,2,0.2227274775505066
11,4,3,0.10607285052537918
11,4,4,0.06691830605268478
11,4,5,0.041335251182317734
11,4,6,0.028068607673048973
11,5,2,0.16202948987483978
11,5,3,0.05835091695189476
11,5,4,0.09120413661003113
11,5,5,0.05633654445409775
11,5,6,0.038255203515291214
11,6,2,0.007103989366441965
11,6,3,0.18337683379650116
11,6,4,0.11148828268051147
11,6,5,0.03915336728096008
11,6,6,0.033901941031217575
11,7,2,0.19364874064922333
11,7,3,0.1039058044552803
11,7,4,0.054794665426015854
11,7,5,0.03384651616215706
11,7,6,0.02298339642584324
11,8,2,0.15931154787540436
11,8,3,0.12744970619678497
11,8,4,0.08628485351800919
11,8,5,0.05329791083931923
11,8,6,0.03619183227419853
11,9,2,0.04868655279278755
11,9,3,0.29469284415245056
11,9,4,0.010028080083429813
11,9,5,0.1973738819360733
11,9,6,0.07882991433143616
11,10,2,0.09770262241363525
11,10,3,0.0052370671182870865
11,10,4,0.004801192786544561
11,10,5,0.09297454357147217
11,10,6,0.03177860751748085
11,11,2,0.4921819865703583
11,11,3,0.2066306322813034
11,11,4,0.0954446792602539
11,11,5,0.08745589107275009
11,11,6,0.05492982640862465
12,0,2,0.1861347258090973
12,0,3,0.11258642375469208
12,0,4,0.11595853418111801
12,0,5,0.07162727415561676
12,0,6,0.07149513065814972
12,1,2,0.15761367976665497
12,1,3,0.1526646763086319
12,1,4,0.10757561773061752
12,1,5,0.06644916534423828
12,1,6,0.04512215033173561
12,2,2,0.1803138107061386
12,2,3,0.0810101255774498
12,2,4,0.06862617284059525
12,2,5,0.04239019379019737
12,2,6,0.028784964233636856
12,3,2,0.17469003796577454
12,3,3,0.19415941834449768
12,3,4,0.1365206092596054
12,3,5,0.09001840651035309
12,3,6,0.06112678721547127
12,4,2,0.183343768119812
12,4,3,0.11501260846853256
12,4,4,0.060651835054159164
12,4,5,0.046858884394168854
12,4,6,0.0318194180727005
12,5,2,0.18049806356430054
12,5,3,0.11097278445959091
12,5,4,0.07962337136268616
12,5,5,0.07389727234840393
12,5,6,0.05017978325486183
12,6,2,0.23582831025123596
12,6,3,0.1592913269996643
12,6,4,0.08759305626153946
12,6,5,0.05410599336028099
12,6,6,0.03674054890871048
12,7,2,0.05975894629955292
12,7,3,0.3536454141139984
12,7,4,0.04574361816048622
12,7,5,0.01799609139561653
12,7,6,0.009620226919651031
12,8,2,0.20103591680526733
12,8,3,0.11122342944145203
12,8,4,0.08025569468736649
12,8,5,0.05295786261558533
12,8,6,0.028766360133886337
12,9,2,0.008618935942649841
12,9,3,0.16980533301830292
12,9,4,0.10240048170089722
12,9,5,0.05437355116009712
12,9,6,0.033716049045324326
12,10,2,0.19737020134925842
12,10,3,0.18398451805114746
12,10,4,0.11154595017433167
12,10,5,0.09437146782875061
12,10,6,0.06408274173736572
12,11,2,0.3649357557296753
12,11,3,0.016172071918845177
12,11,4,0.26348450779914856
12,11,5,0.13148044049739838
12,11,6,0.07028593122959137
13,0,2,0.23171499371528625
13,0,3,0.21099182963371277
13,0,4,0.12690217792987823
13,0,5,0.08395206928253174
13,0,6,0.05700745806097984
13,1,2,0.325176477432251
13,1,3,0.1991131603717804
13,1,4,0.09642306715250015
13,1,5,0.07155418395996094
13,1,6,0.04858870059251785
13,2,2,0.18327926099300385
13,2,3,0.18565011024475098
13,2,4,0.1091209352016449
13,2,5,0.06740370392799377
13,2,6,0.04577032849192619
13,3,2,0.3157096803188324
13,3,3,0.1965000182390213
13,3,4,0.10362415760755539
13,3,5,0.06400836259126663
13,3,6,0.04346472769975662
13,4,2,0.010506776161491871
13,4,3,0.012000996619462967
13,4,4,0.28121116757392883
13,4,5,0.15373501181602478
13,4,6,0.0821826159954071
13,5,2,0.2817966043949127
13,5,3,0.1376325786113739
13,5,4,0.13178861141204834
13,5,5,0.08140545338392258
13,5,6,0.05527820065617561
13,6,2,0.3048394024372101
13,6,3,0.18299569189548492
13,6,4,0.10873651504516602
13,6,5,0.06716624647378922
13,6,6,0.04560908302664757
13,7,2,0.23741501569747925
13,7,3,0.18434932827949524
13,7,4,0.09703297168016434
13,7,5,0.0599370002746582
13,7,6,0.04070008173584938
13,8,2,0.2386491447687149
13,8,3,0.1186140701174736
13,8,4,0.05113957077264786
13,8,5,0.0469052791595459
13,8,6,0.031850919127464294
13,9,2,0.2838045060634613
13,9,3,0.12297587096691132
13,9,4,0.1356779783964157
13,9,5,0.09643612802028656
13,9,6,0.08314821124076843
13,10,2,0.21559973061084747
13,10,3,0.17647260427474976
13,10,4,0.09530522674322128
13,10,5,0.058869775384664536
13,10,6,0.03997539356350899
13,11,2,0.2680395841598511
13,11,3,0.1539919227361679
13,11,4,0.09691129624843597
13,11,5,0.05986183509230614
13,11,6,0.04064904525876045
14,0,2,0.15291808545589447
14,0,3,0.07438912987709045
14,0,4,0.062170591205358505
14,0,5,0.04004638269543648
14,0,6,0.02765345759689808
14,1,2,0.14850620925426483
14,1,3,0.05659332498908043
14,1,4,0.029844459146261215
14,1,5,0.018434833735227585
14,1,6,0.012518136762082577
14,2,2,0.03572241589426994
14,2,3,0.08773256838321686
14,2,4,0.04626571014523506
14,2,5,0.02857821248471737
14,2,6,0.019405964761972427
14,3,2,0.19323955476284027
14,3,3,0.07537820935249329
14,3,4,0.06719888001680374
14,3,5,0.04150856286287308
14,3,6,0.028186293318867683
14,4,2,0.24693696200847626
14,4,3,0.028823047876358032
14,4,4,0.011163447052240372
14,4,5,0.005927675869315863
14,4,6,0.003675642656162381
14,5,2,0.15709130465984344
14,5,3,0.13624431192874908
14,5,4,0.07184834778308868
14,5,5,0.041670061647892
14,5,6,0.028295952826738358
14,6,2,0.39997193217277527
14,6,3,0.14969344437122345
14,6,4,0.10703150182962418
14,6,5,0.05683256313204765
14,6,6,0.03524085134267807
14,7,2,0.05269499495625496
14,7,3,0.4069879949092865
14,7,4,0.14852847158908844
14,7,5,0.0785447508096695
14,7,6,0.04414213076233864
14,8,2,0.16066351532936096
14,8,3,0.07901307940483093
14,8,4,0.10688914358615875
14,8,5,0.04083595797419548
14,8,6,0.03413177654147148
14,9,2,0.16853179037570953
14,9,3,0.06422474980354309
14,9,4,0.03386889025568962
14,9,5,0.03460603579878807
14,9,6,0.0161136481910944
14,10,2,0.24033372104167938
14,10,3,0.10968752205371857
14,10,4,0.07600193470716476
14,10,5,0.06995444744825363
14,10,6,0.04750240594148636
14,11,2,0.1787509173154831
14,11,3,0.11179937422275543
14,11,4,0.05895734205842018
14,11,5,0.036417778581380844
14,11,6,0.024729417636990547
15,0,2,0.2127789705991745
15,0,3,0.11742371320724487
15,0,4,0.0821419358253479
15,0,5,0.005527311936020851
15,0,6,0.0504256933927536
15,1,2,0.04970519244670868
15,1,3,0.26151591539382935
15,1,4,0.0067353867925703526
15,1,5,0.009565738029778004
15,1,6,0.13450364768505096
15,2,2,0.22300656139850616
15,2,3,0.09961669892072678
15,2,4,0.07884784787893295
15,2,5,0.03951675444841385
15,2,6,0.06562115997076035
15,3,2,0.25789180397987366
15,3,3,0.09827841818332672
15,3,4,0.0633162334561348
15,3,5,0.03911026194691658
15,3,6,0.026557734236121178
15,4,2,0.44855427742004395
15,4,3,0.2151346206665039
15,4,4,0.10981808602809906
15,4,5,0.06517583131790161
15,4,6,0.04041435942053795
15,5,2,0.3343622088432312
15,5,3,0.16358718276023865
15,5,4,0.08657137304544449
15,5,5,0.04596845805644989
15,5,6,0.08410926163196564
15,6,2,0.2346329540014267
15,6,3,0.126694917678833
15,6,4,0.11647360026836395
15,6,5,0.07194541394710541
15,6,6,0.04885437339544296
15,7,2,0.17258381843566895
15,7,3,0.07777935266494751
15,7,4,0.054542120546102524
15,7,5,0.06484393030405045
15,7,6,0.02932165563106537
15,8,2,0.24316413700580597
15,8,3,0.09266594052314758
15,8,4,0.04886732995510101
15,8,5,0.030185213312506676
15,8,6,0.02049720101058483
15,9,2,0.04187026992440224
15,9,3,0.3366181254386902
15,9,4,0.1470685601234436
15,9,5,0.0026886016130447388
15,9,6,0.16603651642799377
15,10,2,0.32152578234672546
15,10,3,0.155680850148201
15,10,4,0.11507995426654816
15,10,5,0.055739883333444595
15,10,6,0.056179966777563095
15,11,2,0.19302047789096832
15,11,3,0.10523206740617752
15,11,4,0.0727592334151268
15,11,5,0.002503728959709406
15,11,6,0.04703021049499512
16,0,2,0.18114039301872253
16,0,3,0.06902968883514404
16,0,4,0.05389850214123726
16,0,5,0.03329295292496681
16,0,6,0.022607501596212387
16,1,2,0.24061186611652374
16,1,3,0.09169330447912216
16,1,4,0.048354413360357285
16,1,5,0.029868392273783684
16,1,6,0.020282059907913208
16,2,2,0.1940138339996338
16,2,3,0.09507390111684799
16,2,4,0.050137169659137726
16,2,5,0.030969591811299324
16,2,6,0.02102982997894287
16,3,2,0.23507364094257355
16,3,3,0.09969830513000488
16,3,4,0.052575841546058655
16,3,5,0.032475948333740234
16,3,6,0.022052720189094543
16,4,2,0.2553226053714752
16,4,3,0.09729932993650436
16,4,4,0.051310740411281586
16,4,5,0.03169450908899307
16,4,6,0.02152208425104618
16,5,2,0.20272961258888245
16,5,3,0.07725699245929718
16,5,4,0.04074142873287201
16,5,5,0.025165867060422897
16,5,6,0.01708882302045822
16,6,2,0.26105841994285583
16,6,3,0.11520848423242569
16,6,4,0.06075513735413551
16,6,5,0.037528280168771744
16,6,6,0.02548348903656006
16,7,2,0.2575992941856384
16,7,3,0.11576569080352783
16,7,4,0.0610489659011364
16,7,5,0.03770977631211281
16,7,6,0.02560674026608467
16,8,2,0.16751912236213684
16,8,3,0.06383884698152542
16,8,4,0.03366537764668465
16,8,5,0.020795010030269623
16,8,6,0.014120803214609623
16,9,2,0.2260122299194336
16,9,3,0.08612962812185287
16,9,4,0.04542040824890137
16,9,5,0.028056059032678604
16,9,6,0.019051406532526016
16,10,2,0.17804880440235138
16,10,3,0.100043386220932
16,10,4,0.05275782197713852
16,10,5,0.03258836269378662
16,10,6,0.022129051387310028
16,11,2,0.21452388167381287
16,11,3,0.08175159245729446
16,11,4,0.043111652135849
16,11,5,0.02662995085120201
16,11,6,0.018083008006215096
17,0,2,0.2004999816417694
17,0,3,0.15241245925426483
17,0,4,0.08037462085485458
17,0,5,0.04964718222618103
17,0,6,0.03371280059218407
17,1,2,0.04066590219736099
17,1,3,0.3606158196926117
17,1,4,0.011322151869535446
17,1,5,0.12687864899635315
17,1,6,0.006967305205762386
17,2,2,0.0707344263792038
17,2,3,0.07228361070156097
17,2,4,0.10575082153081894
17,2,5,0.06532198190689087
17,2,6,0.04435674473643303
17,3,2,0.1853436380624771
17,3,3,0.1745200753211975
17,3,4,0.09203305840492249
17,3,5,0.06496726721525192
17,3,6,0.039447810500860214
17,4,2,0.15334486961364746
17,4,3,0.05843726173043251
17,4,4,0.030816854909062386
17,4,5,0.04949662834405899
17,4,6,0.06532200425863266
17,5,2,0.16665005683898926
17,5,3,0.09915875643491745
17,5,4,0.08814264833927155
17,5,5,0.0609893873333931
17,5,6,0.06677214056253433
17,6,2,0.2665620744228363
17,6,3,0.0074196006171405315
17,6,4,0.15445660054683685
17,6,5,0.0820147767663002
17,6,6,0.06305555254220963
17,7,2,0.08231156319379807
17,7,3,0.4502946138381958
17,7,4,0.10077913105487823
17,7,5,0.2268894761800766
17,7,6,0.12221279740333557
17,8,2,0.20020005106925964
17,8,3,0.13096453249454498
17,8,4,0.07462155818939209
17,8,5,0.04609352722764015
17,8,6,0.03129970654845238
17,9,2,0.11531125009059906
17,9,3,0.07251826673746109
17,9,4,0.038242463022470474
17,9,5,0.05771486833691597
17,9,6,0.04589185118675232
17,10,2,0.614149808883667
17,10,3,0.3159979283809662
17,10,4,0.14463040232658386
17,10,5,0.08238936215639114
17,10,6,0.09388098865747452
17,11,2,0.5035338401794434
17,11,3,0.15858913958072662
17,11,4,0.17251624166965485
17,11,5,0.08982963114976883
17,11,6,0.0599815659224987
18,0,2,0.10130199044942856
18,0,3,0.03860456496477127
18,0,4,0.020358093082904816
18,0,5,0.012575134634971619
18,0,6,0.008539119735360146
18,1,2,0.19317813217639923
18,1,3,0.15197958052158356
18,1,4,0.08669670671224594
18,1,5,0.07144706696271896
18,1,6,0.03931397199630737
18,2,2,0.18401746451854706
18,2,3,0.07012609392404556
18,2,4,0.036980949342250824
18,2,5,0.02284304052591324
18,2,6,0.04182039201259613
18,3,2,0.16324417293071747
18,3,3,0.10495200753211975
18,3,4,0.05457933619618416
18,3,5,0.05644673854112625
18,3,6,0.04102471098303795
18,4,2,0.14203910529613495
18,4,3,0.05412881821393967
18,4,4,0.07084840536117554
18,4,5,0.10908668488264084
18,4,6,0.07407507300376892
18,5,2,0.29852330684661865
18,5,3,0.12169568240642548
18,5,4,0.10635610669851303
18,5,5,0.07228650897741318
18,5,6,0.04874262586236
18,6,2,0.11786513775587082
18,6,3,0.050210434943437576
18,6,4,0.0334271676838398
18,6,5,0.028861455619335175
18,6,6,0.049441635608673096
18,7,2,0.12026385962963104
18,7,3,0.22084744274616241
18,7,4,0.12586843967437744
18,7,5,0.10357536375522614
18,7,6,0.08486524969339371
18,8,2,0.2329741269350052
18,8,3,0.08878269046545029
18,8,4,0.04681950435042381
18,8,5,0.02892027609050274
18,8,6,0.019638247787952423
18,9,2,0.07458798587322235
18,9,3,0.14212550222873688
18,9,4,0.07494979351758957
18,9,5,0.04629628360271454
18,9,6,0.043148595839738846
18,10,2,0.21977530419826508
18,10,3,0.09799578785896301
18,10,4,0.0886688306927681
18,10,5,0.05136973410844803
18,10,6,0.059054404497146606
18,11,2,0.2684329152107239
18,11,3,0.1306173950433731
18,11,4,0.08185727894306183
18,11,5,0.043465323746204376
18,11,6,0.02695206180214882
19,0,2,0.23473906517028809
19,0,3,0.08945528417825699
19,0,4,0.04717418923974037
19,0,5,0.05298808962106705
19,0,6,0.023934058845043182
19,1,2,0.05337447300553322
19,1,3,0.2993086874485016
19,1,4,0.009286394342780113
19,1,5,0.19640186429023743
19,1,6,0.11232340335845947
19,2,2,0.24010948836803436
19,2,3,0.11510427296161652
19,2,4,0.0753161609172821
19,2,5,0.05826541408896446
19,2,6,0.04534175246953964
19,3,2,0.2476850301027298
19,3,3,0.13648344576358795
19,3,4,0.07210105657577515
19,3,5,0.07032269984483719
19,3,6,0.047865647822618484
19,4,2,0.20854108035564423
19,4,3,0.1182742491364479
19,4,4,0.0623718686401844
19,4,5,0.03852692246437073
19,4,6,0.026161620393395424
19,5,2,0.22860564291477203
19,5,3,0.17613521218299866
19,5,4,0.0890265554189682
19,5,5,0.0484047569334507
19,5,6,0.03286914527416229
19,6,2,0.045628100633621216
19,6,3,0.042089059948921204
19,6,4,0.0340704582631588
19,6,5,0.2512138783931732
19,6,6,0.038573648780584335
19,7,2,0.34041091799736023
19,7,3,0.16166946291923523
19,7,4,0.08525630086660385
19,7,5,0.06905543804168701
19,7,6,0.046891920268535614
19,8,2,0.2710648775100708
19,8,3,0.16591881215572357
19,8,4,0.11361459642648697
19,8,5,0.066190704703331
19,8,6,0.0819794088602066
19,9,2,0.2515850067138672
19,9,3,0.0940096378326416
19,9,4,0.06336339563131332
19,9,5,0.04575406014919281
19,9,6,0.07973487675189972
19,10,2,0.058749906718730927
19,10,3,0.35926029086112976
19,10,4,0.13020171225070953
19,10,5,0.10354688763618469
19,10,6,0.11073621362447739
19,11,2,0.4300355315208435
19,11,3,0.198490709066391
19,11,4,0.14166228473186493
19,11,5,0.06163868308067322
19,11,6,0.08129770308732986
20,0,2,0.2714897394180298
20,0,3,0.16095776855945587
20,0,4,0.08488098531961441
20,0,5,0.05243075266480446
20,0,6,0.06727196276187897
20,1,2,0.32321521639823914
20,1,3,0.1500719040632248
20,1,4,0.1194407194852829
20,1,5,0.07377820461988449
20,1,6,0.05009891837835312
20,2,2,0.22691874206066132
20,2,3,0.08647507429122925
20,2,4,0.04560257866978645
20,2,5,0.028168588876724243
20,2,6,0.01912781409919262
20,3,2,0.23225316405296326
20,3,3,0.09345077723264694
20,3,4,0.09280094504356384
20,3,5,0.05732288584113121
20,3,6,0.03892497718334198
20,4,2,0.22711335122585297
20,4,3,0.1029960885643959
20,4,4,0.1121242493391037
20,4,5,0.06925884634256363
20,4,6,0.04703005775809288
20,5,2,0.3482617735862732
20,5,3,0.2132287472486496
20,5,4,0.09867136925458908
20,5,5,0.05239342153072357
20,5,6,0.040140748023986816
20,6,2,0.4825599491596222
20,6,3,0.22258378565311432
20,6,4,0.12665772438049316
20,6,5,0.06725387275218964
20,6,6,0.041702914983034134
20,7,2,0.2343306988477707
20,7,3,0.11466927081346512
20,7,4,0.06047077104449272
20,7,5,0.037352629005908966
20,7,6,0.06998606026172638
20,8,2,0.2003965824842453
20,8,3,0.17732815444469452
20,8,4,0.09351390600204468
20,8,5,0.05776328220963478
20,8,6,0.039224013686180115
20,9,2,0.15415149927139282
20,9,3,0.18152765929698944
20,9,4,0.10508909821510315
20,9,5,0.06771939247846603
20,9,6,0.053341664373874664
20,10,2,0.0714942067861557
20,10,3,0.4436088800430298
20,10,4,0.05738028883934021
20,10,5,0.007510311435908079
20,10,6,0.10832296311855316
20,11,2,0.26418253779411316
20,11,3,0.12248920649290085
20,11,4,0.10794781148433685
20,11,5,0.06667906045913696
20,11,6,0.058999672532081604
21,0,2,0.013630200177431107
21,0,3,0.2538367807865143
21,0,4,0.156980499625206
21,0,5,0.08335493505001068
21,0,6,0.06393744051456451
21,1,2,0.04623926430940628
21,1,3,0.03717910498380661
21,1,4,0.025577789172530174
21,1,5,0.025028783828020096
21,1,6,0.027512798085808754
21,2,2,0.030779099091887474
21,2,3,0.011729419231414795
21,2,4,0.006185502279549837
21,2,5,0.0038207678589969873
21,2,6,0.002594486577436328
21,3,2,0.2023254781961441
21,3,3,0.13703854382038116
21,3,4,0.10185611248016357
21,3,5,0.06291624158620834
21,3,6,0.0659157931804657
21,4,2,0.4521888196468353
21,4,3,0.012806273065507412
21,4,4,0.20512668788433075
21,4,5,0.08903961628675461
21,4,6,0.002016980666667223
21,5,2,0.14304375648498535
21,5,3,0.12389052659273148
21,5,4,0.06533360481262207
21,5,5,0.04035637900233269
21,5,6,0.02740391157567501
21,6,2,0.01531246304512024
21,6,3,0.2786329686641693
21,6,4,0.10791733860969543
21,6,5,0.05730293691158295
21,6,6,0.03553251549601555
21,7,2,0.5032641291618347
21,7,3,0.2654286026954651
21,7,4,0.10280315577983856
21,7,5,0.05458734929561615
21,7,6,0.033848635852336884
21,8,2,0.2508785128593445
21,8,3,0.09329991042613983
21,8,4,0.0568816252052784
21,8,5,0.03513561561703682
21,8,6,0.02385876514017582
21,9,2,0.5094671249389648
21,9,3,0.2806408107280731
21,9,4,0.1847858428955078
21,9,5,0.09811927378177643
21,9,6,0.06084199622273445
21,10,2,0.010837273672223091
21,10,3,0.009443971328437328
21,10,4,0.18498331308364868
21,10,5,0.07444621622562408
21,10,6,0.06325843930244446
21,11,2,0.05320588871836662
21,11,3,0.03963879495859146
21,11,4,0.344733327627182
21,11,5,0.012033994309604168
21,11,6,0.17452579736709595
22,0,2,0.21269650757312775
22,0,3,0.1094711422920227
22,0,4,0.0026152445934712887
22,0,5,0.07693041861057281
22,0,6,0.06433902680873871
22,1,2,0.16669002175331116
22,1,3,0.009001286700367928
22,1,4,0.15769356489181519
22,1,5,0.15425211191177368
22,1,6,0.09564895927906036
22,2,2,0.17785289883613586
22,2,3,0.0677768737077713
22,2,4,0.03574209660291672
22,2,5,0.04736673831939697
22,2,6,0.016373565420508385
22,3,2,0.4148070514202118
22,3,3,0.24856844544410706
22,3,4,0.13124729692935944
22,3,5,0.07134638726711273
22,3,6,0.08823304623365402
22,4,2,0.017971282824873924
22,4,3,0.01225469820201397
22,4,4,0.34170323610305786
22,4,5,0.1542447954416275
22,4,6,0.08245512843132019
22,5,2,0.26317599415779114
22,5,3,0.13320967555046082
22,5,4,0.06770521402359009
22,5,5,0.04182131960988045
22,5,6,0.028398672118782997
22,6,2,0.30856868624687195
22,6,3,0.007833684794604778
22,6,4,0.1366148293018341
22,6,5,0.05424974858760834
22,6,6,0.06619273871183395
22,7,2,0.012288766913115978
22,7,3,0.013044207356870174
22,7,4,0.25433462858200073
22,7,5,0.13287010788917542
22,7,6,0.07102880626916885
22,8,2,0.28099700808525085
22,8,3,0.011614346876740456
22,8,4,0.22323787212371826
22,8,5,0.12832441926002502
22,8,6,0.08737559616565704
22,9,2,0.3014288544654846
22,9,3,0.14666813611984253
22,9,4,0.05823911353945732
22,9,5,0.06537964940071106
22,9,6,0.037416957318782806
22,10,2,0.015041795559227467
22,10,3,0.26433151960372925
22,10,4,0.15102458000183105
22,10,5,0.0887233093380928
22,10,6,0.0685669481754303
22,11,2,0.0470924898982048
22,11,3,0.30453407764434814
22,11,4,0.00951827596873045
22,11,5,0.18150290846824646
22,11,6,0.08999393880367279
23,0,2,0.2523219883441925
23,0,3,0.12242504209280014
23,0,4,0.08844953775405884
23,0,5,0.07433948665857315
23,0,6,0.06893640011548996
23,1,2,0.016042089089751244
23,1,3,0.014521638862788677
23,1,4,0.19199484586715698
23,1,5,0.00685715489089489
23,1,6,0.0059427074156701565
23,2,2,0.009706965647637844
23,2,3,0.14437592029571533
23,2,4,0.18413065373897552
23,2,5,0.09777137637138367
23,2,6,0.09152934700250626
23,3,2,0.354401558637619
23,3,3,0.22659464180469513
23,3,4,0.10014703124761581
23,3,5,0.06930624693632126
23,3,6,0.051612500101327896
23,4,2,0.22313566505908966
23,4,3,0.14609406888484955
23,4,4,0.004759293515235186
23,4,5,0.1321747601032257
23,4,6,0.08195918053388596
23,5,2,0.22713620960712433
23,5,3,0.1456654667854309
23,5,4,0.07999256998300552
23,5,5,0.05919872969388962
23,5,6,0.04763828217983246
23,6,2,0.05741121619939804
23,6,3,0.3562409579753876
23,6,4,0.1779538244009018
23,6,5,0.15476743876934052
23,6,6,0.09679344296455383
23,7,2,0.056210801005363464
23,7,3,0.36316660046577454
23,7,4,0.13527831435203552
23,7,5,0.09669986367225647
23,7,6,0.05096673592925072
23,8,2,0.28148123621940613
23,8,3,0.13041804730892181
23,8,4,0.18452651798725128
23,8,5,0.11178328841924667
23,8,6,0.08779946714639664
23,9,2,0.05965907871723175
23,9,3,0.05093301087617874
23,9,4,0.35151103138923645
23,9,5,0.16675065457820892
23,9,6,0.10389766842126846
23,10,2,0.013681309297680855
23,10,3,0.10359226167201996
23,10,4,0.006950171198695898
23,10,5,0.10908490419387817
23,10,6,0.08395954966545105
23,11,2,0.01171946246176958
23,11,3,0.249690443277359
23,11,4,0.12376286089420319
23,11,5,0.0794999971985817
23,11,6,0.061059705913066864
24,0,2,0.2973068356513977
24,0,3,0.13642637431621552
24,0,4,0.05283930152654648
24,0,5,0.028057090938091278
24,0,6,0.017397698014974594
24,1,2,0.20582613348960876
24,1,3,0.10709980130195618
24,1,4,0.056479014456272125
24,1,5,0.034886933863162994
24,1,6,0.1052885353565216
24,2,2,0.16434015333652496
24,2,3,0.07632677257061005
24,2,4,0.040250882506370544
24,2,5,0.024862859398126602
24,2,6,0.016883067786693573
24,3,2,0.30289506912231445
24,3,3,0.12343993782997131
24,3,4,0.07984323054552078
24,3,5,0.047161005437374115
24,3,6,0.0320245586335659
24,4,2,0.17197847366333008
24,4,3,0.12321680784225464
24,4,4,0.06497831642627716
24,4,5,0.040136925876140594
24,4,6,0.027254881337285042
24,5,2,0.20874696969985962
24,5,3,0.09388258308172226
24,5,4,0.05447949841618538
24,5,5,0.03365183249115944
24,5,6,0.022851204499602318
24,6,2,0.1974250227212906
24,6,3,0.11748944967985153
24,6,4,0.06195799633860588
24,6,5,0.038271281868219376
24,6,6,0.025988027453422546
24,7,2,0.2091146856546402
24,7,3,0.14877277612686157
24,7,4,0.09637773782014847
24,7,5,0.07348033040761948
24,7,6,0.04989665374159813
24,8,2,0.14668869972229004
24,8,3,0.12969930469989777
24,8,4,0.0626455545425415
24,8,5,0.04414062574505806
24,8,6,0.0263430867344141
24,9,2,0.3226374685764313
24,9,3,0.12782061100006104
24,9,4,0.08986224979162216
24,9,5,0.05550765618681908
24,9,6,0.037692345678806305
24,10,2,0.26173537969589233
24,10,3,0.09974314272403717
24,10,4,0.05259949341416359
24,10,5,0.0324905589222908
24,10,6,0.022062640637159348
24,11,2,0.20888085663318634
24,11,3,0.10359878093004227
24,11,4,0.13166801631450653
24,11,5,0.07420551776885986
24,11,6,0.05038909241557121
25,0,2,0.23713703453540802
25,0,3,0.1405862718820572
25,0,4,0.0741380900144577
25,0,5,0.04579488933086395
25,0,6,0.031096916645765305
25,1,2,0.18646571040153503
25,1,3,0.10466442257165909
25,1,4,0.08808522671461105
25,1,5,0.04101129248738289
25,1,6,0.046019475907087326
25,2,2,0.1656446009874344
25,2,3,0.06312449276447296
25,2,4,0.033288661390542984
25,2,5,0.020562317222356796
25,2,6,0.013962795026600361
25,3,2,0.2139175683259964
25,3,3,0.13127583265304565
25,3,4,0.0966813936829567
25,3,5,0.05971983075141907
25,3,6,0.040552616119384766
25,4,2,0.20373086631298065
25,4,3,0.07763855159282684
25,4,4,0.04094264656305313
25,4,5,0.02529016137123108
25,4,6,0.017173223197460175
25,5,2,0.23398011922836304
25,5,3,0.1147371456027031
25,5,4,0.06467290967702866
25,5,5,0.039948273450136185
25,5,6,0.02712678536772728
25,6,2,0.21621976792812347
25,6,3,0.0057204607874155045
25,6,4,0.119084931910038
25,6,5,0.07681170105934143
25,6,6,0.04762955754995346
25,7,2,0.12701497972011566
25,7,3,0.04840336740016937
25,7,4,0.02552548423409462
25,7,5,0.015767022967338562
25,7,6,0.010706559754908085
25,8,2,0.20576469600200653
25,8,3,0.16483840346336365
25,8,4,0.08692744374275208
25,8,5,0.08987753093242645
25,8,6,0.06103113293647766
25,9,2,0.1617312878370285
25,9,3,0.1656271517276764
25,9,4,0.09690063446760178
25,9,5,0.059855252504348755
25,9,6,0.0406445749104023
25,10,2,0.16081739962100983
25,10,3,0.07704335451126099
25,10,4,0.10172687470912933
25,10,5,0.07065246254205704
25,10,6,0.06458187848329544
25,11,2,0.13777896761894226
25,11,3,0.11475984752178192
25,11,4,0.0605185441672802
25,11,5,0.03738213703036308
25,11,6,0.02538425289094448
26,0,2,0.238380566239357
26,0,3,0.12356095016002655
26,0,4,0.09659966826438904
26,0,5,0.05966934189200401
26,0,6,0.04051833599805832
26,1,2,0.36779895424842834
26,1,3,0.04293033480644226
26,1,4,0.016627345234155655
26,1,5,0.008828939869999886
26,1,6,0.005474668927490711
26,2,2,0.13685157895088196
26,2,3,0.05215192958712578
26,2,4,0.027502290904521942
26,2,5,0.016988089308142662
26,2,6,0.011535723693668842
26,3,2,0.16039936244487762
26,3,3,0.06112561747431755
26,3,4,0.056260913610458374
26,3,5,0.034752219915390015
26,3,6,0.023598413914442062
26,4,2,0.18240928649902344
26,4,3,0.07232147455215454
26,4,4,0.05136067047715187
26,4,5,0.03172534704208374
26,4,6,0.021543024107813835
26,5,2,0.14819006621837616
26,5,3,0.08108305931091309
26,5,4,0.04275910556316376
26,5,5,0.026412179693579674
26,5,6,0.01793513260781765
26,6,2,0.3332553505897522
26,6,3,0.17398732900619507
26,6,4,0.12892436981201172
26,6,5,0.08277496695518494
26,6,6,0.05132726952433586
26,7,2,0.16444692015647888
26,7,3,0.08286476880311966
26,7,4,0.043698687106370926
26,7,5,0.02699255757033825
26,7,6,0.018329232931137085
26,8,2,0.2906208038330078
26,8,3,0.12185962498188019
26,8,4,0.07889347523450851
26,8,5,0.07578513771295547
26,8,6,0.05146172270178795
26,9,2,0.3166697025299072
26,9,3,0.00777547899633646
26,9,4,0.1443195641040802
26,9,5,0.003990348894149065
26,9,6,0.09494544565677643
26,10,2,0.19583337008953094
26,10,3,0.07462894171476364
26,10,4,0.052590616047382355
26,10,5,0.05143004283308983
26,10,6,0.0011839858489111066
26,11,2,0.050250712782144547
26,11,3,0.03549976646900177
26,11,4,0.029221314936876297
26,11,5,0.21524907648563385
26,11,6,0.03305129334330559
27,0,2,0.17131780087947845
27,0,3,0.15976256132125854
27,0,4,0.14170216023921967
27,0,5,0.08752903342247009
27,0,6,0.059436388313770294
27,1,2,0.42848432064056396
27,1,3,0.1395215541124344
27,1,4,0.07055730372667313
27,1,5,0.08956154435873032
27,1,6,0.05867752060294151
27,2,2,0.20335626602172852
27,2,3,0.12462612986564636
27,2,4,0.06572151929140091
27,2,5,0.04059600085020065
27,2,6,0.02756662108004093
27,3,2,0.3103768825531006
27,3,3,0.12280204147100449
27,3,4,0.10775067657232285
27,3,5,0.06655728071928024
27,3,6,0.045195575803518295
27,4,2,0.27586662769317627
27,4,3,0.12927916646003723
27,4,4,0.07527481764554977
27,4,5,0.04649704694747925
27,4,6,0.031573712825775146
27,5,2,0.48127996921539307
27,5,3,0.15533895790576935
27,5,4,0.13698796927928925
27,5,5,0.0727391391992569
27,5,6,0.06851672381162643
27,6,2,0.3945446014404297
27,6,3,0.012585041113197803
27,6,4,0.19095341861248016
27,6,5,0.09886172413825989
27,6,6,0.052848827093839645
27,7,2,0.27486884593963623
27,7,3,0.14866262674331665
27,7,4,0.10005338490009308
27,7,5,0.0618027001619339
27,7,6,0.04196698218584061
27,8,2,0.24475990235805511
27,8,3,0.15936608612537384
27,8,4,0.08404161781072617
27,8,5,0.09632761776447296
27,8,6,0.0654110461473465
27,9,2,0.14270181953907013
27,9,3,0.18689978122711182
27,9,4,0.11633031070232391
27,9,5,0.09978048503398895
27,9,6,0.06775571405887604
27,10,2,0.2844430208206177
27,10,3,0.12561479210853577
27,10,4,0.07232990860939026
27,10,5,0.06397472321987152
27,10,6,0.05326835438609123
27,11,2,0.2175559550523758
27,11,3,0.144974485039711
27,11,4,0.08910118043422699
27,11,5,0.08122627437114716
27,11,6,0.07831133157014847
28,0,2,0.25283628702163696
28,0,3,0.16360826790332794
28,0,4,0.10765767842531204
28,0,5,0.09826719015836716
28,0,6,0.08013793081045151
28,1,2,0.18926197290420532
28,1,3,0.19573268294334412
28,1,4,0.16073006391525269
28,1,5,0.0991586446762085
28,1,6,0.06815729290246964
28,2,2,0.19206887483596802
28,2,3,0.12447202950716019
28,2,4,0.07423513382673264
28,2,5,0.04790351912379265
28,2,6,0.06533361226320267
28,3,2,0.2751346826553345
28,3,3,0.11148590594530106
28,3,4,0.08850225806236267
28,3,5,0.10825801640748978
28,3,6,0.07351236045360565
28,4,2,0.18972919881343842
28,4,3,0.08017466962337494
28,4,4,0.05945632979273796
28,4,5,0.05279714614152908
28,4,6,0.03585178405046463
28,5,2,0.011673171073198318
28,5,3,0.2706736922264099
28,5,4,0.14115788042545319
28,5,5,0.07495330274105072
28,5,6,0.0548296719789505
28,6,3,0.045857153832912445
28,6,4,0.5068724155426025
28,6,5,0.2063007801771164
28,6,6,0.16768135130405426
28,7,2,0.04830750823020935
28,7,3,0.2941805422306061
28,7,4,0.10414746403694153
28,7,5,0.08334659039974213
28,7,6,0.003291089553385973
28,8,2,0.16497677564620972
28,8,3,0.0966031476855278
28,8,4,0.10176388174295425
28,8,5,0.0664646178483963
28,8,6,0.0859266072511673
28,9,2,0.05948219820857048
28,9,3,0.3629736304283142
28,9,4,0.20964746177196503
28,9,5,0.1383168250322342
28,9,6,0.07217683643102646
28,10,2,0.21423062682151794
28,10,3,0.14007632434368134
28,10,4,0.1435939073562622
28,10,5,0.0820101946592331
28,10,6,0.07107773423194885
28,11,2,0.3976072072982788
28,11,3,0.28546637296676636
28,11,4,0.011541085317730904
28,11,5,0.21675512194633484
28,11,6,0.1471625715494156
29,0,2,0.296013742685318
29,0,3,0.1296706199645996
29,0,4,0.1036481261253357
29,0,5,0.0550360307097435
29,0,6,0.034126851707696915
29,1,2,0.3935483396053314
29,1,3,0.04593585804104805
29,1,4,0.017791416496038437
29,1,5,0.009447051212191582
29,1,6,0.005857944488525391
29,2,2,0.1987306773662567
29,2,3,0.07573306560516357
29,2,4,0.039937786757946014
29,2,5,0.024669460952281952
29,2,6,0.016751741990447044
29,3,2,0.12088953703641891
29,3,3,0.1189059242606163
29,3,4,0.06270496547222137
29,3,5,0.03873268514871597
29,3,6,0.026301342993974686
29,4,2,0.19416765868663788
29,4,3,0.1348351538181305
29,4,4,0.0711052417755127
29,4,5,0.043921515345573425
29,4,6,0.02982480078935623
29,5,2,0.1676921546459198
29,5,3,0.06706402450799942
29,5,4,0.05457080155611038
29,5,5,0.03370823711156845
29,5,6,0.022889498621225357
29,6,2,0.3810044527053833
29,6,3,0.18049946427345276
29,6,4,0.0699092373251915
29,6,5,0.03712104633450508
29,6,6,0.02301809750497341
29,7,2,0.2010713666677475
29,7,3,0.10062821209430695
29,7,4,0.10014118999242783
29,7,5,0.061856936663389206
29,7,6,0.055931150913238525
29,8,2,0.3145666718482971
29,8,3,0.1330704689025879
29,8,4,0.05153951793909073
29,8,5,0.02736692689359188
29,8,6,0.0606304295361042
29,9,2,0.19083452224731445
29,9,3,0.07272395491600037
29,9,4,0.038350943475961685
29,9,5,0.0236892681568861
29,9,6,0.05547980219125748
29,10,2,0.13848945498466492
29,10,3,0.09305266290903091
29,10,4,0.0668608769774437
29,10,5,0.041299786418676376
29,10,6,0.02804451622068882
29,11,2,0.16865742206573486
29,11,3,0.06461483985185623
29,11,4,0.03407459333539009
29,11,5,0.021047785878181458
29,11,6,0.01429244875907898
30,0,2,0.3359772264957428
30,0,3,0.11563947796821594
30,0,4,0.080235056579113
30,0,5,0.04956098645925522
30,0,6,0.033654265105724335
30,1,2,0.38039088249206543
30,1,3,0.15195821225643158
30,1,4,0.12377101182937622
30,1,5,0.09426294267177582
30,1,6,0.08479803055524826
30,2,2,0.17637331783771515
30,2,3,0.10118364542722702
30,2,4,0.054157570004463196
30,2,5,0.03345298022031784
30,2,6,0.025152239948511124
30,3,2,0.4450606405735016
30,3,3,0.25016969442367554
30,3,4,0.009102502837777138
30,3,5,0.14317351579666138
30,3,6,0.08789412677288055
30,4,2,0.2239544540643692
30,4,3,0.10853197425603867
30,4,4,0.09164951741695404
30,4,5,0.05661165714263916
30,4,6,0.03844201937317848
30,5,2,0.14171460270881653
30,5,3,0.19667382538318634
30,5,4,0.11466635763645172
30,5,5,0.062080346047878265
30,5,6,0.05991227924823761
30,6,2,0.26198551058769226
30,6,3,0.1521240472793579
30,6,4,0.09300120919942856
30,6,5,0.057446591556072235
30,6,6,0.0390089750289917
30,7,2,0.4182129502296448
30,7,3,0.1538560390472412
30,7,4,0.14550606906414032
30,7,5,0.08975806087255478
30,7,6,0.07275021076202393
30,8,2,0.21911056339740753
30,8,3,0.13207854330539703
30,8,4,0.09737177193164825
30,8,5,0.0601462759077549
30,8,6,0.04084218665957451
30,9,2,0.39148080348968506
30,9,3,0.25090962648391724
30,9,4,0.18776613473892212
30,9,5,0.09970177710056305
30,9,6,0.061458151787519455
30,10,2,0.01366562582552433
30,10,3,0.1912161260843277
30,10,4,0.24663610756397247
30,10,5,0.1309610903263092
30,10,6,0.08120661228895187
30,11,2,0.2642137408256531
30,11,3,0.11903124302625656
30,11,4,0.10177461057901382
30,11,5,0.06575796753168106
30,11,6,0.04856519773602486
31,0,2,0.23846352100372314
31,0,3,0.10468018054962158
31,0,4,0.05520303547382355
31,0,5,0.03409875929355621
31,0,6,0.023154685273766518
31,1,2,0.25970515608787537
31,1,3,0.09460622817277908
31,1,4,0.12446853518486023
31,1,5,0.06399144977331161
31,1,6,0.03967994078993797
31,2,2,0.28107962012290955
31,2,3,0.10711491852998734
31,2,4,0.056486986577510834
31,2,5,0.03489185497164726
31,2,6,0.023693237453699112
31,3,2,0.43527552485466003
31,3,3,0.20186847448349
31,3,4,0.15093742311000824
31,3,5,0.08014612644910812
31,3,6,0.049697164446115494
31,4,2,0.21589896082878113
31,4,3,0.12262719869613647
31,4,4,0.09407710283994675
31,4,5,0.05811116471886635
31,4,6,0.039460256695747375
31,5,2,0.06536025553941727
31,5,3,0.09157887101173401
31,5,4,0.13152280449867249
31,5,5,0.1043253093957901
31,5,6,0.07084187120199203
31,6,2,0.19967947900295258
31,6,3,0.1687389314174652
31,6,4,0.004754314664751291
31,6,5,0.11407612264156342
31,6,6,0.07482755184173584
31,7,2,0.05966591089963913
31,7,3,0.32127365469932556
31,7,4,0.08715085685253143
31,7,5,0.03428620100021362
31,7,6,0.018328476697206497
31,8,2,0.040257107466459274
31,8,3,0.015341334044933319
31,8,4,0.00809024553745985
31,8,5,0.004997322801500559
31,8,6,0.003393419086933136
31,9,2,0.2824685573577881
31,9,3,0.13974125683307648
31,9,4,0.0034933637361973524
31,9,5,0.08061613887548447
31,9,6,0.07976940274238586
31,10,2,0.035425469279289246
31,10,3,0.27027297019958496
31,10,4,0.034959498792886734
31,10,5,0.013753482140600681
31,10,6,0.07341553270816803
31,11,2,0.31234613060951233
31,11,3,0.20757129788398743
31,11,4,0.0803944393992424
31,11,5,0.04268857464194298
31,11,6,0.02647041343152523
32,0,2,0.14372897148132324
32,0,3,0.10132347792387009
32,0,4,0.08097537606954575
32,0,5,0.05001826956868172
32,0,6,0.0332462340593338
32,1,2,0.22910520434379578
32,1,3,0.18133731186389923
32,1,4,0.0050370292738080025
32,1,5,0.10236647725105286
32,1,6,0.07468535006046295
32,2,2,0.1795906275510788
32,2,3,0.08926897495985031
32,2,4,0.043987832963466644
32,2,5,0.027171161025762558
32,2,6,0.018450509756803513
32,3,2,0.015706922858953476
32,3,3,0.3735399842262268
32,3,4,0.1516234427690506
32,3,5,0.08058357983827591
32,3,6,0.05692771449685097
32,4,2,0.21032601594924927
32,4,3,0.11925607919692993
32,4,4,0.004675318952649832
32,4,5,0.10789201408624649
32,4,6,0.0031488973181694746
32,5,2,0.2548474073410034
32,5,3,0.12510685622692108
32,5,4,0.08270347863435745
32,5,5,0.05341585353016853
32,5,6,0.04122514650225639
32,6,2,0.04681644216179848
32,6,3,0.35177284479141235
32,6,4,0.17493021488189697
32,6,5,0.003711729310452938
32,6,6,0.005585603415966034
32,7,2,0.23357875645160675
32,7,3,0.110333152115345
32,7,4,0.0860302522778511
32,7,5,0.07388006895780563
32,7,6,0.05016809329390526
32,8,2,0.28074756264686584
32,8,3,0.014102688059210777
32,8,4,0.11764515936374664
32,8,5,0.0791260153055191
32,8,6,0.0032435155007988214
32,9,2,0.010728099383413792
32,9,3,0.24443642795085907
32,9,4,0.11986891180276871
32,9,5,0.0840267688035965
32,9,6,0.08702104538679123
32,10,2,0.3812465965747833
32,10,3,0.01049545407295227
32,10,4,0.02001948654651642
32,10,5,0.019588017836213112
32,10,6,0.010287817567586899
32,11,2,0.04776694253087044
32,11,3,0.04191958159208298
32,11,4,0.2917301058769226
32,11,5,0.3698563277721405
32,11,6,0.006033365614712238
33,0,2,0.1790231317281723
33,0,3,0.1068626418709755
33,0,4,0.05635394901037216
33,0,5,0.051613699644804
33,0,6,0.035048164427280426
33,1,2,0.24192588031291962
33,1,3,0.14197085797786713
33,1,4,0.09580130875110626
33,1,5,0.07177326083183289
33,1,6,0.04873746633529663
33,2,2,0.19123464822769165
33,2,3,0.1447669267654419
33,2,4,0.07634273916482925
33,2,5,0.04715671017765999
33,2,6,0.032021645456552505
33,3,2,0.23758496344089508
33,3,3,0.10023467987775803
33,3,4,0.05285869911313057
33,3,5,0.05154081806540489
33,3,6,0.024276474490761757
33,4,2,0.17064163088798523
33,4,3,0.06502877175807953
33,4,4,0.03429289162158966
33,4,5,0.021182619035243988
33,4,6,0.0143840117380023
33,5,2,0.18025445938110352
33,5,3,0.13531354069709778
33,5,4,0.07135751098394394
33,5,5,0.04407733678817749
33,5,6,0.029930617660284042
33,6,2,0.23175418376922607
33,6,3,0.1389024257659912
33,6,4,0.10488089174032211
33,6,5,0.04972560703754425
33,6,6,0.03427724540233612
33,7,2,0.3008365333080292
33,7,3,0.1695897877216339
33,7,4,0.08943308144807816
33,7,5,0.05524256452918053
33,7,6,0.037512343376874924
33,8,2,0.0082033546641469
33,8,3,0.1582353413105011
33,8,4,0.0957978293299675
33,8,5,0.05118175968527794
33,8,6,0.03173688426613808
33,9,2,0.27945956587791443
33,9,3,0.12522488832473755
33,9,4,0.06603727489709854
33,9,5,0.04079103842377663
33,9,6,0.027699064463377
33,10,2,0.2639639377593994
33,10,3,0.13401038944721222
33,10,4,0.080263651907444
33,10,5,0.04957863688468933
33,10,6,0.033666256815195084
33,11,2,0.16402873396873474
33,11,3,0.09719777852296829
33,11,4,0.05048925429582596
33,11,5,0.03118707239627838
33,11,6,0.021177515387535095
34,0,2,0.25511857867240906
34,0,3,0.11139673739671707
34,0,4,0.05874500051140785
34,0,5,0.036286622285842896
34,0,6,0.024640345945954323
34,1,2,0.34623491764068604
34,1,3,0.04041333124041557
34,1,4,0.15170767903327942
34,1,5,0.08055512607097626
34,1,6,0.04995078220963478
34,2,2,0.21764975786209106
34,2,3,0.08294282853603363
34,2,4,0.04373984783887863
34,2,5,0.0270179882645607
34,2,6,0.018346499651670456
34,3,2,0.43004459142684937
34,3,3,0.050195787101984024
34,3,4,0.019441332668066025
34,3,5,0.010323131456971169
34,3,6,0.006401194725185633
34,4,2,0.09806843847036362
34,4,3,0.14996324479579926
34,4,4,0.06380753964185715
34,4,5,0.03941374272108078
34,4,6,0.02676381543278694
34,5,2,0.13904216885566711
34,5,3,0.07750580459833145
34,5,4,0.040872640907764435
34,5,5,0.025246916338801384
34,5,6,0.017143860459327698
34,6,2,0.46600982546806335
34,6,3,0.22653189301490784
34,6,4,0.08773806691169739
34,6,5,0.046587955206632614
34,6,6,0.058532215654850006
34,7,2,0.39876848459243774
34,7,3,0.04654516279697418
34,7,4,0.0180274099111557
34,7,5,0.009572361595928669
34,7,6,0.1149350255727768
34,8,2,0.19562312960624695
34,8,3,0.07454882562160492
34,8,4,0.1337333768606186
34,8,5,0.0826067328453064
34,8,6,0.05609391629695892
34,9,2,0.2940191328525543
34,9,3,0.03431858494877815
34,9,4,0.013291928917169571
34,9,5,0.007057868409901857
34,9,6,0.07678373903036118
34,10,2,0.4240977168083191
34,10,3,0.0841718316078186
34,10,4,0.03260059282183647
34,10,5,0.01731055974960327
34,10,6,0.010733965784311295
34,11,2,0.2106105536222458
34,11,3,0.1843726485967636
34,11,4,0.062151484191417694
34,11,5,0.03839079663157463
34,11,6,0.02606918290257454
35,0,2,0.284823477268219
35,0,3,0.10696420818567276
35,0,4,0.09286598116159439
35,0,5,0.09129385650157928
35,0,6,0.061992887407541275
35,1,2,0.053331147879362106
35,1,3,0.05592455714941025
35,1,4,0.37316542863845825
35,1,5,0.01946830004453659
35,1,6,0.24525466561317444
35,2,2,0.18189434707164764
35,2,3,0.06931700557470322
35,2,4,0.036554280668497086
35,2,5,0.022579478099942207
35,2,6,0.08407855033874512
35,3,2,0.22926780581474304
35,3,3,0.10024803876876831
35,3,4,0.08562404662370682
35,3,5,0.051891226321458817
35,3,6,0.059064071625471115
35,4,2,0.2627001404762268
35,4,3,0.195820614695549
35,4,4,0.10326589643955231
35,4,5,0.0637870505452156
35,4,6,0.04331445321440697
35,5,2,0.11014657467603683
35,5,3,0.06360983848571777
35,5,4,0.03354461118578911
35,5,5,0.05063933506608009
35,5,6,0.06034144386649132
35,6,2,0.3960714638233185
35,6,3,0.01233766321092844
35,6,4,0.2483171671628952
35,6,5,0.1203475371003151
35,6,6,0.0920795276761055
35,7,2,0.20558610558509827
35,7,3,0.18025515973567963
35,7,4,0.09215400367975235
35,7,5,0.07948581874370575
35,7,6,0.053974661976099014
35,8,2,0.1374463438987732
35,8,3,0.14155922830104828
35,8,4,0.1269771009683609
35,8,5,0.09574282914400101
35,8,6,0.06501395255327225
35,9,2,0.1356711983680725
35,9,3,0.1414044201374054
35,9,4,0.08790930360555649
35,9,5,0.054301340132951736
35,9,6,0.04699594900012016
35,10,2,0.2332494705915451
35,10,3,0.14195911586284637
35,10,4,0.1120968833565712
35,10,5,0.07281067222356796
35,10,6,0.04944191500544548
35,11,2,0.11543241888284683
35,11,3,0.13484154641628265
35,11,4,0.06745895743370056
35,11,5,0.06586748361587524
35,11,6,0.04891907423734665
36,0,2,0.21655508875846863
36,0,3,0.1572503298521042
36,0,4,0.08292586356401443
36,0,5,0.05122307687997818
36,0,6,0.03478291258215904
36,1,2,0.3160220682621002
36,1,3,0.13587728142738342
36,1,4,0.0716548040509224
36,1,5,0.04426097869873047
36,1,6,0.030055314302444458
36,2,2,0.20041872560977936
36,2,3,0.10437632352113724
36,2,4,0.05504279583692551
36,2,5,0.03399978578090668
36,2,6,0.02308746986091137
36,3,2,0.175510972738266
36,3,3,0.14119312167167664
36,3,4,0.10357274115085602
36,3,5,0.08689890056848526
36,3,6,0.040913522243499756
36,4,2,0.24421821534633636
36,4,3,0.11817654222249985
36,4,4,0.08136848360300064
36,4,5,0.05026108771562576
36,4,6,0.03412967175245285
36,5,2,0.11885187774896622
36,5,3,0.06433360278606415
36,5,4,0.033926282078027725
36,5,5,0.03954048827290535
36,5,6,0.02684987708926201
36,6,2,0.254953533411026
36,6,3,0.13026952743530273
36,6,4,0.09957044571638107
36,6,5,0.061504390090703964
36,6,6,0.04176441580057144
36,7,2,0.2236732840538025
36,7,3,0.003994607366621494
36,7,4,0.11931586265563965
36,7,5,0.06270921975374222
36,7,6,0.03164710849523544
36,8,2,0.2461986094713211
36,8,3,0.1531287431716919
36,8,4,0.08075235784053802
36,8,5,0.0498805046081543
36,8,6,0.03387124836444855
36,9,2,0.22377906739711761
36,9,3,0.08527860045433044
36,9,4,0.04497162997722626
36,9,5,0.02777884528040886
36,9,6,0.01886316016316414
36,10,2,0.2830807566642761
36,10,3,0.13191165030002594
36,10,4,0.09075996279716492
36,10,5,0.063651442527771
36,10,6,0.0651366263628006
36,11,2,0.14486007392406464
36,11,3,0.09794691950082779
36,11,4,0.04185198247432709
36,11,5,0.03337806090712547
36,11,6,0.022665301337838173
37,0,2,0.3139185309410095
37,0,3,0.11484140902757645
37,0,4,0.18744109570980072
37,0,5,0.0995291918516159
37,0,6,0.06171625107526779
37,1,2,0.014945629052817822
37,1,3,0.26212096214294434
37,1,4,0.15881407260894775
37,1,5,0.0989658460021019
37,1,6,0.06136692687869072
37,2,2,0.010857769288122654
37,2,3,0.19809256494045258
37,2,4,0.18861161172389984
37,2,5,0.15091918408870697
37,2,6,0.08090207725763321
37,3,2,0.010287312790751457
37,3,3,0.1510787010192871
37,3,4,0.1926080733537674
37,3,5,0.10227279365062714
37,3,6,0.08601217716932297
37,4,2,0.17350196838378906
37,4,3,0.11071809381246567
37,4,4,0.14452548325061798
37,4,5,0.08927299082279205
37,4,6,0.060620617121458054
37,5,2,0.2273399829864502
37,5,3,0.17990951240062714
37,5,4,0.1322251260280609
37,5,5,0.08167508244514465
37,5,6,0.05546129122376442
37,6,2,0.35319870710372925
37,6,3,0.008071795105934143
37,6,4,0.23727735877037048
37,6,5,0.15198329091072083
37,6,6,0.08124619722366333
37,7,2,0.23142650723457336
37,7,3,0.12128909677267075
37,7,4,0.13710124790668488
37,7,5,0.09387046098709106
37,7,6,0.06374251842498779
37,8,2,0.21329821646213531
37,8,3,0.16443423926830292
37,8,4,0.13400883972644806
37,8,5,0.08277688920497894
37,8,6,0.05620945617556572
37,9,2,0.05318119376897812
37,9,3,0.3073737919330597
37,9,4,0.24944831430912018
37,9,5,0.09813597798347473
37,9,6,0.052460864186286926
37,10,2,0.05548276752233505
37,10,3,0.32674291729927063
37,10,4,0.2569831311702728
37,10,5,0.10110026597976685
37,10,6,0.054045483469963074
37,11,2,0.2932007312774658
37,11,3,0.16326627135276794
37,11,4,0.007651551626622677
37,11,5,0.16129370033740997
37,11,6,0.0862232893705368
38,0,2,0.33035415410995483
38,0,3,0.2476082444190979
38,0,4,0.2211010456085205
38,0,5,0.1204197034239769
38,0,6,0.07467009127140045
38,1,2,0.3269294798374176
38,1,3,0.18683265149593353
38,1,4,0.07236214727163315
38,1,5,0.03842351585626602
38,1,6,0.02382573112845421
38,2,2,0.24600806832313538
38,2,3,0.13670800626277924
38,2,4,0.07209289073944092
38,2,5,0.044531576335430145
38,2,6,0.03023906797170639
38,3,2,0.20598341524600983
38,3,3,0.11797801405191422
38,3,4,0.1060931459069252
38,3,5,0.06221262738108635
38,3,6,0.050331033766269684
38,4,2,0.19131514430046082
38,4,3,0.09899314492940903
38,4,4,0.12389592826366425
38,4,5,0.13263177871704102
38,4,6,0.09006331115961075
38,5,2,0.2928479313850403
38,5,3,0.10479211807250977
38,5,4,0.17601434886455536
38,5,5,0.10872357338666916
38,5,6,0.07382849603891373
38,6,2,0.16839459538459778
38,6,3,0.24164454638957977
38,6,4,0.12896081805229187
38,6,5,0.0965171828866005
38,6,6,0.06553976982831955
38,7,2,0.01241888664662838
38,7,3,0.21280041337013245
38,7,4,0.08241972327232361
38,7,5,0.04376398026943207
38,7,6,0.027137255296111107
38,8,2,0.012080377899110317
38,8,3,0.015817297622561455
38,8,4,0.26738956570625305
38,8,5,0.10519428551197052
38,8,6,0.05623403936624527
38,9,2,0.11855365335941315
38,9,3,0.26466473937034607
38,9,4,0.14579756557941437
38,9,5,0.09005874395370483
38,9,6,0.06115417927503586
38,10,2,0.1679975837469101
38,10,3,0.24952808022499084
38,10,4,0.14129184186458588
38,10,5,0.08727557957172394
38,10,6,0.06202657148241997
38,11,2,0.28185179829597473
38,11,3,0.19578953087329865
38,11,4,0.10555955767631531
38,11,5,0.06520384550094604
38,11,6,0.04427652433514595
39,0,2,0.11873142421245575
39,0,3,0.1129901111125946
39,0,4,0.05958527326583862
39,0,5,0.0368056558072567
39,0,6,0.024992797523736954
39,1,2,0.17882433533668518
39,1,3,0.11934070289134979
39,1,4,0.08681795001029968
39,1,5,0.08147956430912018
39,1,6,0.05952664092183113
39,2,2,0.256717324256897
39,2,3,0.09783083200454712
39,2,4,0.0894429162144661
39,2,5,0.055248647928237915
39,2,6,0.04836450517177582
39,3,2,0.23868289589881897
39,3,3,0.12953078746795654
39,3,4,0.0833338126540184
39,3,5,0.05147505924105644
39,3,6,0.03495403379201889
39,4,2,0.058484382927417755
39,4,3,0.024094589054584503
39,4,4,0.012706272304058075
39,4,5,0.007848628796637058
39,4,6,0.0053295898251235485
39,5,2,0.04135638102889061
39,5,3,0.10987898707389832
39,5,4,0.05794461816549301
39,5,5,0.03579223155975342
39,5,6,0.04183833673596382
39,6,2,0.13351191580295563
39,6,3,0.16921250522136688
39,6,4,0.0892341211438179
39,6,5,0.05511967092752457
39,6,6,0.045412346720695496
39,7,2,0.1380060464143753
39,7,3,0.07600102573633194
39,7,4,0.07141053676605225
39,7,5,0.04411008954048157
39,7,6,0.02995285764336586
39,8,2,0.31632885336875916
39,8,3,0.1205478385090828
39,8,4,0.11516513675451279
39,8,5,0.08789049834012985
39,8,6,0.05968184024095535
39,9,2,0.1780724972486496
39,9,3,0.0900273472070694
39,9,4,0.09098345786333084
39,9,5,0.06557247787714005
39,9,6,0.0445268377661705
39,10,2,0.11969682574272156
39,10,3,0.09643622487783432
39,10,4,0.050855573266744614
39,10,5,0.036241982132196426
39,10,6,0.0676051452755928
39,11,2,0.24554182589054108
39,11,3,0.07384710758924484
39,11,4,0.08669969439506531
39,11,5,0.04603659361600876
39,11,6,0.04005993530154228
40,0,2,0.4213223457336426
40,0,3,0.17713624238967896
40,0,4,0.09836411476135254
40,0,5,0.04801658168435097
40,0,6,0.029774216935038567
40,1,2,0.26320499181747437
40,1,3,0.10030319541692734
40,1,4,0.10769109427928925
40,1,5,0.06652049720287323
40,1,6,0.04517059028148651
40,2,2,0.13270136713981628
40,2,3,0.09084099531173706
40,2,4,0.04790494963526726
40,2,5,0.029590755701065063
40,2,6,0.054960593581199646
40,3,2,0.4192882180213928
40,3,3,0.048940278589725494
40,3,4,0.018955059349536896
40,3,5,0.010064927861094475
40,3,6,0.006241081282496452
40,4,2,0.250365674495697
40,4,3,0.09541032463312149
40,4,4,0.050314582884311676
40,4,5,0.031079180538654327
40,4,6,0.02110423892736435
40,5,2,0.15605968236923218
40,5,3,0.16272112727165222
40,5,4,0.08581089228391647
40,5,5,0.053005151450634
40,5,6,0.047661833465099335
40,6,2,0.2946060597896576
40,6,3,0.14413337409496307
40,6,4,0.05582429841160774
40,6,5,0.029642095789313316
40,6,6,0.018380530178546906
40,7,2,0.2739543616771698
40,7,3,0.0925234705209732
40,7,4,0.09455028176307678
40,7,5,0.05020516738295555
40,7,6,0.0311313197016716
40,8,2,0.048333290964365005
40,8,3,0.37180790305137634
40,8,4,0.04809291288256645
40,8,5,0.110650934278965
40,8,6,0.05915103107690811
40,9,2,0.3043443262577057
40,9,3,0.05611397325992584
40,9,4,0.021733500063419342
40,9,5,0.011540255509316921
40,9,6,0.007155904080718756
40,10,2,0.04320192337036133
40,10,3,0.37363293766975403
40,10,4,0.24937677383422852
40,10,5,0.11658607423305511
40,10,6,0.07906479388475418
40,11,2,0.42584988474845886
40,11,3,0.015845930203795433
40,11,4,0.16800804436206818
40,11,5,0.08957453817129135
40,11,6,0.10128914564847946
41,0,2,0.216562882065773
41,0,3,0.14407508075237274
41,0,4,0.12675637006759644
41,0,5,0.08081907778978348
41,0,6,0.07145252078771591
41,1,2,0.2647145688533783
41,1,3,0.17689895629882812
41,1,4,0.11788534373044968
41,1,5,0.074956975877285
41,1,6,0.07770688831806183
41,2,2,0.23879548907279968
41,2,3,0.20728953182697296
41,2,4,0.1366349160671234
41,2,5,0.08439900726079941
41,2,6,0.05731095001101494
41,3,2,0.30324786901474
41,3,3,0.13266341388225555
41,3,4,0.13009078800678253
41,3,5,0.1077050119638443
41,3,6,0.06603354960680008
41,4,2,0.2928999662399292
41,4,3,0.1378547102212906
41,4,4,0.07672251760959625
41,4,5,0.04774006828665733
41,4,6,0.042674511671066284
41,5,2,0.1792861521244049
41,5,3,0.1161544993519783
41,5,4,0.10355589538812637
41,5,5,0.11635389178991318
41,5,6,0.07365701347589493
41,6,2,0.25820329785346985
41,6,3,0.14045219123363495
41,6,4,0.09324447810649872
41,6,5,0.0615297369658947
41,6,6,0.049650274217128754
41,7,2,0.2115643471479416
41,7,3,0.10200081765651703
41,7,4,0.09723594784736633
41,7,5,0.06760380417108536
41,7,6,0.053692854940891266
41,8,2,0.2477000206708908
41,8,3,0.13825193047523499
41,8,4,0.07843472063541412
41,8,5,0.08021078258752823
41,8,6,0.05446694791316986
41,9,2,0.24908307194709778
41,9,3,0.17737554013729095
41,9,4,0.10625742375850677
41,9,5,0.08399635553359985
41,9,6,0.05667516961693764
41,10,2,0.2886921763420105
41,10,3,0.18036335706710815
41,10,4,0.1198565885424614
41,10,5,0.08978185057640076
41,10,6,0.06567498296499252
41,11,2,0.20961862802505493
41,11,3,0.09723622351884842
41,11,4,0.06442973017692566
41,11,5,0.06853993237018585
41,11,6,0.06254509836435318
42,0,2,0.26083725690841675
42,0,3,0.1378961056470871
42,0,4,0.08366631716489792
42,0,5,0.05168045312166214
42,0,6,0.03509349375963211
42,1,2,0.23460328578948975
42,1,3,0.16765832901000977
42,1,4,0.12624332308769226
42,1,5,0.09238163381814957
42,1,6,0.07742436975240707
42,2,2,0.2787279486656189
42,2,3,0.15672381222248077
42,2,4,0.08264821022748947
42,2,5,0.05105157196521759
42,2,6,0.034666452556848526
42,3,2,0.37156257033348083
42,3,3,0.2398039698600769
42,3,4,0.18492084741592407
42,3,5,0.11151891946792603
42,3,6,0.06915087252855301
42,4,2,0.15257397294044495
42,4,3,0.12186461687088013
42,4,4,0.06426522880792618
42,4,5,0.07064879685640335
42,4,6,0.047973908483982086
42,5,2,0.20133766531944275
42,5,3,0.12536799907684326
42,5,4,0.06115281954407692
42,5,5,0.10269458591938019
42,5,6,0.06973452121019363
42,6,2,0.2449457198381424
42,6,3,0.14670155942440033
42,6,4,0.08807788044214249
42,6,5,0.0023139710538089275
42,6,6,0.06529472768306732
42,7,2,0.1364634782075882
42,7,3,0.11683139204978943
42,7,4,0.06198190897703171
42,7,5,0.10741642862558365
42,7,6,0.0729408785700798
42,8,2,0.31959447264671326
42,8,3,0.1380425989627838
42,8,4,0.08084432780742645
42,8,5,0.07225117832422256
42,8,6,0.04906199127435684
42,9,2,0.22259949147701263
42,9,3,0.10115290433168411
42,9,4,0.09570512175559998
42,9,5,0.05773642659187317
42,9,6,0.03920578211545944
42,10,2,0.2453530728816986
42,10,3,0.19541804492473602
42,10,4,0.13794326782226562
42,10,5,0.10150570422410965
42,10,6,0.06892722100019455
42,11,2,0.20329074561595917
42,11,3,0.23400290310382843
42,11,4,0.13885444402694702
42,11,5,0.09649701416492462
42,11,6,0.07182198017835617
43,0,2,0.3259744644165039
43,0,3,0.10903443396091461
43,0,4,0.051347021013498306
43,0,5,0.027264708653092384
43,0,6,0.038504865020513535
43,1,2,0.28411442041397095
43,1,3,0.10827142745256424
43,1,4,0.057096876204013824
43,1,5,0.03526858240365982
43,1,6,0.023949049413204193
43,2,2,0.2631605565547943
43,2,3,0.10887570679187775
43,2,4,0.05741555243730545
43,2,5,0.03546542301774025
43,2,6,0.024082714691758156
43,3,2,0.20272301137447357
43,3,3,0.14586587250232697
43,3,4,0.07692228257656097
43,3,5,0.04751468449831009
43,3,6,0.03226473554968834
43,4,2,0.13839973509311676
43,4,3,0.05274191498756409
43,4,4,0.027813417837023735
43,4,5,0.017180267721414566
43,4,6,0.011666224338114262
43,5,2,0.1871018409729004
43,5,3,0.12412723898887634
43,5,4,0.06545842438936234
43,5,5,0.04994130879640579
43,5,6,0.0339125357568264
43,6,2,0.40020766854286194
43,6,3,0.11723683774471283
43,6,4,0.056515179574489594
43,6,5,0.030008947476744652
43,6,6,0.06261718273162842
43,7,2,0.12057871371507645
43,7,3,0.06641625612974167
43,7,4,0.035024575889110565
43,7,5,0.021634582430124283
43,7,6,0.02679542452096939
43,8,2,0.28899285197257996
43,8,3,0.11013052612543106
43,8,4,0.058077264577150345
43,8,5,0.03587416931986809
43,8,6,0.05426948890089989
43,9,2,0.13204707205295563
43,9,3,0.07037992030382156
43,9,4,0.03614688664674759
43,9,5,0.03139566257596016
43,9,6,0.03617284446954727
43,10,2,0.036638934165239334
43,10,3,0.24437367916107178
43,10,4,0.13632668554782867
43,10,5,0.12707866728305817
43,10,6,0.002878664992749691
43,11,2,0.09637606143951416
43,11,3,0.05520522966980934
43,11,4,0.029112450778484344
43,11,5,0.01798267476260662
43,11,6,0.01637464389204979
44,0,2,0.17344623804092407
44,0,3,0.09596586972475052
44,0,4,0.05022750794887543
44,0,5,0.031025391072034836
44,0,6,0.021067719906568527
44,1,2,0.18922288715839386
44,1,3,0.1337200254201889
44,1,4,0.08234085142612457
44,1,5,0.03819981962442398
44,1,6,0.025939496234059334
44,2,2,0.12657980620861053
44,2,3,0.10406582057476044
44,2,4,0.05604564771056175
44,2,5,0.03461923822760582
44,2,6,0.023508116602897644
44,3,2,0.20096807181835175
44,3,3,0.16894176602363586
44,3,4,0.10760652273893356
44,3,5,0.07000476866960526
44,3,6,0.06057262048125267
44,4,2,0.1749926209449768
44,4,3,0.09119513630867004
44,4,4,0.04809170216321945
44,4,5,0.029706113040447235
44,4,6,0.08387237042188644
44,5,2,0.1710566133260727
44,5,3,0.13828948140144348
44,5,4,0.07888245582580566
44,5,5,0.055157069116830826
44,5,6,0.037454284727573395
44,6,2,0.400500625371933
44,6,3,0.29692134261131287
44,6,4,0.12214356660842896
44,6,5,0.0842617005109787
44,6,6,0.07570113986730576
44,7,2,0.10256719589233398
44,7,3,0.039086710661649704
44,7,4,0.02061234973371029
44,7,5,0.012732195667922497
44,7,6,0.008645763620734215
44,8,2,0.24564220011234283
44,8,3,0.14708659052848816
44,8,4,0.07756603509187698
44,8,5,0.04791232571005821
44,8,6,0.03253475949168205
44,9,2,0.16046229004859924
44,9,3,0.06114959344267845
44,9,4,0.03224720433354378
44,9,5,0.019919008016586304
44,9,6,0.028423288837075233
44,10,2,0.20644336938858032
44,10,3,0.11100723594427109
44,10,4,0.07255594432353973
44,10,5,0.07166764885187149
44,10,6,0.03236772492527962
44,11,2,0.20008546113967896
44,11,3,0.09852573275566101
44,11,4,0.06547573208808899
44,11,5,0.047188449651002884
44,11,6,0.037890102714300156
45,0,2,0.2173900455236435
45,0,3,0.14258798956871033
45,0,4,0.13722258806228638
45,0,5,0.08476201444864273
45,0,6,0.06923478096723557
45,1,2,0.06555363535881042
45,1,3,0.3990296721458435
45,1,4,0.07817056030035019
45,1,5,0.030753243714571
45,1,6,0.016439858824014664
45,2,2,0.26882851123809814
45,2,3,0.12150535732507706
45,2,4,0.06407579034566879
45,2,5,0.039579425007104874
45,2,6,0.026876334100961685
45,3,2,0.17641043663024902
45,3,3,0.2671273946762085
45,3,4,0.14086946845054626
45,3,5,0.08701468259096146
45,3,6,0.0590871199965477
45,4,2,0.18547984957695007
45,4,3,0.11805550009012222
45,4,4,0.11712094396352768
45,4,5,0.06073397770524025
45,4,6,0.04124126583337784
45,5,2,0.2117346227169037
45,5,3,0.11462903767824173
45,5,4,0.07520601898431778
45,5,5,0.046454545110464096
45,5,6,0.031544845551252365
45,6,2,0.34380096197128296
45,6,3,0.21599261462688446
45,6,4,0.0059751044027507305
45,6,5,0.08053641766309738
45,6,6,0.043052610009908676
45,7,2,0.31230634450912476
45,7,3,0.1190149262547493
45,7,4,0.06276245415210724
45,7,5,0.03876819461584091
45,7,6,0.02632545307278633
45,8,2,0.2681325078010559
45,8,3,0.12267038226127625
45,8,4,0.10630108416080475
45,8,5,0.06566187739372253
45,8,6,0.044587548822164536
45,9,2,0.07231462746858597
45,9,3,0.46580275893211365
45,9,4,0.26811057329177856
45,9,5,0.21051062643527985
45,9,6,0.11253334581851959
45,10,2,0.5269539952278137
45,10,3,0.2814739942550659
45,10,4,0.1598530113697052
45,10,5,0.10911005735397339
45,10,6,0.06565959006547928
45,11,2,0.016007227823138237
45,11,3,0.3019925355911255
45,11,4,0.21272113919258118
45,11,5,0.10182087123394012
45,11,6,0.06339473277330399
46,0,2,0.21944928169250488
46,0,3,0.12892746925354004
46,0,4,0.1057545617222786
46,0,5,0.08764839172363281
46,0,6,0.0714641660451889
46,1,2,0.23560930788516998
46,1,3,0.12249081581830978
46,1,4,0.09110631793737411
46,1,5,0.10852841287851334
46,1,6,0.07369596511125565
46,2,2,0.2654806971549988
46,2,3,0.10117041319608688
46,2,4,0.05335215851664543
46,2,5,0.032955482602119446
46,2,6,0.02237834967672825
46,3,2,0.16507907211780548
46,3,3,0.1375242918729782
46,3,4,0.12813925743103027
46,3,5,0.07915126532316208
46,3,6,0.05792746692895889
46,4,2,0.1844717562198639
46,4,3,0.13423000276088715
46,4,4,0.0986132100224495
46,4,5,0.07216420769691467
46,4,6,0.07079207897186279
46,5,2,0.2675546407699585
46,5,3,0.1287560909986496
46,5,4,0.08331060409545898
46,5,5,0.053671300411224365
46,5,6,0.0741799995303154
46,6,2,0.22640536725521088
46,6,3,0.12480127811431885
46,6,4,0.07499565184116364
46,6,5,0.056861378252506256
46,6,6,0.04559238255023956
46,7,2,0.2838616669178009
46,7,3,0.2154150754213333
46,7,4,0.134977787733078
46,7,5,0.12202725559473038
46,7,6,0.07377389818429947
46,8,2,0.23345401883125305
46,8,3,0.1248968169093132
46,8,4,0.06146829202771187
46,8,5,0.053153205662965775
46,8,6,0.036093566566705704
46,9,2,0.22001898288726807
46,9,3,0.11912894994020462
46,9,4,0.07890377938747406
46,9,5,0.0715542659163475
46,9,6,0.0745902955532074
46,10,2,0.339726984500885
46,10,3,0.14098095893859863
46,10,4,0.08024319261312485
46,10,5,0.07126424461603165
46,10,6,0.04187285527586937
46,11,2,0.3435642123222351
46,11,3,0.182744100689888
46,11,4,0.146052286028862
46,11,5,0.07966379076242447
46,11,6,0.07591744512319565
47,0,2,0.24498949944972992
47,0,3,0.14214783906936646
47,0,4,0.11558273434638977
47,0,5,0.071395143866539
47,0,6,0.04848070442676544
47,1,2,0.2312108874320984
47,1,3,0.00821874849498272
47,1,4,0.17535936832427979
47,1,5,0.11076393723487854
47,1,6,0.08033344894647598
47,2,2,0.1745406538248062
47,2,3,0.14598827064037323
47,2,4,0.07698683440685272
47,2,5,0.04755455255508423
47,2,6,0.03229181095957756
47,3,2,0.22063778340816498
47,3,3,0.16152425110340118
47,3,4,0.0960005596280098
47,3,5,0.07372624427080154
47,3,6,0.05302007868885994
47,4,2,0.2694317102432251
47,4,3,0.17067120969295502
47,4,4,0.11021453887224197
47,4,5,0.06807921081781387
47,4,6,0.05963551253080368
47,5,2,0.33950677514076233
47,5,3,0.11741480976343155
47,5,4,0.08565692603588104
47,5,5,0.10739371925592422
47,5,6,0.0766148641705513
47,6,2,0.2171059101819992
47,6,3,0.14624688029289246
47,6,4,0.08205677568912506
47,6,5,0.04728264734148979
47,6,6,0.06288234144449234
47,7,2,0.2447797656059265
47,7,3,0.10538695752620697
47,7,4,0.07794522494077682
47,7,5,0.048146553337574005
47,7,6,0.040070001035928726
47,8,2,0.23196551203727722
47,8,3,0.1385064274072647
47,8,4,0.07688703387975693
47,8,5,0.04749290272593498
47,8,6,0.05516183376312256
47,9,2,0.24784059822559357
47,9,3,0.15941861271858215
47,9,4,0.08406931161880493
47,9,5,0.08469096571207047
47,9,6,0.057509202510118484
47,10,2,0.21269091963768005
47,10,3,0.12543465197086334
47,10,4,0.10527035593986511
47,10,5,0.06783974915742874
47,10,6,0.04606643691658974
47,11,2,0.35012102127075195
47,11,3,0.22998851537704468
47,11,4,0.09225734323263168
47,11,5,0.06863346695899963
47,11,6,0.04184435307979584
48,0,2,0.31253665685653687
48,0,3,0.14423993229866028
48,0,4,0.07741730660200119
48,0,5,0.03734135627746582
48,0,6,0.062162742018699646
48,1,2,0.3274528384208679
48,1,3,0.14397065341472626
48,1,4,0.07917992770671844
48,1,5,0.042247578501701355
48,1,6,0.07095728069543839
48,2,2,0.18667089939117432
48,2,3,0.12380027770996094
48,2,4,0.0816584974527359
48,2,5,0.10296300053596497
48,2,6,0.04330071806907654
48,3,2,0.13188737630844116
48,3,3,0.10766527056694031
48,3,4,0.06330040842294693
48,3,5,0.039960749447345734
48,3,6,0.054279524832963943
48,4,2,0.1364455372095108
48,4,3,0.0968012735247612
48,4,4,0.05509696900844574
48,4,5,0.03403325006365776
48,4,6,0.023110195994377136
48,5,2,0.2894294857978821
48,5,3,0.15538474917411804
48,5,4,0.05790017545223236
48,5,5,0.0399148128926754
48,5,6,0.1165119931101799
48,6,2,0.27197057008743286
48,6,3,0.1620492786169052
48,6,4,0.0029287519864737988
48,6,5,0.06124994158744812
48,6,6,0.0708933174610138
48,7,2,0.2007300704717636
48,7,3,0.07649499177932739
48,7,4,0.11965225636959076
48,7,5,0.05921487882733345
48,7,6,0.0015629816334694624
48,8,2,0.18081870675086975
48,8,3,0.088866226375103
48,8,4,0.10176686942577362
48,8,5,0.06286110728979111
48,8,6,0.04268569499254227
48,9,2,0.03920964524149895
48,9,3,0.26149532198905945
48,9,4,0.050504181534051895
48,9,5,0.11008956283330917
48,9,6,0.058850936591625214
48,10,2,0.20390409231185913
48,10,3,0.10797614604234695
48,10,4,0.07879995554685593
48,10,5,0.04352085292339325
48,10,6,0.03477067872881889
48,11,2,0.2225426286458969
48,11,3,0.12532785534858704
48,11,4,0.09419425576925278
48,11,5,0.05402163788676262
48,11,6,0.05263444781303406
49,0,2,0.01814117096364498
49,0,3,0.360599547624588
49,0,4,0.13966381549835205
49,0,5,0.07415996491909027
49,0,6,0.045985251665115356
49,1,2,0.2301727533340454
49,1,3,0.1676064282655716
49,1,4,0.10935839265584946
49,1,5,0.06755036860704422
49,1,6,0.04586993157863617
49,2,2,0.22600552439689636
49,2,3,0.08612706512212753
49,2,4,0.1562058925628662
49,2,5,0.09648794680833817
49,2,6,0.06551992148160934
49,3,2,0.28646185994148254
49,3,3,0.20271094143390656
49,3,4,0.09918742626905441
49,3,5,0.07204317301511765
49,3,6,0.048920754343271255
49,4,2,0.19297753274440765
49,4,3,0.13658683001995087
49,4,4,0.0720289871096611
49,4,5,0.04449210315942764
49,4,6,0.030212268233299255
49,5,2,0.1561284065246582
49,5,3,0.21719561517238617
49,5,4,0.11453796923160553
49,5,5,0.07074979692697525
49,5,6,0.04804248735308647
49,6,2,0.3289669454097748
49,6,3,0.173797145485878
49,6,4,0.13801021873950958
49,6,5,0.145405113697052
49,6,6,0.09016309678554535
49,7,2,0.2538275122642517
49,7,3,0.12776100635528564
49,7,4,0.006197445094585419
49,7,5,0.1426241397857666
49,7,6,0.08843865990638733
49,8,2,0.2632346451282501
49,8,3,0.18210351467132568
49,8,4,0.09603218734264374
49,8,5,0.059318818151950836
49,8,6,0.040280308574438095
49,9,2,0.19152502715587616
49,9,3,0.1128029152750969
49,9,4,0.14025814831256866
49,9,5,0.08663707226514816
49,9,6,0.058830708265304565
49,10,2,0.05770309269428253
49,10,3,0.24917897582054138
49,10,4,0.23753666877746582
49,10,5,0.12095716595649719
49,10,6,0.0027399880345910788
49,11,2,0.04645179584622383
49,11,3,0.30943775177001953
49,11,4,0.19214898347854614
49,11,5,0.0755937322974205
49,11,6,0.04041038453578949
50,0,2,0.24613527953624725
50,0,3,0.13520610332489014
50,0,4,0.10234593600034714
50,0,5,0.06321880221366882
50,0,6,0.042928583920001984
50,1,2,0.2934626638889313
50,1,3,0.1697593331336975
50,1,4,0.0928739383816719
50,1,5,0.06615888327360153
50,1,6,0.044925037771463394
50,2,2,0.3206477165222168
50,2,3,0.1571022868156433
50,2,4,0.1058153286576271
50,2,5,0.05924110487103462
50,2,6,0.03673434257507324
50,3,2,0.24128249287605286
50,3,3,0.15238745510578156
50,3,4,0.08036142587661743
50,3,5,0.04963903874158859
50,3,6,0.03370727226138115
50,4,2,0.23908157646656036
50,4,3,0.09111014008522034
50,4,4,0.04804687947034836
50,4,5,0.029678424820303917
50,4,6,0.020153066143393517
50,5,2,0.20918823778629303
50,5,3,0.11051753163337708
50,5,4,0.08525358140468597
50,5,5,0.052660901099443436
50,5,6,0.06572027504444122
50,6,2,0.19061967730522156
50,6,3,0.13911224901676178
50,6,4,0.08871331065893173
50,6,5,0.05479796603322029
50,6,6,0.037210434675216675
50,7,2,0.18702609837055206
50,7,3,0.12202847748994827
50,7,4,0.0643516480922699
50,7,5,0.039749834686517715
50,7,6,0.026992032304406166
50,8,2,0.1902174949645996
50,8,3,0.13626021146774292
50,8,4,0.0716439038515091
50,8,5,0.08007818460464478
50,8,6,0.05437690392136574
50,9,2,0.23307783901691437
50,9,3,0.13570165634155273
50,9,4,0.07156219333410263
50,9,5,0.04420376941561699
50,9,6,0.030016470700502396
50,10,2,0.24289415776729584
50,10,3,0.1283351182937622
50,10,4,0.07579346001148224
50,10,5,0.049522269517183304
50,10,6,0.033724211156368256
50,11,2,0.2265888750553131
50,11,3,0.11072323471307755
50,11,4,0.10102195292711258
50,11,5,0.062400978058576584
50,11,6,0.04237324371933937
51,0,2,0.0066283694468438625
51,0,3,0.007449104450643063
51,0,4,0.13603916764259338
51,0,5,0.06794624030590057
51,0,6,0.0660574659705162
51,1,2,0.1587352156639099
51,1,3,0.1070685014128685
51,1,4,0.07377473264932632
51,1,5,0.04557044804096222
51,1,6,0.03094450943171978
51,2,2,0.1091930940747261
51,2,3,0.09305472671985626
51,2,4,0.04189107567071915
51,2,5,0.0258760005235672
51,2,6,0.041707079857587814
51,3,2,0.26069584488868713
51,3,3,0.129025399684906
51,3,4,0.07368364185094833
51,3,5,0.05901342257857323
51,3,6,0.03778712823987007
51,4,2,0.10000830143690109
51,4,3,0.14814148843288422
51,4,4,0.08599164336919785
51,4,5,0.0531168058514595
51,4,6,0.03606884926557541
51,5,2,0.16350281238555908
51,5,3,0.06309262663125992
51,5,4,0.05932924896478653
51,5,5,0.06343300640583038
51,5,6,0.04307404160499573
51,6,2,0.20146989822387695
51,6,3,0.07677693665027618
51,6,4,0.04048826918005943
51,6,5,0.02500949613749981
51,6,6,0.01698264107108116
51,7,2,0.29614028334617615
51,7,3,0.17730718851089478
51,7,4,0.003519142046570778
51,7,5,0.004466809798032045
51,7,6,0.005244199186563492
51,8,2,0.1545615941286087
51,8,3,0.06410954147577286
51,8,4,0.0655287578701973
51,8,5,0.0487557128071785
51,8,6,0.0331074558198452
51,9,2,0.17250517010688782
51,9,3,0.07787241786718369
51,9,4,0.03853200748562813
51,9,5,0.04912098869681358
51,9,6,0.048059914261102676
51,10,2,0.17828458547592163
51,10,3,0.10900966078042984
51,10,4,0.08534818142652512
51,10,5,0.06639349460601807
51,10,6,0.058204285800457
51,11,2,0.1762998402118683
51,11,3,0.1352873295545578
51,11,4,0.09804440289735794
51,11,5,0.054050467908382416
51,11,6,0.06515245139598846
52,0,2,0.37746503949165344
52,0,3,0.17928101122379303
52,0,4,0.1003335565328598
52,0,5,0.05327603220939636
52,0,6,0.03303550183773041
52,1,2,0.057952798902988434
52,1,3,0.3595868945121765
52,1,4,0.19289368391036987
52,1,5,0.07588670402765274
52,1,6,0.04056699946522713
52,2,2,0.11828102916479111
52,2,3,0.09467880427837372
52,2,4,0.04992881789803505
52,2,5,0.030840888619422913
52,2,6,0.020942438393831253
52,3,2,0.25590071082115173
52,3,3,0.09587067365646362
52,3,4,0.050557345151901245
52,3,5,0.031229134649038315
52,3,6,0.021206071600317955
52,4,2,0.17776815593242645
52,4,3,0.1827067881822586
52,4,4,0.09635031968355179
52,4,5,0.07415740936994553
52,4,6,0.050356414169073105
52,5,2,0.24186266958713531
52,5,3,0.10237931460142136
52,5,4,0.05398967117071152
52,5,5,0.0729975774884224
52,5,6,0.05211445316672325
52,6,2,0.3428382873535156
52,6,3,0.20157940685749054
52,6,4,0.07807371765375137
52,6,5,0.04145629703998566
52,6,6,0.02570630982518196
52,7,2,0.2558913826942444
52,7,3,0.09751608222723007
52,7,4,0.05142504721879959
52,7,5,0.03176511079072952
52,7,6,0.04728547856211662
52,8,2,0.3275853395462036
52,8,3,0.12483750283718109
52,8,4,0.06583297997713089
52,8,5,0.040664851665496826
52,8,6,0.027613375335931778
52,9,2,0.048849139362573624
52,9,3,0.3601052165031433
52,9,4,0.20916464924812317
52,9,5,0.08228790014982224
52,9,6,0.0439889021217823
52,10,2,0.013140016235411167
52,10,3,0.14197544753551483
52,10,4,0.14430966973304749
52,10,5,0.08648256957530975
52,10,6,0.07048444449901581
52,11,2,0.17535077035427094
52,11,3,0.1330052763223648
52,11,4,0.07014025747776031
52,11,5,0.04332544282078743
52,11,6,0.0851726084947586
53,0,2,0.24309445917606354
53,0,3,0.14204059541225433
53,0,4,0.07490503042936325
53,0,5,0.047119416296482086
53,0,6,0.03464224189519882
53,1,2,0.27797502279281616
53,1,3,0.2048727422952652
53,1,4,0.10803953558206558
53,1,5,0.06673572212457657
53,1,6,0.045316729694604874
53,2,2,0.17968817055225372
53,2,3,0.10416195541620255
53,2,4,0.0772475078701973
53,2,5,0.05675383284687996
53,2,6,0.09378927201032639
53,3,2,0.24069608747959137
53,3,3,0.20245426893234253
53,3,4,0.10676414519548416
53,3,5,0.07753448933362961
53,3,6,0.047602176666259766
53,4,2,0.26271241903305054
53,4,3,0.10011547058820724
53,4,4,0.09917016327381134
53,4,5,0.06125713139772415
53,4,6,0.04159651696681976
53,5,2,0.27221816778182983
53,5,3,0.14146436750888824
53,5,4,0.07460115104913712
53,5,5,0.05306791886687279
53,5,6,0.09419246017932892
53,6,2,0.19964538514614105
53,6,3,0.15656904876232147
53,6,4,0.08256659656763077
53,6,5,0.051001161336898804
53,6,6,0.05135528743267059
53,7,2,0.19411996006965637
53,7,3,0.2138316035270691
53,7,4,0.11276397109031677
53,7,5,0.08769666403532028
53,7,6,0.05142070725560188
53,8,2,0.20423319935798645
53,8,3,0.1448860466480255
53,8,4,0.07640556991100311
53,8,5,0.04719551280140877
53,8,6,0.03204800561070442
53,9,2,0.22459113597869873
53,9,3,0.19250687956809998
53,9,4,0.11001751571893692
53,9,5,0.06795752048492432
53,9,6,0.04614638909697533
53,10,2,0.5933412313461304
53,10,3,0.1793341338634491
53,10,4,0.2264270931482315
53,10,5,0.12023031711578369
53,10,6,0.07455264776945114
53,11,2,0.15776853263378143
53,11,3,0.15005262196063995
53,11,4,0.10402806848287582
53,11,5,0.06425785273313522
53,11,6,0.04363414645195007
54,0,2,0.29506123065948486
54,0,3,0.03444021940231323
54,0,4,0.01333904080092907
54,0,5,0.007082884665578604
54,0,6,0.004391969181597233
54,1,2,0.2326856404542923
54,1,3,0.004155552946031094
54,1,4,0.1654115468263626
54,1,5,0.0827101543545723
54,1,6,0.051287077367305756
54,2,2,0.10910788923501968
54,2,3,0.041579265147447586
54,2,4,0.021926792338490486
54,2,5,0.013544128276407719
54,2,6,0.009197103790938854
54,3,2,0.2889142334461212
54,3,3,0.12839911878108978
54,3,4,0.06771119683980942
54,3,5,0.04182502627372742
54,3,6,0.02840118482708931
54,4,2,0.17921313643455505
54,4,3,0.06829524785280228
54,4,4,0.036015454679727554
54,4,5,0.022246647626161575
54,4,6,0.015106535516679287
54,5,2,0.1806042492389679
54,5,3,0.11397793143987656
54,5,4,0.06010620296001434
54,5,5,0.03712743520736694
54,5,6,0.02521129511296749
54,6,2,0.15077967941761017
54,6,3,0.057459697127342224
54,6,4,0.03030133992433548
54,6,5,0.05303085967898369
54,6,6,0.02041049674153328
54,7,2,0.09849441051483154
54,7,3,0.03753463178873062
54,7,4,0.01979386992752552
54,7,5,0.012226616963744164
54,7,6,0.008302456699311733
54,8,2,0.31446197628974915
54,8,3,0.2883797287940979
54,8,4,0.11169236153364182
54,8,5,0.05930742993950844
54,8,6,0.036775462329387665
54,9,2,0.01152822282165289
54,9,3,0.009502491913735867
54,9,4,0.15926723182201385
54,9,5,0.06265765428543091
54,9,6,0.03349510580301285
54,10,2,0.007697072345763445
54,10,3,0.14180988073349
54,10,4,0.10239632427692413
54,10,5,0.10365422070026398
54,10,6,0.08722533285617828
54,11,2,0.24756556749343872
54,11,3,0.0016563988756388426
54,11,4,0.027762269601225853
54,11,5,0.01092201005667448
54,11,6,0.06756877899169922
55,0,2,0.22780218720436096
55,0,3,0.08995668590068817
55,0,4,0.08683497458696365
55,0,5,0.03885672613978386
55,0,6,0.02638557180762291
55,1,2,0.37176239490509033
55,1,3,0.24326907098293304
55,1,4,0.09422054141759872
55,1,5,0.05003008246421814
55,1,6,0.031022751703858376
55,2,2,0.2830333411693573
55,2,3,0.10785944759845734
55,2,4,0.056879617273807526
55,2,5,0.03513438254594803
55,2,6,0.0859408900141716
55,3,2,0.27960968017578125
55,3,3,0.1293981969356537
55,3,4,0.0731578916311264
55,3,5,0.060923412442207336
55,3,6,0.056875765323638916
55,4,2,0.18718430399894714
55,4,3,0.09589998424053192
55,4,4,0.05057280510663986
55,4,5,0.031238684430718422
55,4,6,0.02121255360543728
55,5,2,0.18435166776180267
55,5,3,0.13624925911426544
55,5,4,0.0718509629368782
55,5,5,0.044382140040397644
55,5,6,0.030137592926621437
55,6,2,0.24755121767520905
55,6,3,0.16708919405937195
55,6,4,0.08811439573764801
55,6,5,0.054428018629550934
55,6,6,0.036959219723939896
55,7,2,0.24246688187122345
55,7,3,0.1285146325826645
55,7,4,0.06777212023735046
55,7,5,0.04186265543103218
55,7,6,0.02842673473060131
55,8,2,0.12683257460594177
55,8,3,0.10966861993074417
55,8,4,0.0387619286775589
55,8,5,0.04656590521335602
55,8,6,0.03528076037764549
55,9,2,0.27832192182540894
55,9,3,0.12892889976501465
55,9,4,0.06799057871103287
55,9,5,0.04199759289622307
55,9,6,0.028518375009298325
55,10,2,0.306980699300766
55,10,3,0.21118682622909546
55,10,4,0.10353665798902512
55,10,5,0.053591739386320114
55,10,6,0.03323127329349518
55,11,2,0.2682453691959381
55,11,3,0.13957150280475616
55,11,4,0.07360295206308365
55,11,5,0.04546434059739113
55,11,6,0.030872462317347527
56,0,2,0.2955377697944641
56,0,3,0.1603277176618576
56,0,4,0.09136904031038284
56,0,5,0.05248655006289482
56,0,6,0.03564086928963661
56,1,2,0.25153958797454834
56,1,3,0.09304127097129822
56,1,4,0.0883156880736351
56,1,5,0.0545523576438427
56,1,6,0.037043653428554535
56,2,2,0.1707562804222107
56,2,3,0.06507246941328049
56,2,4,0.03431592881679535
56,2,5,0.02119685709476471
56,2,6,0.014393674209713936
56,3,2,0.18816448748111725
56,3,3,0.07170645892620087
56,3,4,0.03781435638666153
56,3,5,0.023357825353741646
56,3,6,0.01586107909679413
56,4,2,0.43463006615638733
56,4,3,0.01321271900087595
56,4,4,0.22145260870456696
56,4,5,0.10357248783111572
56,4,6,0.06137313321232796
56,5,2,0.2495979368686676
56,5,3,0.16302986443042755
56,5,4,0.08075378835201263
56,5,5,0.04988139495253563
56,5,6,0.0338718481361866
56,6,2,0.1378411203622818
56,6,3,0.11080356687307358
56,6,4,0.0584322027862072
56,6,5,0.03609340265393257
56,6,6,0.02971174195408821
56,7,2,0.17030777037143707
56,7,3,0.13261975347995758
56,7,4,0.06993695348501205
56,7,5,0.04319986328482628
56,7,6,0.036705709993839264
56,8,2,0.1360069066286087
56,8,3,0.10212132334709167
56,8,4,0.09706994891166687
56,8,5,0.05523335933685303
56,8,6,0.06746818870306015
56,9,2,0.24818788468837738
56,9,3,0.11158814281225204
56,9,4,0.06578662246465683
56,9,5,0.04063621163368225
56,9,6,0.03660322725772858
56,10,2,0.2351512461900711
56,10,3,0.006727895699441433
56,10,4,0.10761027038097382
56,10,5,0.05713988095521927
56,10,6,0.045531801879405975
56,11,2,0.11867426335811615
56,11,3,0.10903255641460419
56,11,4,0.10597756505012512
56,11,5,0.06511180102825165
56,11,6,0.03809770196676254
57,0,2,0.23914314806461334
57,0,3,0.09167128056287766
57,0,4,0.0514744333922863
57,0,5,0.03179561719298363
57,0,6,0.022504687309265137
57,1,2,0.0181126669049263
57,1,3,0.20588217675685883
57,1,4,0.009476002305746078
57,1,5,0.008752085268497467
57,1,6,0.007679651025682688
57,2,3,0.17207765579223633
57,2,4,0.09507142752408981
57,2,5,0.06441669166088104
57,2,6,0.031172020360827446
57,3,2,0.2546992599964142
57,3,3,0.09134645015001297
57,3,4,0.07585656642913818
57,3,5,0.04740310087800026
57,3,6,0.03218896687030792
57,4,2,0.1797863394021988
57,4,3,0.13333775103092194
57,4,4,0.0897267609834671
57,4,5,0.0550251305103302
57,4,6,0.038477204740047455
57,5,2,0.25265374779701233
57,5,3,0.10232087224721909
57,5,4,0.05846674367785454
57,5,5,0.0345800518989563
57,5,6,0.023481501266360283
57,6,2,0.24577829241752625
57,6,3,0.1037418395280838
57,6,4,0.05470820143818855
57,6,5,0.03379310294985771
57,6,6,0.022947128862142563
57,7,2,0.22183173894882202
57,7,3,0.09126804769039154
57,7,4,0.048130154609680176
57,7,5,0.02972986362874508
57,7,6,0.020187996327877045
57,8,2,0.4355500638484955
57,8,3,0.17744535207748413
57,8,4,0.07975547015666962
57,8,5,0.0648740902543068
57,8,6,0.03650253266096115
57,9,2,0.23123370110988617
57,9,3,0.12400989979505539
57,9,4,0.06539655476808548
57,9,5,0.04039526730775833
57,9,6,0.027430307120084763
57,10,2,0.06482996046543121
57,10,3,0.37782031297683716
57,10,4,0.28985196352005005
57,10,5,0.006793706677854061
57,10,6,0.11739656329154968
57,11,2,0.20698197185993195
57,11,3,0.005688075441867113
57,11,4,0.138329416513443
57,11,5,0.10702917724847794
57,11,6,0.08480345457792282
58,0,2,0.011428218334913254
58,0,3,0.012853575870394707
58,0,4,0.19339977204799652
58,0,5,0.004480126313865185
58,0,6,0.005064765922725201
58,1,2,0.14492160081863403
58,1,3,0.0050386348739266396
58,1,4,0.20511838793754578
58,1,5,0.004605764057487249
58,1,6,0.11619949340820312
58,2,2,0.2200326770544052
58,2,3,0.10612575709819794
58,2,4,0.13732166588306427
58,2,5,0.08987545222043991
58,2,6,0.0662296935915947
58,3,2,0.2258569747209549
58,3,3,0.1877508908510208
58,3,4,0.12798650562763214
58,3,5,0.08483512699604034
58,3,6,0.05599600449204445
58,4,2,0.22786161303520203
58,4,3,0.14239323139190674
58,4,4,0.07896285504102707
58,4,5,0.051566269248723984
58,4,6,0.03805606812238693
58,5,2,0.20174235105514526
58,5,3,0.16972824931144714
58,5,4,0.09814875572919846
58,5,5,0.09049632400274277
58,5,6,0.05070488899946213
58,6,2,0.017038246616721153
58,6,3,0.2861484885215759
58,6,4,0.16602030396461487
58,6,5,0.10133340209722519
58,6,6,0.06767474114894867
58,7,2,0.5499399304389954
58,7,3,0.17187096178531647
58,7,4,0.22666603326797485
58,7,5,0.1271573305130005
58,7,6,0.13651113212108612
58,8,2,0.4718426465988159
58,8,3,0.1895543485879898
58,8,4,0.15173500776290894
58,8,5,0.08056963980197906
58,8,6,0.049959778785705566
58,9,2,0.2295919805765152
58,9,3,0.2017659842967987
58,9,4,0.13671834766864777
58,9,5,0.0841042548418045
58,9,6,0.07859813421964645
58,10,2,0.06014887988567352
58,10,3,0.062265489250421524
58,10,4,0.03838535398244858
58,10,5,0.47456222772598267
58,10,6,0.015374924056231976
58,11,2,0.47368133068084717
58,11,3,0.2835545837879181
58,11,4,0.1691737025976181
58,11,5,0.10007822513580322
58,11,6,0.08472559601068497
59,0,2,0.23899231851100922
59,0,3,0.15711182355880737
59,0,4,0.11337698251008987
59,0,5,0.06434892863035202
59,0,6,0.04357094690203667
59,1,2,0.1092633381485939
59,1,3,0.09002731740474701
59,1,4,0.08300945907831192
59,1,5,0.07612091302871704
59,1,6,0.0019422322511672974
59,2,2,0.11012454330921173
59,2,3,0.07454442977905273
59,2,4,0.040623001754283905
59,2,5,0.062801793217659
59,2,6,0.01579517498612404
59,3,2,0.3088409900665283
59,3,3,0.18641260266304016
59,3,4,0.10144797712564468
59,3,5,0.13819372653961182
59,3,6,0.09615860879421234
59,4,2,0.16787777841091156
59,4,3,0.0639755129814148
59,4,4,0.033737462013959885
59,4,5,0.02083953283727169
59,4,6,0.01415103580802679
59,5,2,0.02001555822789669
59,5,3,0.33274179697036743
59,5,4,0.1856517791748047
59,5,5,0.09758736938238144
59,5,6,0.06658654659986496
59,6,2,0.051197994500398636
59,6,3,0.2956884801387787
59,6,4,0.14672671258449554
59,6,5,0.08146006613969803
59,6,6,0.05500340089201927
59,7,2,0.4020857512950897
59,7,3,0.23006398975849152
59,7,4,0.11803920567035675
59,7,5,0.10952559113502502
59,7,6,0.06412071734666824
59,8,2,0.2026624232530594
59,8,3,0.152878999710083
59,8,4,0.07237664610147476
59,8,5,0.06720469146966934
59,8,6,0.04305248707532883
59,9,2,0.043549686670303345
59,9,3,0.058179210871458054
59,9,4,0.03068077377974987
59,9,5,0.018951430916786194
59,9,6,0.012868924997746944
59,10,2,0.38982388377189636
59,10,3,0.15187397599220276
59,10,4,0.09843970090150833
59,10,5,0.05233221873641014
59,10,6,0.03245026618242264
59,11,2,0.3236292600631714
59,11,3,0.1686210334300995
59,11,4,0.16115474700927734
59,11,5,0.07941658049821854
59,11,6,0.08543536812067032
60,0,2,0.23362591862678528
60,0,3,0.08671651035547256
60,0,4,0.07144919037818909
60,0,5,0.05083334073424339
60,0,6,0.03246259689331055
60,1,2,0.30259454250335693
60,1,3,0.16749148070812225
60,1,4,0.08832654356956482
60,1,5,0.05455905944108963
60,1,6,0.03704820200800896
60,2,2,0.17132587730884552
60,2,3,0.11800882965326309
60,2,4,0.0622318834066391
60,2,5,0.08409719169139862
60,2,6,0.05710601061582565
60,3,2,0.19298118352890015
60,3,3,0.13290904462337494
60,3,4,0.07008950412273407
60,3,5,0.04329409450292587
60,3,6,0.05873516947031021
60,4,2,0.19386740028858185
60,4,3,0.07878468185663223
60,4,4,0.041547052562236786
60,4,5,0.025663498789072037
60,4,6,0.0174267441034317
60,5,2,0.13673262298107147
60,5,3,0.11008201539516449
60,5,4,0.06984306126832962
60,5,5,0.043141864240169525
60,5,6,0.05184328928589821
60,6,2,0.16777314245700836
60,6,3,0.06926275789737701
60,6,4,0.07199181616306305
60,6,5,0.05044247955083847
60,6,6,0.04775363206863403
60,7,2,0.15808770060539246
60,7,3,0.09169694781303406
60,7,4,0.05355085805058479
60,7,5,0.03376667574048042
60,7,6,0.02292918600142002
60,8,2,0.11349905282258987
60,8,3,0.11141123622655869
60,8,4,0.05550403892993927
60,8,5,0.03954796865582466
60,8,6,0.026854952797293663
60,9,2,0.013205178081989288
60,9,3,0.20986956357955933
60,9,4,0.08427044004201889
60,9,5,0.04543299227952957
60,9,6,0.03236702084541321
60,10,2,0.1555771827697754
60,10,3,0.1406603902578354
60,10,4,0.08344492316246033
60,10,5,0.0455506257712841
60,10,6,0.043521516025066376
60,11,2,0.10264688730239868
60,11,3,0.006276079453527927
60,11,4,0.137324720621109
60,11,5,0.07291794568300247
60,11,6,0.045215096324682236
61,0,2,0.1435038298368454
61,0,3,0.004888380877673626
61,0,4,0.11794490367174149
61,0,5,0.11065811663866043
61,0,6,0.06748650223016739
61,1,2,0.054882269352674484
61,1,3,0.04226423054933548
61,1,4,0.034770432859659195
61,1,5,0.0419553704559803
61,1,6,0.03979318588972092
61,2,2,0.20018108189105988
61,2,3,0.11549443751573563
61,2,4,0.10712473839521408
61,2,5,0.0770922377705574
61,2,6,0.04782727733254433
61,3,2,0.15080974996089935
61,3,3,0.10288692265748978
61,3,4,0.062177468091249466
61,3,5,0.035837117582559586
61,3,6,0.024335121735930443
61,4,2,0.3869541883468628
61,4,3,0.05750143900513649
61,4,4,0.10185405611991882
61,4,5,0.004177546594291925
61,4,6,0.07721736282110214
61,5,2,0.1728707253932953
61,5,3,0.13197727501392365
61,5,4,0.06116212159395218
61,5,5,0.09369710832834244
61,5,6,0.07007702440023422
61,6,2,0.22610077261924744
61,6,3,0.10665813833475113
61,6,4,0.0035977200604975224
61,6,5,0.07728403061628342
61,6,6,0.08253087103366852
61,7,2,0.04401640594005585
61,7,3,0.03675096854567528
61,7,4,0.4181368052959442
61,7,5,0.011783601716160774
61,7,6,0.2327803075313568
61,8,2,0.1416192650794983
61,8,3,0.0734432265162468
61,8,4,0.07620705664157867
61,8,5,0.06371764838695526
61,8,6,0.0478886179625988
61,9,2,0.014637507498264313
61,9,3,0.009846162982285023
61,9,4,0.007258561439812183
61,9,5,0.19794723391532898
61,9,6,0.10140249878168106
61,10,2,0.06088132783770561
61,10,3,0.04394622519612312
61,10,4,0.4043178856372833
61,10,5,0.24067947268486023
61,10,6,0.004916846752166748
61,11,2,0.1943655163049698
61,11,3,0.16861458122730255
61,11,4,0.10039051622152328
61,11,5,0.09480571746826172
61,11,6,0.06262799352407455
62,0,2,0.17423811554908752
62,0,3,0.13244228065013885
62,0,4,0.15088699758052826
62,0,5,0.10347868502140045
62,0,6,0.08026419579982758
62,1,2,0.0118858702480793
62,1,3,0.265796035528183
62,1,4,0.1230948194861412
62,1,5,0.07249721884727478
62,1,6,0.05085098370909691
62,2,2,0.17600412666797638
62,2,3,0.12774915993213654
62,2,4,0.12428301572799683
62,2,5,0.06350134313106537
62,2,6,0.049733247607946396
62,3,2,0.012199720367789268
62,3,3,0.013991517946124077
62,3,4,0.23110538721084595
62,3,5,0.13797125220298767
62,3,6,0.10202278941869736
62,4,2,0.2031482756137848
62,4,3,0.18118071556091309
62,4,4,0.07270581275224686
62,4,5,0.04491018131375313
62,4,6,0.04144515097141266
62,5,2,0.26715320348739624
62,5,3,0.10680007934570312
62,5,4,0.06704021990299225
62,5,5,0.0560341514647007
62,5,6,0.03357453644275665
62,6,2,0.22406604886054993
62,6,3,0.13366027176380157
62,6,4,0.10729293525218964
62,6,5,0.12376395612955093
62,6,6,0.06601034849882126
62,7,2,0.16665881872177124
62,7,3,0.1800428032875061
62,7,4,0.004951749928295612
62,7,5,0.13497544825077057
62,7,6,0.10584838688373566
62,8,2,0.014131434261798859
62,8,3,0.2379067987203598
62,8,4,0.18871735036373138
62,8,5,0.12127543240785599
62,8,6,0.07722930610179901
62,9,2,0.2036125659942627
62,9,3,0.11802443861961365
62,9,4,0.13886268436908722
62,9,5,0.10177165269851685
62,9,6,0.06144377216696739
62,10,2,0.19186648726463318
62,10,3,0.12375541776418686
62,10,4,0.1064973771572113
62,10,5,0.12529675662517548
62,10,6,0.08821813762187958
62,11,2,0.26806676387786865
62,11,3,0.12250744551420212
62,11,4,0.13105133175849915
62,11,5,0.11252480000257492
62,11,6,0.0826951339840889
63,0,2,0.5344372391700745
63,0,3,0.28722110390663147
63,0,4,0.1112435981631279
63,0,5,0.05906914919614792
63,0,6,0.036627717316150665
63,1,2,0.33359646797180176
63,1,3,0.2789413332939148
63,1,4,0.10803676396608353
63,1,5,0.05736634135246277
63,1,6,0.03557184338569641
63,2,2,0.2588493227958679
63,2,3,0.1409725546836853
63,2,4,0.08903434127569199
63,2,5,0.05499626696109772
63,2,6,0.03734508901834488
63,3,2,0.3614100217819214
63,3,3,0.22875510156154633
63,3,4,0.08859913796186447
63,3,5,0.04704517871141434
63,3,6,0.029171869158744812
63,4,2,0.3227323591709137
63,4,3,0.12298810482025146
63,4,4,0.06485770642757416
63,4,5,0.06784407794475555
63,4,6,0.031236886978149414
63,5,2,0.19369401037693024
63,5,3,0.12322811037302017
63,5,4,0.07189037650823593
63,5,5,0.04440649598836899
63,5,6,0.030154122039675713
63,6,2,0.08698243647813797
63,6,3,0.5391832590103149
63,6,4,0.3199411630630493
63,6,5,0.12586872279644012
63,6,6,0.1107364073395729
63,7,2,0.29108425974845886
63,7,3,0.17996805906295776
63,7,4,0.06970342248678207
63,7,5,0.0370117612183094
63,7,6,0.022950325161218643
63,8,2,0.23244883120059967
63,8,3,0.14518974721431732
63,8,4,0.07656572759151459
63,8,5,0.047294437885284424
63,8,6,0.03211518004536629
63,9,2,0.22077776491641998
63,9,3,0.10513298958539963
63,9,4,0.08559177815914154
63,9,5,0.07974053919315338
63,9,6,0.0541476272046566
63,10,2,0.277293860912323
63,10,3,0.19241119921207428
63,10,4,0.09945421665906906
63,10,5,0.0024748435243964195
63,10,6,0.06057927384972572
63,11,2,0.4170215129852295
63,11,3,0.2482241988182068
63,11,4,0.10780961811542511
63,11,5,0.05448329821228981
63,11,6,0.033784106373786926
64,0,2,0.25490161776542664
64,0,3,0.0059684524312615395
64,0,4,0.1700506955385208
64,0,5,0.08775785565376282
64,0,6,0.06534336507320404
64,1,2,0.3780229985713959
64,1,3,0.24837908148765564
64,1,4,0.12115990370512009
64,1,5,0.08612249791622162
64,1,6,0.0994800552725792
64,2,2,0.12382415682077408
64,2,3,0.12872713804244995
64,2,4,0.07394561916589737
64,2,5,0.04567600041627884
64,2,6,0.07117700576782227
64,3,2,0.2742937207221985
64,3,3,0.10452891886234283
64,3,4,0.09154249727725983
64,3,5,0.11487212777137756
64,3,6,0.0929364264011383
64,4,2,0.20209892094135284
64,4,3,0.08675654977560043
64,4,4,0.08388381451368332
64,4,5,0.045696910470724106
64,4,6,0.031030382961034775
64,5,2,0.012470870278775692
64,5,3,0.19501842558383942
64,5,4,0.1361507624387741
64,5,5,0.07412336766719818
64,5,6,0.051192302256822586
64,6,2,0.18259230256080627
64,6,3,0.13240200281143188
64,6,4,0.07912714034318924
64,6,5,0.09204250574111938
64,6,6,0.03869614750146866
64,7,2,0.24218301475048065
64,7,3,0.1797472983598709
64,7,4,0.09478963166475296
64,7,5,0.06850221008062363
64,7,6,0.04469741880893707
64,8,2,0.20066921412944794
64,8,3,0.07852906733751297
64,8,4,0.0519934743642807
64,8,5,0.04553871229290962
64,8,6,0.04544123634696007
64,9,2,0.22792553901672363
64,9,3,0.1205141544342041
64,9,4,0.08102479577064514
64,9,5,0.09602564573287964
64,9,6,0.06368619203567505
64,10,2,0.4553743004798889
64,10,3,0.21698780357837677
64,10,4,0.09503395110368729
64,10,5,0.0949890986084938
64,10,6,0.07536887377500534
64,11,2,0.39382392168045044
64,11,3,0.2227078378200531
64,11,4,0.093281090259552
64,11,5,0.09326872229576111
64,11,6,0.1046740710735321
65,0,2,0.21777288615703583
65,0,3,0.15568138659000397
65,0,4,0.08357371389865875
65,0,5,0.08322124183177948
65,0,6,0.0696464329957962
65,1,2,0.34996822476387024
65,1,3,0.1859828531742096
65,1,4,0.10847199708223343
65,1,5,0.09524236619472504
65,1,6,0.08194992691278458
65,2,2,0.15517695248126984
65,2,3,0.13859626650810242
65,2,4,0.08202941715717316
65,2,5,0.06786905229091644
65,2,6,0.047570761293172836
65,3,2,0.22365525364875793
65,3,3,0.10192590951919556
65,3,4,0.08796082437038422
65,3,5,0.0543331578373909
65,3,6,0.03689480572938919
65,4,2,0.24786294996738434
65,4,3,0.13192559778690338
65,4,4,0.06957089155912399
65,4,5,0.042973749339580536
65,4,6,0.029181217774748802
65,5,2,0.221658855676651
65,5,3,0.1435416042804718
65,5,4,0.07825519144535065
65,5,5,0.0915573462843895
65,5,6,0.0621718131005764
65,6,2,0.2623893916606903
65,6,3,0.10319733619689941
65,6,4,0.05442105978727341
65,6,5,0.03361573815345764
65,6,6,0.02282668463885784
65,7,2,0.21795709431171417
65,7,3,0.0965404063463211
65,7,4,0.08573071658611298
65,7,5,0.06598176807165146
65,7,6,0.04282797500491142
65,8,2,0.20933333039283752
65,8,3,0.11100263148546219
65,8,4,0.10580230504274368
65,8,5,0.06535379588603973
65,8,6,0.04437834769487381
65,9,2,0.27551019191741943
65,9,3,0.1391439139842987
65,9,4,0.10660872608423233
65,9,5,0.09104443341493607
65,9,6,0.061823517084121704
65,10,2,0.016629546880722046
65,10,3,0.21861159801483154
65,10,4,0.14650651812553406
65,10,5,0.11809998005628586
65,10,6,0.08030299097299576
65,11,2,0.29110991954803467
65,11,3,0.127693772315979
65,11,4,0.003916181158274412
65,11,5,0.1040966659784317
65,11,6,0.07820283621549606
66,0,2,0.39260393381118774
66,0,3,0.2528951168060303
66,0,4,0.11629466712474823
66,0,5,0.11268939822912216
66,0,6,0.09017534554004669
66,1,2,0.2990325689315796
66,1,3,0.08397241681814194
66,1,4,0.07727093249559402
66,1,5,0.07473014295101166
66,1,6,0.027959221974015236
66,2,2,0.3071995973587036
66,2,3,0.14480078220367432
66,2,4,0.08596338331699371
66,2,5,0.05536261200904846
66,2,6,0.052594348788261414
66,3,2,0.3165437579154968
66,3,3,0.20578835904598236
66,3,4,0.1355198621749878
66,3,5,0.10799525678157806
66,3,6,0.0026702743489295244
66,4,2,0.2555871903896332
66,4,3,0.09740015864372253
66,4,4,0.05136391893029213
66,4,5,0.031727343797683716
66,4,6,0.07554186880588531
66,5,2,0.10231200605630875
66,5,3,0.09053540229797363
66,5,4,0.0424552857875824
66,5,5,0.07171184569597244
66,5,6,0.04869576543569565
66,6,2,0.12931133806705475
66,6,3,0.05791332945227623
66,6,4,0.05347725749015808
66,6,5,0.03303275629878044
66,6,6,0.022430812940001488
66,7,2,0.039946138858795166
66,7,3,0.04048142209649086
66,7,4,0.2904476523399353
66,7,5,0.011283629573881626
66,7,6,0.2421797513961792
66,8,2,0.24809300899505615
66,8,3,0.10653374344110489
66,8,4,0.05618051066994667
66,8,5,0.04217081144452095
66,8,6,0.03769637644290924
66,9,2,0.17240402102470398
66,9,3,0.12737560272216797
66,9,4,0.00362266693264246
66,9,5,0.09065330773591995
66,9,6,0.057688988745212555
66,10,2,0.21743588149547577
66,10,3,0.004536117892712355
66,10,4,0.09403041005134583
66,10,5,0.0059195333160459995
66,10,6,0.06645608693361282
66,11,2,0.25885820388793945
66,11,3,0.16171139478683472
66,11,4,0.09195450693368912
66,11,5,0.05915970355272293
66,11,6,0.07309320569038391
67,0,2,0.20068176090717316
67,0,3,0.14501991868019104
67,0,4,0.07647616416215897
67,0,5,0.0032468384597450495
67,0,6,0.004294686950743198
67,1,2,0.1918390542268753
67,1,3,0.20643647015094757
67,1,4,0.09526219964027405
67,1,5,0.05884319543838501
67,1,6,0.04059682786464691
67,2,2,0.5120802521705627
67,2,3,0.2576726973056793
67,2,4,0.09088469296693802
67,2,5,0.0862412229180336
67,2,6,0.06949841231107712
67,3,2,0.35057035088539124
67,3,3,0.15837866067886353
67,3,4,0.10076489299535751
67,3,5,0.062242187559604645
67,3,6,0.042265407741069794
67,4,2,0.22004233300685883
67,4,3,0.08385459333658218
67,4,4,0.04422067105770111
67,4,5,0.07747967541217804
67,4,6,0.05261239781975746
67,5,2,0.2481992393732071
67,5,3,0.11401302367448807
67,5,4,0.044158387929201126
67,5,5,0.02344762161374092
67,5,6,0.014539450407028198
67,6,2,0.07010933756828308
67,6,3,0.0594029575586319
67,6,4,0.37351343035697937
67,6,5,0.01119761448353529
67,6,6,0.23948357999324799
67,7,2,0.28582367300987244
67,7,3,0.14133594930171967
67,7,4,0.09341475367546082
67,7,5,0.05770203471183777
67,7,6,0.03918243944644928
67,8,2,0.32333093881607056
67,8,3,0.12321621179580688
67,8,4,0.06497799605131149
67,8,5,0.040136732161045074
67,8,6,0.027254749089479446
67,9,2,0.31450632214546204
67,9,3,0.12619607150554657
67,9,4,0.08983620256185532
67,9,5,0.07177826762199402
67,9,6,0.07493644207715988
67,10,2,0.31477347016334534
67,10,3,0.244859516620636
67,10,4,0.12838195264339447
67,10,5,0.06816942244768143
67,10,6,0.04227063059806824
67,11,2,0.40211373567581177
67,11,3,0.21831201016902924
67,11,4,0.1052865982055664
67,11,5,0.05455167964100838
67,11,6,0.03382651507854462
68,0,2,0.23010456562042236
68,0,3,0.08303787559270859
68,0,4,0.07092353701591492
68,0,5,0.043809276074171066
68,0,6,0.04014870151877403
68,1,2,0.21999381482601166
68,1,3,0.138333261013031
68,1,4,0.07294996827840805
68,1,5,0.04506098851561546
68,1,6,0.030598562210798264
68,2,2,0.14102578163146973
68,2,3,0.07728202641010284
68,2,4,0.04075463488698006
68,2,5,0.02517402358353138
68,2,6,0.017094366252422333
68,3,2,0.3468354344367981
68,3,3,0.13217338919639587
68,3,4,0.11530858278274536
68,3,5,0.07122579216957092
68,3,6,0.04836571216583252
68,4,2,0.22262859344482422
68,4,3,0.003975940402597189
68,4,4,0.10874436795711517
68,4,5,0.057742077857255936
68,4,6,0.03580481931567192
68,5,2,0.2689315676689148
68,5,3,0.007356874644756317
68,5,4,0.13095027208328247
68,5,5,0.0682777538895607
68,5,6,0.0423378050327301
68,6,2,0.5252024531364441
68,6,3,0.13583630323410034
68,6,4,0.05261075869202614
68,6,5,0.02793573960661888
68,6,6,0.017322449013590813
68,7,2,0.17378033697605133
68,7,3,0.08300893008708954
68,7,4,0.04377470910549164
68,7,5,0.02703952230513096
68,7,6,0.03596373647451401
68,8,2,0.16372884809970856
68,8,3,0.06996236741542816
68,8,4,0.09617476910352707
68,8,5,0.04842103645205498
68,8,6,0.03288019448518753
68,9,2,0.170347198843956
68,9,3,0.06491657346487045
68,9,4,0.08068792521953583
68,9,5,0.03178311884403229
68,9,6,0.02158225327730179
68,10,2,0.42050960659980774
68,10,3,0.12247341126203537
68,10,4,0.09445163607597351
68,10,5,0.05015278980135918
68,10,6,0.04872814938426018
68,11,2,0.1514102667570114
68,11,3,0.1398698389530182
68,11,4,0.08833389729261398
68,11,5,0.05950594320893288
68,11,6,0.04040737822651863
69,0,2,0.23143969476222992
69,0,3,0.12048286199569702
69,0,4,0.0967710018157959
69,0,5,0.059775181114673615
69,0,6,0.04059020057320595
69,1,2,0.22969599068164825
69,1,3,0.16086602210998535
69,1,4,0.005537366960197687
69,1,5,0.11858934909105301
69,1,6,0.11906534433364868
69,2,2,0.396853506565094
69,2,3,0.19109809398651123
69,2,4,0.09868782758712769
69,2,5,0.05240216478705406
69,2,6,0.03249363228678703
69,3,2,0.2084391564130783
69,3,3,0.15684449672698975
69,3,4,0.13374260067939758
69,3,5,0.10506054013967514
69,3,6,0.061601560562849045
69,4,2,0.20302139222621918
69,4,3,0.08055929839611053
69,4,4,0.08488764613866806
69,4,5,0.05243486911058426
69,4,6,0.035605765879154205
69,5,2,0.3165557086467743
69,5,3,0.14363956451416016
69,5,4,0.13457363843917847
69,5,5,0.08217862993478775
69,5,6,0.06811609864234924
69,6,2,0.20478013157844543
69,6,3,0.1384381502866745
69,6,4,0.13294021785259247
69,6,5,0.08591361343860626
69,6,6,0.0778360590338707
69,7,2,0.2058670073747635
69,7,3,0.07845260202884674
69,7,4,0.041371941566467285
69,7,5,0.025555329397320747
69,7,6,0.07981100678443909
69,8,2,0.18286298215389252
69,8,3,0.15857462584972382
69,8,4,0.10037685930728912
69,8,5,0.08206671476364136
69,8,6,0.06552112102508545
69,9,2,0.012630429118871689
69,9,3,0.19427351653575897
69,9,4,0.1482270061969757
69,9,5,0.11928462982177734
69,9,6,0.07396624982357025
69,10,2,0.24484579265117645
69,10,3,0.13601022958755493
69,10,4,0.07665915042161942
69,10,5,0.047352150082588196
69,10,6,0.07002619653940201
69,11,2,0.12521164119243622
69,11,3,0.14497938752174377
69,11,4,0.08682574331760406
69,11,5,0.11078261584043503
69,11,6,0.07476402074098587
70,0,2,0.24377058446407318
70,0,3,0.14143425226211548
70,0,4,0.0947234258055687
70,0,5,0.05851040408015251
70,0,6,0.03973134607076645
70,1,2,0.14675280451774597
70,1,3,0.21318510174751282
70,1,4,0.11242304742336273
70,1,5,0.06944340467453003
70,1,6,0.047155383974313736
70,2,2,0.19409774243831635
70,2,3,0.08742734789848328
70,2,4,0.08840441703796387
70,2,5,0.05460715666413307
70,2,6,0.03708087280392647
70,3,2,0.29388126730918884
70,3,3,0.1294395476579666
70,3,4,0.06825987249612808
70,3,5,0.04216393455862999
70,3,6,0.055524930357933044
70,4,2,0.21780799329280853
70,4,3,0.08300311863422394
70,4,4,0.08687954396009445
70,4,5,0.05366525799036026
70,4,6,0.03644126281142235
70,5,2,0.145015686750412
70,5,3,0.14654533565044403
70,5,4,0.07042993605136871
70,5,5,0.06275743246078491
70,5,6,0.04261528700590134
70,6,2,0.24760957062244415
70,6,3,0.09436001628637314
70,6,4,0.04976070672273636
70,6,5,0.030737044289708138
70,6,6,0.02087191864848137
70,7,2,0.2052815854549408
70,7,3,0.10338590294122696
70,7,4,0.06734567135572433
70,7,5,0.04159923270344734
70,7,6,0.02824786677956581
70,8,2,0.21439628303050995
70,8,3,0.08170296996831894
70,8,4,0.08632608503103256
70,8,5,0.05332338064908981
70,8,6,0.036209117621183395
70,9,2,0.2223546802997589
70,9,3,0.12073936313390732
70,9,4,0.08392930030822754
70,9,5,0.0608164519071579
70,9,6,0.041297268122434616
70,10,2,0.10677618533372879
70,10,3,0.04069068655371666
70,10,4,0.021458208560943604
70,10,5,0.07560539245605469
70,10,6,0.051339682191610336
70,11,2,0.17291465401649475
70,11,3,0.06589499861001968
70,11,4,0.10300455242395401
70,11,5,0.06362563371658325
70,11,6,0.04320483282208443
71,0,2,0.2147466391324997
71,0,3,0.11700264364480972
71,0,4,0.06542311608791351
71,0,5,0.06264817714691162
71,0,6,0.04250529408454895
71,1,2,0.2094196230173111
71,1,3,0.119305320084095
71,1,4,0.08454998582601547
71,1,5,0.07527166604995728
71,1,6,0.051113054156303406
71,2,2,0.19845186173915863
71,2,3,0.12020506709814072
71,2,4,0.06339007616043091
71,2,5,0.05406954139471054
71,2,6,0.03107333928346634
71,3,2,0.1919337809085846
71,3,3,0.15546007454395294
71,3,4,0.11960038542747498
71,3,5,0.09671960771083832
71,3,6,0.06054138019680977
71,4,2,0.08306174725294113
71,4,3,0.055117953568696976
71,4,4,0.05410045012831688
71,4,5,0.03341769799590111
71,4,6,0.022692210972309113
71,5,2,0.24172545969486237
71,5,3,0.11676260083913803
71,5,4,0.05742044374346733
71,5,5,0.047893717885017395
71,5,6,0.03252211585640907
71,6,2,0.282299280166626
71,6,3,0.1337030827999115
71,6,4,0.07050824165344238
71,6,5,0.09196382015943527
71,6,6,0.06244782358407974
71,7,2,0.16350284218788147
71,7,3,0.11055058240890503
71,7,4,0.06626174598932266
71,7,5,0.055285289883613586
71,7,6,0.03754134848713875
71,8,2,0.23411329090595245
71,8,3,0.13977794349193573
71,8,4,0.073846235871315
71,8,5,0.06128804758191109
71,8,6,0.04676833003759384
71,9,2,0.20004373788833618
71,9,3,0.0951586365699768
71,9,4,0.12448304146528244
71,9,5,0.08247314393520355
71,9,6,0.05641442537307739
71,10,2,0.1932266354560852
71,10,3,0.1548532247543335
71,10,4,0.10735628753900528
71,10,5,0.07438002526760101
71,10,6,0.06283451616764069
71,11,2,0.19071756303310394
71,11,3,0.10272296518087387
71,11,4,0.08208523690700531
71,11,5,0.07404663413763046
71,11,6,0.030811475589871407
72,0,2,0.2857387959957123
72,0,3,0.10889046639204025
72,0,4,0.05742332711815834
72,0,5,0.035470228642225266
72,0,6,0.024085979908704758
72,1,2,0.020395610481500626
72,1,3,0.2748582661151886
72,1,4,0.10645534843206406
72,1,5,0.056526631116867065
72,1,6,0.035051144659519196
72,2,2,0.3064281940460205
72,2,3,0.11677484214305878
72,2,4,0.061581145972013474
72,2,5,0.03803851455450058
72,2,6,0.02582995779812336
72,3,2,0.29203036427497864
72,3,3,0.1695185750722885
72,3,4,0.09359638392925262
72,3,5,0.05781422555446625
72,3,6,0.05345839634537697
72,4,2,0.23021867871284485
72,4,3,0.08201185613870621
72,4,4,0.04324889928102493
72,4,5,0.026714729145169258
72,4,6,0.018140578642487526
72,5,2,0.2441994696855545
72,5,3,0.10536114126443863
72,5,4,0.06392309814691544
72,5,5,0.03948511928319931
72,5,6,0.02681228332221508
72,6,2,0.2647446095943451
72,6,3,0.1008899137377739
72,6,4,0.053204245865345
72,6,5,0.03286410868167877
72,6,6,0.022316299378871918
72,7,2,0.16331863403320312
72,7,3,0.13600674271583557
72,7,4,0.0717230886220932
72,7,5,0.044303156435489655
72,7,6,0.030083948746323586
72,8,2,0.26382923126220703
72,8,3,0.10054107010364532
72,8,4,0.05302027240395546
72,8,5,0.03275047615170479
72,8,6,0.022239135578274727
72,9,2,0.29418936371803284
72,9,3,0.17498275637626648
72,9,4,0.09227706491947174
72,9,5,0.05699928477406502
72,9,6,0.03870523348450661
72,10,2,0.20735181868076324
72,10,3,0.10327623784542084
72,10,4,0.05625327304005623
72,10,5,0.03474748507142067
72,10,6,0.03865290433168411
72,11,2,0.20566636323928833
72,11,3,0.07902001589536667
72,11,4,0.041671160608530045
72,11,5,0.025740161538124084
72,11,6,0.01747879385948181
73,0,2,0.013183376751840115
73,0,3,0.21834318339824677
73,0,4,0.08456649631261826
73,0,5,0.07095862179994583
73,0,6,0.07529187947511673
73,1,2,0.01257323194295168
73,1,3,0.19405540823936462
73,1,4,0.10346172749996185
73,1,5,0.0467403344810009
73,1,6,0.0028939840849488974
73,2,2,0.274077832698822
73,2,3,0.104446642100811
73,2,4,0.055079877376556396
73,2,5,0.03402268514037132
73,2,6,0.023103030398488045
73,3,2,0.30978038907051086
73,3,3,0.11704233288764954
73,3,4,0.11206395924091339
73,3,5,0.05950474366545677
73,3,6,0.041943423449993134
73,4,2,0.1034618616104126
73,4,3,0.14565490186214447
73,4,4,0.07756790518760681
73,4,5,0.047913480550050735
73,4,6,0.03253553807735443
73,5,2,0.1528787761926651
73,5,3,0.10910963267087936
73,5,4,0.09336129575967789
73,5,5,0.057669006288051605
73,5,6,0.001522178528830409
73,6,2,0.218911811709404
73,6,3,0.1603512465953827
73,6,4,0.08456113189458847
73,6,5,0.05223318561911583
73,6,6,0.03546882048249245
73,7,2,0.1749456822872162
73,7,3,0.1336364448070526
73,7,4,0.07047310471534729
73,7,5,0.04353104531764984
73,7,6,0.029559653252363205
73,8,2,0.27715083956718445
73,8,3,0.10561773180961609
73,8,4,0.055697448551654816
73,8,5,0.03440415859222412
73,8,6,0.023362064734101295
73,9,2,0.04697567969560623
73,9,3,0.23905229568481445
73,9,4,0.07873442769050598
73,9,5,0.0014393683522939682
73,9,6,0.005570447538048029
73,10,2,0.26434579491615295
73,10,3,0.14426597952842712
73,10,4,0.00326986494474113
73,10,5,0.07545840740203857
73,10,6,0.04679040238261223
73,11,2,0.15344855189323425
73,11,3,0.16040919721126556
73,11,4,0.08459170907735825
73,11,5,0.052252061665058136
73,11,6,0.035481639206409454
74,0,2,0.2873067259788513
74,0,3,0.2062424123287201
74,0,4,0.11169373244047165
74,0,5,0.05930816009640694
74,0,6,0.036775924265384674
74,1,2,0.39639022946357727
74,1,3,0.259405255317688
74,1,4,0.13990584015846252
74,1,5,0.07428847998380661
74,1,6,0.04606495052576065
74,2,2,0.2581627666950226
74,2,3,0.1438983529806137
74,2,4,0.08867090940475464
74,2,5,0.0547717809677124
74,2,6,0.03719264641404152
74,3,2,0.20111607015132904
74,3,3,0.14597900211811066
74,3,4,0.18693149089813232
74,3,5,0.11546706408262253
74,3,6,0.0784076526761055
74,4,2,0.18915139138698578
74,4,3,0.1028098464012146
74,4,4,0.06720253825187683
74,4,5,0.0391419380903244
74,4,6,0.026579244062304497
74,5,2,0.31816375255584717
74,5,3,0.17746227979660034
74,5,4,0.1249609887599945
74,5,5,0.09401456266641617
74,5,6,0.0638403668999672
74,6,2,0.268695205450058
74,6,3,0.10965991020202637
74,6,4,0.05782909318804741
74,6,5,0.05945079028606415
74,6,6,0.06034669652581215
74,7,2,0.2775084972381592
74,7,3,0.10575401782989502
74,7,4,0.05576932430267334
74,7,5,0.03444855287671089
74,7,6,0.023392217233777046
74,8,2,0.17957235872745514
74,8,3,0.06843212991952896
74,8,4,0.03608764708042145
74,8,5,0.022291237488389015
74,8,6,0.01513681560754776
74,9,2,0.010694023221731186
74,9,3,0.17485477030277252
74,9,4,0.06772300601005554
74,9,5,0.19599434733390808
74,9,6,0.12153255194425583
74,10,2,0.33867087960243225
74,10,3,0.18902148306369781
74,10,4,0.09968037158250809
74,10,5,0.06157229095697403
74,10,6,0.05324966460466385
74,11,2,0.2497514933347702
74,11,3,0.25945135951042175
74,11,4,0.14368611574172974
74,11,5,0.08875452727079391
74,11,6,0.06026855483651161
75,0,2,0.21550928056240082
75,0,3,0.14394617080688477
75,0,4,0.08788560330867767
75,0,5,0.06193394213914871
75,0,6,0.052535515278577805
75,1,2,0.20052894949913025
75,1,3,0.08621759712696075
75,1,4,0.08513668179512024
75,1,5,0.06879474967718124
75,1,6,0.05845727398991585
75,2,2,0.22144021093845367
75,2,3,0.08438729494810104
75,2,4,0.044501591473817825
75,2,5,0.027488509193062782
75,2,6,0.018666014075279236
75,3,2,0.16697242856025696
75,3,3,0.15487544238567352
75,3,4,0.08167347311973572
75,3,5,0.05044948309659958
75,3,6,0.03425760567188263
75,4,2,0.23514620959758759
75,4,3,0.11231230944395065
75,4,4,0.09406299889087677
75,4,5,0.05810244753956795
75,4,6,0.03945433720946312
75,5,2,0.011615215800702572
75,5,3,0.21610064804553986
75,5,4,0.08369793742895126
75,5,5,0.06522566825151443
75,5,6,0.04044526070356369
75,6,2,0.2413211613893509
75,6,3,0.006265935022383928
75,6,4,0.006005193572491407
75,6,5,0.006036648526787758
75,6,6,0.005115505773574114
75,7,2,0.43441835045814514
75,7,3,0.16395819187164307
75,7,4,0.002647417364642024
75,7,5,0.05559900403022766
75,7,6,0.054841432720422745
75,8,2,0.0053599257953464985
75,8,3,0.008036280050873756
75,8,4,0.007589897606521845
75,8,5,0.1330927312374115
75,8,6,0.0032521719112992287
75,9,2,0.25239646434783936
75,9,3,0.00632938276976347
75,9,4,0.0959797129034996
75,9,5,0.005188882350921631
75,9,6,0.12003599852323532
75,10,2,0.264994740486145
75,10,3,0.1838085651397705
75,10,4,0.07119089365005493
75,10,5,0.0378015898168087
75,10,6,0.023440087214112282
75,11,2,0.01054634153842926
75,11,3,0.17833814024925232
75,11,4,0.007422654423862696
75,11,5,0.12684249877929688
75,11,6,0.06780659407377243
76,0,2,0.17708483338356018
76,0,3,0.157873272895813
76,0,4,0.1475161612033844
76,0,5,0.09112032502889633
76,0,6,0.06187504902482033
76,1,2,0.20683445036411285
76,1,3,0.07882127910852432
76,1,4,0.045742712914943695
76,1,5,0.028255145996809006
76,1,6,0.01918659918010235
76,2,2,0.20339789986610413
76,2,3,0.10328717529773712
76,2,4,0.05446843430399895
76,2,5,0.03364499285817146
76,2,6,0.022846566513180733
76,3,2,0.343717098236084
76,3,3,0.19159871339797974
76,3,4,0.12217951565980911
76,3,5,0.06487599015235901
76,3,6,0.04022843390703201
76,4,2,0.41097310185432434
76,4,3,0.04796971008181572
76,4,4,0.11640961468219757
76,4,5,0.06181223690509796
76,4,6,0.038328658789396286
76,5,2,0.1748204082250595
76,5,3,0.13882629573345184
76,5,4,0.08451774716377258
76,5,5,0.0522063747048378
76,5,6,0.052753664553165436
76,6,2,0.1965428739786148
76,6,3,0.09972753375768661
76,6,4,0.08245044946670532
76,6,5,0.050929415971040726
76,6,6,0.03458350524306297
76,7,3,0.18354658782482147
76,7,4,0.08655507117509842
76,7,5,0.09915602952241898
76,7,6,0.07351700961589813
76,8,2,0.4148668944835663
76,8,3,0.24976405501365662
76,8,4,0.0967361107468605
76,8,5,0.051365822553634644
76,8,6,0.03185103088617325
76,9,3,0.3351590931415558
76,9,4,0.012674249708652496
76,9,5,0.1811545193195343
76,9,6,0.007292002905160189
76,10,3,0.30148229002952576
76,10,4,0.14292588829994202
76,10,5,0.09570764005184174
76,10,6,0.05081971734762192
76,11,2,0.25776156783103943
76,11,3,0.12157640606164932
76,11,4,0.0032421534415334463
76,11,5,0.08008531481027603
76,11,6,0.0597798116505146
77,0,2,0.24432411789894104
77,0,3,0.1271861493587494
77,0,4,0.08191348612308502
77,0,5,0.046848151832818985
77,0,6,0.03701930120587349
77,1,2,0.2397768646478653
77,1,3,0.007450941018760204
77,1,4,0.11560547351837158
77,1,5,0.069435253739357
77,1,6,0.05154860019683838
77,2,2,0.13947001099586487
77,2,3,0.146298348903656
77,2,4,0.10720203071832657
77,2,5,0.06621840596199036
77,2,6,0.04496545344591141
77,3,2,0.3628963828086853
77,3,3,0.2188962697982788
77,3,4,0.14753231406211853
77,3,5,0.07833804935216904
77,3,6,0.04857601225376129
77,4,2,0.1303255409002304
77,4,3,0.13657383620738983
77,4,4,0.09270133078098297
77,4,5,0.05703127756714821
77,4,6,0.05175817385315895
77,5,2,0.21985678374767303
77,5,3,0.1377570480108261
77,5,4,0.08996573835611343
77,5,5,0.07187513262033463
77,5,6,0.0464358814060688
77,6,2,0.01303127408027649
77,6,3,0.009997966699302197
77,6,4,0.18952146172523499
77,6,5,0.005611048545688391
77,6,6,0.11700096726417542
77,7,2,0.05512327700853348
77,7,3,0.04125022888183594
77,7,4,0.03614605963230133
77,7,5,0.24352087080478668
77,7,6,0.009725607931613922
77,8,2,0.1992368996143341
77,8,3,0.11648184061050415
77,8,4,0.06142663210630417
77,8,5,0.03794305771589279
77,8,6,0.025765156373381615
77,9,2,0.20967501401901245
77,9,3,0.007589130662381649
77,9,4,0.008117231540381908
77,9,5,0.15962697565555573
77,9,6,0.096614308655262
77,10,2,0.04177996516227722
77,10,3,0.040627118200063705
77,10,4,0.3025776743888855
77,10,5,0.04285088926553726
77,10,6,0.01711438037455082
77,11,2,0.21967226266860962
77,11,3,0.14158999919891357
77,11,4,0.10767214745283127
77,11,5,0.08842354267835617
77,11,6,0.060043808072805405
78,0,2,0.04116129130125046
78,0,3,0.24902763962745667
78,0,4,0.11194369196891785
78,0,5,0.002654793206602335
78,0,6,0.003427251009270549
78,1,2,0.05534839630126953
78,1,3,0.044332101941108704
78,1,4,0.02847239561378956
78,1,5,0.025886373594403267
78,1,6,0.20718972384929657
78,2,2,0.290894478559494
78,2,3,0.1141144260764122
78,2,4,0.12116975337266922
78,2,5,0.07484623789787292
78,2,6,0.05135362967848778
78,3,2,0.08095911890268326
78,3,3,0.07852965593338013
78,3,4,0.0017628109781071544
78,3,5,0.09050299227237701
78,3,6,0.04599342122673988
78,4,2,0.11504726856946945
78,4,3,0.04384266212582588
78,4,4,0.023120403289794922
78,4,5,0.014281410723924637
78,4,6,0.009697755798697472
78,5,2,0.19583676755428314
78,5,3,0.13002359867095947
78,5,4,0.002723806770518422
78,5,5,0.08832179009914398
78,5,6,0.05476675182580948
78,6,2,0.37865376472473145
78,6,3,0.1534566730260849
78,6,4,0.10187657922506332
78,6,5,0.0765911191701889
78,6,6,0.047492776066064835
78,7,2,0.06760670244693756
78,7,3,0.09279360622167587
78,7,4,0.04893464967608452
78,7,5,0.08275511860847473
78,7,6,0.04370858892798424
78,8,2,0.15098316967487335
78,8,3,0.09661752730607986
78,8,4,0.0505908764898777
78,8,5,0.05237789452075958
78,8,6,0.0013825177447870374
78,9,2,0.13191550970077515
78,9,3,0.06038146838545799
78,9,4,0.03184213489294052
78,9,5,0.01966879703104496
78,9,6,0.013356051407754421
78,10,2,0.11545280367136002
78,10,3,0.07113977521657944
78,10,4,0.10017018020153046
78,10,5,0.07363629341125488
78,10,6,0.037576824426651
78,11,2,0.21522334218025208
78,11,3,0.0820181593298912
78,11,4,0.05925247073173523
78,11,5,0.0014531515771523118
78,11,6,0.07899574935436249
79,0,2,0.047080591320991516
79,0,3,0.2941380441188812
79,0,4,0.15568505227565765
79,0,5,0.08953770250082016
79,0,6,0.04705154523253441
79,1,2,0.010402155108749866
79,1,3,0.2426069974899292
79,1,4,0.07655069977045059
79,1,5,0.07336877286434174
79,1,6,0.0668056383728981
79,2,2,0.18851809203624725
79,2,3,0.1265391856431961
79,2,4,0.08333813399076462
79,2,5,0.0636988952755928
79,2,6,0.046040408313274384
79,3,2,0.2241571694612503
79,3,3,0.10069940984249115
79,3,4,0.07560919970273972
79,3,5,0.053806234151124954
79,3,6,0.05329803377389908
79,4,2,0.11510977149009705
79,4,3,0.042670365422964096
79,4,4,0.022502193227410316
79,4,5,0.013899541459977627
79,4,6,0.07016776502132416
79,5,2,0.2875305116176605
79,5,3,0.12907253205776215
79,5,4,0.0690077394247055
79,5,5,0.07034583389759064
79,5,6,0.05304631218314171
79,6,2,0.29475513100624084
79,6,3,0.007003759499639273
79,6,4,0.15342870354652405
79,6,5,0.12296716123819351
79,6,6,0.07624971866607666
79,7,2,0.22474922239780426
79,7,3,0.09152811020612717
79,7,4,0.0507882721722126
79,7,5,0.07503368705511093
79,7,6,0.05428546667098999
79,8,2,0.09885990619659424
79,8,3,0.1155136227607727
79,8,4,0.056496404111385345
79,8,5,0.06949163228273392
79,8,6,0.03768548369407654
79,9,2,0.2478240728378296
79,9,3,0.11164119839668274
79,9,4,0.058873921632766724
79,9,5,0.036366257816553116
79,9,6,0.024694429710507393
79,10,2,0.24045023322105408
79,10,3,0.005529711488634348
79,10,4,0.1118692010641098
79,10,5,0.08849561214447021
79,10,6,0.0550106018781662
79,11,2,0.24147476255893707
79,11,3,0.1284693479537964
79,11,4,0.07628225535154343
79,11,5,0.08244527876377106
79,11,6,0.05598427355289459
80,0,2,0.17755575478076935
80,0,3,0.07878079265356064
80,0,4,0.06153368577361107
80,0,5,0.0017840639920905232
80,0,6,0.001618401613086462
80,1,2,0.04604104533791542
80,1,3,0.03749430924654007
80,1,4,0.028866495937108994
80,1,5,0.24432995915412903
80,1,6,0.010957568883895874
80,2,2,0.1963573843240738
80,2,3,0.09275362640619278
80,2,4,0.08147908747196198
80,2,5,0.06109895184636116
80,2,6,0.04298832267522812
80,3,2,0.046215664595365524
80,3,3,0.04016610234975815
80,3,4,0.2432408183813095
80,3,5,0.00983475148677826
80,3,6,0.14940990507602692
80,4,2,0.210636705160141
80,4,3,0.08670413494110107
80,4,4,0.054347313940525055
80,4,5,0.03357018157839775
80,4,6,0.042759522795677185
80,5,2,0.010183029808104038
80,5,3,0.18750403821468353
80,5,4,0.0038855508901178837
80,5,5,0.10681402683258057
80,5,6,0.0563480518758297
80,6,2,0.22712139785289764
80,6,3,0.006119471974670887
80,6,4,0.0053521026857197285
80,6,5,0.1137736439704895
80,6,6,0.07821592688560486
80,7,2,0.15087196230888367
80,7,3,0.07667612284421921
80,7,4,0.049709126353263855
80,7,5,0.040863923728466034
80,7,6,0.027748562395572662
80,8,2,0.002908722497522831
80,8,3,0.13261640071868896
80,8,4,0.0843387022614479
80,8,5,0.04019501060247421
80,8,6,0.08918248116970062
80,9,2,0.13644741475582123
80,9,3,0.10238384455442429
80,9,4,0.002410536166280508
80,9,5,0.0670894905924797
80,9,6,0.039069902151823044
80,10,2,0.042010772973299026
80,10,3,0.2529119551181793
80,10,4,0.012623490765690804
80,10,5,0.13729628920555115
80,10,6,0.06364820152521133
80,11,2,0.16161617636680603
80,11,3,0.0032081305980682373
80,11,4,0.09130820631980896
80,11,5,0.05226298049092293
80,11,6,0.04286777228116989
81,0,2,0.012506695464253426
81,0,3,0.016228128224611282
81,0,4,0.21113790571689606
81,0,5,0.1770343780517578
81,0,6,0.11047141253948212
81,1,2,0.04814928397536278
81,1,3,0.4861934781074524
81,1,4,0.22066478431224823
81,1,5,0.1480911821126938
81,1,6,0.07381943613290787
81,2,2,0.2752220332622528
81,2,3,0.14946788549423218
81,2,4,0.08905936032533646
81,2,5,0.055011723190546036
81,2,6,0.037355586886405945
81,3,2,0.15966135263442993
81,3,3,0.1498875916004181
81,3,4,0.0030125596094876528
81,3,5,0.12194106727838516
81,3,6,0.06499200314283371
81,4,2,0.18520215153694153
81,4,3,0.14726106822490692
81,4,4,0.11429775506258011
81,4,5,0.051166824996471405
81,4,6,0.03474472090601921
81,5,2,0.008410954847931862
81,5,3,0.2620900273323059
81,5,4,0.13065409660339355
81,5,5,0.09589581936597824
81,5,6,0.0594632662832737
81,6,2,0.072578065097332
81,6,3,0.039852581918239594
81,6,4,0.3796459436416626
81,6,5,0.1545983999967575
81,6,6,0.10120023041963577
81,7,2,0.2456730604171753
81,7,3,0.15134426951408386
81,7,4,0.09959668666124344
81,7,5,0.0989384725689888
81,7,6,0.06209791824221611
81,8,2,0.036352600902318954
81,8,3,0.01385339256376028
81,8,4,0.0073055787943303585
81,8,5,0.004512633662670851
81,8,6,0.003064293647184968
81,9,2,0.042602479457855225
81,9,3,0.016235118731856346
81,9,4,0.08420189470052719
81,9,5,0.01944855973124504
81,9,6,0.07168436795473099
81,10,2,0.5083072781562805
81,10,3,0.01689743436872959
81,10,4,0.27602919936180115
81,10,5,0.13951720297336578
81,10,6,0.10569075495004654
81,11,2,0.013958212919533253
81,11,3,0.23583576083183289
81,11,4,0.1391257494688034
81,11,5,0.0038126774597913027
81,11,6,0.08819983899593353
82,0,2,0.20409642159938812
82,0,3,0.14142099022865295
82,0,4,0.07457827031612396
82,0,5,0.04606679826974869
82,0,6,0.03128155693411827
82,1,2,0.21173347532749176
82,1,3,0.006962047889828682
82,1,4,0.007349400781095028
82,1,5,0.14200223982334137
82,1,6,0.11014692485332489
82,2,2,0.2250339239835739
82,2,3,0.10072023421525955
82,2,4,0.06874433904886246
82,2,5,0.04158766567707062
82,2,6,0.03624090179800987
82,3,2,0.3950519859790802
82,3,3,0.3376305401325226
82,3,4,0.13076768815517426
82,3,5,0.06943622976541519
82,3,6,0.04305614158511162
82,4,2,0.25111478567123413
82,4,3,0.12692002952098846
82,4,4,0.12657098472118378
82,4,5,0.07818255573511124
82,4,6,0.053089678287506104
82,5,2,0.3604244887828827
82,5,3,0.16334225237369537
82,5,4,0.11175324767827988
82,5,5,0.10162409394979477
82,5,6,0.09825081378221512
82,6,2,0.04737340658903122
82,6,3,0.31052085757255554
82,6,4,0.011409484781324863
82,6,5,0.15644551813602448
82,6,6,0.06248336285352707
82,7,2,0.22057344019412994
82,7,3,0.12477767467498779
82,7,4,0.07975728064775467
82,7,5,0.04926585406064987
82,7,6,0.03345387056469917
82,8,2,0.155795618891716
82,8,3,0.15810729563236237
82,8,4,0.08051135390996933
82,8,5,0.06773040443658829
82,8,6,0.0454547218978405
82,9,2,0.008673720061779022
82,9,3,0.24697764217853546
82,9,4,0.10824128985404968
82,9,5,0.08871063590049744
82,9,6,0.05500786751508713
82,10,2,0.14596596360206604
82,10,3,0.33951762318611145
82,10,4,0.1273570954799652
82,10,5,0.07866813242435455
82,10,6,0.1354772001504898
82,11,2,0.2254401296377182
82,11,3,0.13155657052993774
82,11,4,0.10487666726112366
82,11,5,0.0647820234298706
82,11,6,0.043990083038806915
