game_id,image_id,rep_num,step_size
0,0,2,0.00013005842629354447
0,0,3,0.00012368215539027005
0,0,4,0.0001236281677847728
0,0,5,0.00012357186642475426
0,0,6,0.00012351645273156464
0,1,2,0.00010452807327965274
0,1,3,7.991004531504586e-05
0,1,4,8.941678242990747e-05
0,1,5,0.00010430203838041052
0,1,6,0.00010407045192550868
0,2,2,9.859999408945441e-05
0,2,3,9.855015377979726e-05
0,2,4,9.577424498274922e-05
0,2,5,9.847567707765847e-05
0,2,6,9.842973668128252e-05
0,3,2,0.00010334090620744973
0,3,3,0.00010329452925361693
0,3,4,0.00010324840695830062
0,3,5,0.0001032021755236201
0,3,6,0.00010315726103726774
0,4,2,7.495875615859404e-05
0,4,3,7.49251848901622e-05
0,4,4,7.489159906981513e-05
0,4,5,7.485684909624979e-05
0,4,6,7.48246384318918e-05
0,5,2,0.00011508032912388444
0,5,3,0.00011862516839755699
0,5,4,0.0001172421034425497
0,5,5,0.00011719358008122072
0,5,6,0.00011713692219927907
0,6,2,0.00011680956959025934
0,6,3,9.387629688717425e-05
0,6,4,0.00010015122825279832
0,6,5,0.00010010697587858886
0,6,6,9.661557851359248e-05
0,7,2,9.095152199734002e-05
0,7,3,0.00010421696788398549
0,7,4,0.00011779694614233449
0,7,5,0.00010083802771987393
0,7,6,0.00010366499191150069
0,8,2,0.00010205042781308293
0,8,3,0.00010190025204792619
0,8,4,0.00010185377323068678
0,8,5,0.00010181018296862021
0,8,6,0.00010176283831242472
0,9,2,0.00012071720993844792
0,9,3,9.685083205113187e-05
0,9,4,0.00011079708929173648
0,9,5,0.0001107480056816712
0,9,6,0.0001029060294968076
0,10,2,9.9117387435399e-05
0,10,3,9.907298226607963e-05
0,10,4,8.305226947413757e-05
0,10,5,9.899474389385432e-05
0,10,6,9.894899267237633e-05
0,11,2,0.00011041052493965253
0,11,3,0.00011496829392854124
0,11,4,0.0001103116519516334
0,11,5,0.0001102681562770158
0,11,6,0.00011021348473150283
1,0,2,0.00010204440332017839
1,0,3,0.00010199302778346464
1,0,4,0.00010195076902164146
1,0,5,0.00010190491593675688
1,0,6,9.460784349357709e-05
1,1,2,2.614513618937053e-07
1,1,3,0.33981427550315857
1,1,4,1.4015979843406967e-07
1,1,5,1.3557264821884019e-07
1,1,6,1.4480090726465278e-07
1,2,2,0.00018633999570738524
1,2,3,9.988552483264357e-05
1,2,4,9.984240750782192e-05
1,2,5,9.979696187656373e-05
1,2,6,9.597801545169204e-05
1,3,2,0.00010063275112770498
1,3,3,9.308558946941048e-05
1,3,4,9.76689116214402e-05
1,3,5,9.705324191600084e-05
1,3,6,0.4369546175003052
1,4,2,0.00012115815479774028
1,4,3,0.00012521703320089728
1,4,4,0.00011350674321874976
1,4,5,0.00010336334526073188
1,4,6,0.00010332200326956809
1,5,2,8.721375343156978e-05
1,5,3,7.675646338611841e-05
1,5,4,7.672073843423277e-05
1,5,5,7.66879747970961e-05
1,5,6,7.665128941880539e-05
1,6,2,6.000129246785946e-07
1,6,3,0.35399842262268066
1,6,4,0.1906665563583374
1,6,5,1.6669964963966777e-07
1,6,6,1.8201099294401502e-07
1,7,2,6.289738507803122e-07
1,7,3,7.273874871316366e-07
1,7,4,7.232343932628282e-07
1,7,5,6.970917070248106e-07
1,7,6,7.1560390324521e-07
1,8,2,0.00013410743849817663
1,8,3,0.00011668368824757636
1,8,4,0.00011194225953659043
1,8,5,0.00010442346683703363
1,8,6,0.00011809004354290664
1,9,2,9.980970207834616e-05
1,9,3,0.00010321220906917006
1,9,4,0.00010168796143261716
1,9,5,0.00010164795094169676
1,9,6,0.00010223384742857888
1,10,2,9.137071174336597e-05
1,10,3,0.00019165602861903608
1,10,4,0.0001724876492517069
1,10,5,0.0001268897467525676
1,10,6,0.00011557165998965502
1,11,2,0.38622888922691345
1,11,3,2.2905408059159527e-07
1,11,4,0.21285705268383026
1,11,5,0.17099300026893616
1,11,6,1.4125133418474434e-07
2,0,2,0.00011619496217463166
2,0,3,0.00012374750804156065
2,0,4,0.00011609870853135362
2,0,5,0.00011604603059822693
2,0,6,0.00011599542631302029
2,1,2,8.970178896561265e-05
2,1,3,9.80953045655042e-05
2,1,4,0.39412721991539
2,1,5,3.7616695180986426e-07
2,1,6,0.24702535569667816
2,2,2,8.411990711465478e-05
2,2,3,8.611328667029738e-05
2,2,4,0.46958646178245544
2,2,5,3.962356913689291e-07
2,2,6,3.547636993062042e-07
2,3,2,0.44448262453079224
2,3,3,0.23887331783771515
2,3,4,0.15245725214481354
2,3,5,1.062895336190195e-07
2,3,6,1.0509191383789585e-07
2,4,2,0.00010612440382828936
2,4,3,0.0001217606695718132
2,4,4,0.00011607090709730983
2,4,5,0.00012063561734976247
2,4,6,0.536997377872467
2,5,2,0.517826497554779
2,5,3,3.8746048858229187e-07
2,5,4,3.9851644828559074e-07
2,5,5,3.075050756251585e-07
2,5,6,7.897596354666803e-09
2,6,2,0.26393643021583557
2,6,3,0.15188926458358765
2,6,4,7.937357793252886e-08
2,6,5,0.0626869797706604
2,6,6,6.727209012069579e-08
2,7,2,9.054766269400716e-05
2,7,3,8.679883467266336e-05
2,7,4,0.00014995098172221333
2,7,5,9.344307181891054e-05
2,7,6,9.992494597099721e-05
2,8,2,7.070003630360588e-05
2,8,3,7.413668208755553e-05
2,8,4,0.4628922939300537
2,8,5,0.0008932228665798903
2,8,6,1.922822150390857e-07
2,9,2,0.00015121228352654725
2,9,3,0.40904271602630615
2,9,4,2.9511403454307583e-07
2,9,5,3.581029659471824e-07
2,9,6,4.2556317225717066e-07
2,10,2,3.833425239463395e-07
2,10,3,0.23458820581436157
2,10,4,0.1791900396347046
2,10,5,9.810170098489834e-08
2,10,6,1.250698886678947e-07
2,11,2,0.46859535574913025
2,11,3,0.32892435789108276
2,11,4,0.1246776208281517
2,11,5,1.4717966223543044e-07
2,11,6,1.3151473865491425e-07
3,0,2,9.729353041620925e-05
3,0,3,7.51902989577502e-05
3,0,4,7.46750520193018e-05
3,0,5,7.259894482558593e-05
3,0,6,8.955552766565233e-05
3,1,2,3.830894002021523e-07
3,1,3,5.493845947057707e-07
3,1,4,5.110381380291074e-07
3,1,5,5.00224757615797e-07
3,1,6,5.004367267247289e-07
3,2,2,9.585185762261972e-05
3,2,3,9.58109085331671e-05
3,2,4,9.57613592618145e-05
3,2,5,9.572167618898675e-05
3,2,6,9.568402310833335e-05
3,3,2,8.897391671780497e-05
3,3,3,0.00010135070624528453
3,3,4,0.00010130127338925377
3,3,5,0.00010126044799108058
3,3,6,0.0001012161374092102
3,4,2,0.00010610323079163209
3,4,3,7.752135570626706e-05
3,4,4,7.22776967450045e-05
3,4,5,7.224926230264828e-05
3,4,6,7.221475971164182e-05
3,5,2,0.4570934772491455
3,5,3,0.285794734954834
3,5,4,1.4062266018299852e-07
3,5,5,1.8212712404874765e-07
3,5,6,2.0133215627993195e-07
3,6,2,4.4585553382603393e-07
3,6,3,5.59737770799984e-07
3,6,4,5.673097689395945e-07
3,6,5,5.687098223461362e-07
3,6,6,5.744050213252194e-07
3,7,2,0.00010141844541067258
3,7,3,0.00010852135892491788
3,7,4,0.00010847691737581044
3,7,5,0.00010842848132597283
3,7,6,0.00010837725130841136
3,8,2,0.5483326315879822
3,8,3,4.058851459376456e-07
3,8,4,5.616715839096287e-07
3,8,5,5.618754812530824e-07
3,8,6,5.599887913376733e-07
3,9,2,0.00011466460273368284
3,9,3,8.544550655642524e-05
3,9,4,8.540202543372288e-05
3,9,5,8.536383393220603e-05
3,9,6,8.532783249393106e-05
3,10,2,7.617977826157585e-05
3,10,3,6.596625462407246e-05
3,10,4,6.455412221839651e-05
3,10,5,6.451745139202103e-05
3,10,6,6.447636405937374e-05
3,11,2,4.270825399999012e-07
3,11,3,5.526483164430829e-07
3,11,4,5.716320288229326e-07
3,11,5,5.529136615223251e-07
3,11,6,5.540694019146031e-07
4,0,2,0.00010725842003012076
4,0,3,9.377284732181579e-05
4,0,4,0.00010209469473920763
4,0,5,8.903961133910343e-05
4,0,6,9.479977597948164e-05
4,1,2,4.004545530733594e-07
4,1,3,4.825015480491857e-07
4,1,4,4.826104031963041e-07
4,1,5,4.697090218996891e-07
4,1,6,4.901127681478101e-07
4,2,2,0.00013797794235870242
4,2,3,9.54113929765299e-05
4,2,4,9.537002915749326e-05
4,2,5,9.532043623039499e-05
4,2,6,0.00012965311179868877
4,3,2,0.7195628881454468
4,3,3,6.584342600035598e-07
4,3,4,6.818369797656487e-07
4,3,5,6.940454682080599e-07
4,3,6,6.620317094530037e-07
4,4,2,0.00014339441258925945
4,4,3,0.00014936437946744263
4,4,4,0.00015435241220984608
4,4,5,0.00013806263450533152
4,4,6,0.00014495255891233683
4,5,2,4.685317378516629e-07
4,5,3,5.116281727168825e-07
4,5,4,4.4573778268386377e-07
4,5,5,4.994318487661076e-07
4,5,6,5.177902835384884e-07
4,6,2,0.2635556161403656
4,6,3,1.8965670278703328e-07
4,6,4,2.1838955888142664e-07
4,6,5,2.2287429146672366e-07
4,6,6,2.3449152308785415e-07
4,7,2,0.32283586263656616
4,7,3,2.158221974468688e-07
4,7,4,2.7718164119505673e-07
4,7,5,3.009302531609137e-07
4,7,6,2.966662577819079e-07
4,8,2,9.653746383264661e-05
4,8,3,9.615115413907915e-05
4,8,4,0.00010025959636550397
4,8,5,0.00011364724923623726
4,8,6,0.0001135987913585268
4,9,2,0.00010867959645111114
4,9,3,0.00011810898286057636
4,9,4,0.00011287543748039752
4,9,5,0.00011282508785370737
4,9,6,0.00011277414887445047
4,10,2,4.55372230590001e-07
4,10,3,5.044279305366217e-07
4,10,4,5.01850934142567e-07
4,10,5,5.041320605414512e-07
4,10,6,5.395308448896685e-07
4,11,2,0.00016113498713821173
4,11,3,0.00015573091513942927
4,11,4,0.000151007465319708
4,11,5,0.00015026703476905823
4,11,6,0.00017259569722227752
5,0,2,0.00010449369437992573
5,0,3,0.00010532420128583908
5,0,4,8.814118336886168e-05
5,0,5,8.841542876325548e-05
5,0,6,8.836833148961887e-05
5,1,2,5.248022034720634e-07
5,1,3,0.3543112576007843
5,1,4,0.14824286103248596
5,1,5,0.08961330354213715
5,1,6,0.06473997980356216
5,2,2,9.64676946750842e-05
5,2,3,8.768674160819501e-05
5,2,4,8.764753874856979e-05
5,2,5,8.97728095878847e-05
5,2,6,8.757429895922542e-05
5,3,2,0.00011876673670485616
5,3,3,0.00015629001427441835
5,3,4,0.00010899476183112711
5,3,5,9.704686817713082e-05
5,3,6,9.68539243331179e-05
5,4,2,0.00011412318417569622
5,4,3,0.00012172089191153646
5,4,4,0.00011880191595992073
5,4,5,0.00011875051131937653
5,4,6,0.0001186987865366973
5,5,2,5.639844289362372e-07
5,5,3,5.156379643267428e-07
5,5,4,0.2685502767562866
5,5,5,1.7225784176844172e-07
5,5,6,1.5868523917106359e-07
5,6,2,0.2795388400554657
5,6,3,0.15571877360343933
5,6,4,9.955492430435697e-08
5,6,5,1.0210580825287252e-07
5,6,6,1.614385354287151e-07
5,7,2,0.00010704962915042415
5,7,3,0.00018661035574041307
5,7,4,0.00019076622265856713
5,7,5,0.00019066173990722746
5,7,6,0.00010684869630495086
5,8,2,5.10874542669626e-07
5,8,3,6.525348794639285e-07
5,8,4,5.960534394944261e-07
5,8,5,5.219956733526487e-07
5,8,6,0.28161031007766724
5,9,2,9.90429543890059e-05
5,9,3,0.00012756316573359072
5,9,4,0.00013246828166302294
5,9,5,8.702440391061828e-05
5,9,6,8.698697638465092e-05
5,10,2,0.00011560416169231758
5,10,3,0.00013945325918029994
5,10,4,7.812141120666638e-05
5,10,5,0.00011456050560809672
5,10,6,0.3278180658817291
5,11,2,0.00010388342343503609
5,11,3,0.5330930948257446
5,11,4,4.803032993550005e-07
5,11,5,0.3241488039493561
5,11,6,2.1466188115937257e-07
6,0,2,2.5374524170729273e-07
6,0,3,2.817991742176673e-07
6,0,4,4.1070478573601576e-07
6,0,5,3.8860122231199057e-07
6,0,6,4.978805350219773e-07
6,1,2,3.741160412573663e-07
6,1,3,3.8378558997465007e-07
6,1,4,3.739903888799745e-07
6,1,5,3.77536565565606e-07
6,1,6,0.21702267229557037
6,2,2,8.151799556799233e-05
6,2,3,8.929790783440694e-05
6,2,4,8.158972195815295e-05
6,2,5,8.154908573487774e-05
6,2,6,8.151831571012735e-05
6,3,2,2.1517280401894823e-07
6,3,3,2.1697016450161755e-07
6,3,4,0.3293265700340271
6,3,5,1.6626631804683711e-07
6,3,6,2.0789804011656088e-07
6,4,2,7.806977373547852e-05
6,4,3,6.590234261238948e-05
6,4,4,7.228582398965955e-05
6,4,5,7.225223816931248e-05
6,4,6,7.221849955385551e-05
6,5,2,0.00011681440810207278
6,5,3,0.0001276600087294355
6,5,4,0.00013298698468133807
6,5,5,0.00011596114200074226
6,5,6,0.4950384199619293
6,6,2,0.0001419398031430319
6,6,3,0.0001418777828803286
6,6,4,0.00011363792873453349
6,6,5,0.00011358335905242711
6,6,6,0.00011353640729794279
6,7,2,7.376990834018216e-05
6,7,3,7.402970368275419e-05
6,7,4,7.400773029075935e-05
6,7,5,7.594048656756058e-05
6,7,6,7.591667963424698e-05
6,8,2,8.070794137893245e-05
6,8,3,8.067210001172498e-05
6,8,4,7.547271525254473e-05
6,8,5,7.443150389008224e-05
6,8,6,7.814339187461883e-05
6,9,2,0.00010777652641991153
6,9,3,0.00010772707901196554
6,9,4,0.00011680362513288856
6,9,5,0.00011674363486235961
6,9,6,0.00013183560804463923
6,10,2,7.579958037240431e-05
6,10,3,7.576406642328948e-05
6,10,4,7.573698530904949e-05
6,10,5,7.569765148218721e-05
6,10,6,8.813311433186755e-05
6,11,2,0.00010200786346103996
6,11,3,8.847552089719102e-05
6,11,4,8.761997014516965e-05
6,11,5,8.758353214943781e-05
6,11,6,8.835658809402958e-05
7,0,2,0.00011294773867120966
7,0,3,0.00011040482786484063
7,0,4,0.00010893480066442862
7,0,5,0.00010888648102991283
7,0,6,0.000108837935840711
7,1,2,0.21485638618469238
7,1,3,2.068202462623958e-07
7,1,4,2.0270303480174334e-07
7,1,5,2.0324245042502298e-07
7,1,6,2.413614197394054e-07
7,2,2,9.376183152198792e-05
7,2,3,8.908755262382329e-05
7,2,4,0.0001129181546275504
7,2,5,0.00011286910739727318
7,2,6,0.0001128182266256772
7,3,2,0.00010834617569344118
7,3,3,0.00010468365508131683
7,3,4,0.00010217236558673903
7,3,5,9.779474203241989e-05
7,3,6,0.00010793202091008425
7,4,2,0.00013154951739124954
7,4,3,0.00012016205437248573
7,4,4,0.00012010739737888798
7,4,5,0.00011404148972360417
7,4,6,0.00010332454257877544
7,5,2,0.00012576098379213363
7,5,3,0.0001256952091353014
7,5,4,9.716168278828263e-05
7,5,5,0.00011405839177314192
7,5,6,8.402924140682444e-05
7,6,2,4.1988033672168967e-07
7,6,3,0.28093475103378296
7,6,4,0.20747460424900055
7,6,5,1.5680797105233069e-07
7,6,6,0.13340725004673004
7,7,2,0.00011579239799175411
7,7,3,0.00010760191071312875
7,7,4,0.00010755327093647793
7,7,5,0.00010750445653684437
7,7,6,0.00010745847248472273
7,8,2,0.00011090721091022715
7,8,3,0.00011085559526691213
7,8,4,0.00011080875992774963
7,8,5,0.0001107564676203765
7,8,6,0.000110708708234597
7,9,2,7.584839477203786e-05
7,9,3,0.00013821691391058266
7,9,4,0.00011597423144849017
7,9,5,0.00011592375813052058
7,9,6,0.00011884851119248196
7,10,2,3.018834604517906e-07
7,10,3,3.94128903735691e-07
7,10,4,0.22947736084461212
7,10,5,1.27079516687445e-07
7,10,6,1.1273880318185547e-07
7,11,2,0.0001290616492042318
7,11,3,0.0001016319147311151
7,11,4,0.00011097104288637638
7,11,5,0.4922288656234741
7,11,6,3.232933920571668e-07
8,0,2,9.45151987252757e-05
8,0,3,0.00010721554281190038
8,0,4,0.00010716657561715692
8,0,5,0.00010712380026234314
8,0,6,8.472357876598835e-05
8,1,2,0.0001405308285029605
8,1,3,0.00012683299428317696
8,1,4,0.00012677846825681627
8,1,5,9.586264059180394e-05
8,1,6,9.581919584888965e-05
8,2,2,8.164034807123244e-05
8,2,3,8.161070581991225e-05
8,2,4,8.156965486705303e-05
8,2,5,8.153980161296204e-05
8,2,6,9.810639312490821e-05
8,3,2,0.00010246286547044292
8,3,3,0.00010151106107514352
8,3,4,0.00010827133519342169
8,3,5,0.00010142313840333372
8,3,6,0.00010156846838071942
8,4,2,7.494720193790272e-05
8,4,3,7.491560972994193e-05
8,4,4,7.488058326998726e-05
8,4,5,7.48468009987846e-05
8,4,6,6.880541332066059e-05
8,5,2,7.339305739151314e-05
8,5,3,8.384826651308686e-05
8,5,4,8.34339443827048e-05
8,5,5,8.339223131770268e-05
8,5,6,0.00010688912152545527
8,6,2,0.00011354799062246457
8,6,3,0.00011349630949553102
8,6,4,0.00011344426457071677
8,6,5,0.00011339723278069869
8,6,6,0.00011323136277496815
8,7,2,0.0001245510793523863
8,7,3,0.00012449154746718705
8,7,4,0.00012444097956176847
8,7,5,0.00012438186968211085
8,7,6,0.00012888212222605944
8,8,2,9.055327973328531e-05
8,8,3,9.052065433934331e-05
8,8,4,9.047537605511025e-05
8,8,5,0.00010592721082502976
8,8,6,0.00010588401346467435
8,9,2,5.717485578315973e-07
8,9,3,6.04547835791891e-07
8,9,4,5.861102749804559e-07
8,9,5,5.850002935403609e-07
8,9,6,5.79153834223689e-07
8,10,2,5.973092243038991e-07
8,10,3,6.254241498027113e-07
8,10,4,6.582023388546077e-07
8,10,5,7.00306713952159e-07
8,10,6,6.973279482735961e-07
8,11,2,0.00011227274808334187
8,11,3,0.00011513198842294514
8,11,4,0.00011507810995681211
8,11,5,0.0001150263415183872
8,11,6,0.00012743139814119786
9,0,2,9.670354484114796e-05
9,0,3,9.028738713823259e-05
9,0,4,9.662890806794167e-05
9,0,5,9.65876315603964e-05
9,0,6,9.654285531723872e-05
9,1,2,7.057870448079484e-07
9,1,3,7.067740739330475e-07
9,1,4,7.073502956700395e-07
9,1,5,7.06398168404121e-07
9,1,6,7.048554380162386e-07
9,2,2,0.00011299678590148687
9,2,3,0.00011294710566289723
9,2,4,0.00011289321992080659
9,2,5,0.00011283610365353525
9,2,6,0.00011279380123596638
9,3,2,0.00010588922305032611
9,3,3,0.00011576534598134458
9,3,4,0.00011571717914193869
9,3,5,0.00011566466127987951
9,3,6,0.00011561528663150966
9,4,2,7.49549362808466e-05
9,4,3,7.492529402952641e-05
9,4,4,7.488921255571768e-05
9,4,5,7.48577804188244e-05
9,4,6,7.482071669073775e-05
9,5,2,9.726495045470074e-05
9,5,3,9.924075857270509e-05
9,5,4,9.919723379425704e-05
9,5,5,9.914705151459202e-05
9,5,6,9.910527296597138e-05
9,6,2,4.152275892010948e-07
9,6,3,6.635374916186265e-07
9,6,4,6.622742034778639e-07
9,6,5,6.612629590563301e-07
9,6,6,6.617554504373402e-07
9,7,2,4.3630990376186674e-07
9,7,3,4.220326275117259e-07
9,7,4,4.385076124435727e-07
9,7,5,4.227112242460862e-07
9,7,6,4.318129924740788e-07
9,8,2,9.395371307618916e-05
9,8,3,0.00010001259943237528
9,8,4,9.997541201300919e-05
9,8,5,9.992561535909772e-05
9,8,6,0.0001065738542820327
9,9,2,8.008075383258983e-05
9,9,3,9.259558282792568e-05
9,9,4,9.255555050913244e-05
9,9,5,9.251436131307855e-05
9,9,6,9.247034176951274e-05
9,10,2,0.00010312780796084553
9,10,3,0.00010308020864613354
9,10,4,0.00010303490853402764
9,10,5,0.00010298549750586972
9,10,6,9.648775449022651e-05
9,11,2,9.972033149097115e-05
9,11,3,9.9675111414399e-05
9,11,4,9.96310482150875e-05
9,11,5,9.958504961105064e-05
9,11,6,9.95433219941333e-05
10,0,2,9.633851732360199e-05
10,0,3,0.00013070431305095553
10,0,4,0.00011317551252432168
10,0,5,0.00011313024151604623
10,0,6,0.00011866210115840659
10,1,2,0.00012295346823520958
10,1,3,0.00012236535258125514
10,1,4,0.00011363031080691144
10,1,5,0.00011358069605194032
10,1,6,0.00011352599540259689
10,2,2,0.00012740831880364567
10,2,3,0.00013498577754944563
10,2,4,0.00014986551832407713
10,2,5,0.00014980349806137383
10,2,6,0.00014972779899835587
10,3,2,0.00016075021994765848
10,3,3,0.0001581069955136627
10,3,4,0.00010167448635911569
10,3,5,0.0001014055815176107
10,3,6,0.00010136619675904512
10,4,2,0.00012579502072185278
10,4,3,0.00011465060379123315
10,4,4,0.00010926847608061507
10,4,5,9.848401532508433e-05
10,4,6,0.00010979603393934667
10,5,2,0.00012707831047009677
10,5,3,0.00014826322149019688
10,5,4,0.00013958085037302226
10,5,5,0.00012937559222336859
10,5,6,0.00013117825437802821
10,6,2,0.00012034909741487354
10,6,3,0.00012699278886429965
10,6,4,0.0001217105018440634
10,6,5,0.00014367164112627506
10,6,6,0.00012695314944721758
10,7,2,0.00014763684885110706
10,7,3,0.00018802839622367173
10,7,4,0.00011909780732821673
10,7,5,0.00011904476559720933
10,7,6,0.00011899199307663366
10,8,2,9.99082185444422e-05
10,8,3,9.986335498979315e-05
10,8,4,9.471460361965e-05
10,8,5,9.977709123631939e-05
10,8,6,9.973296982934698e-05
10,9,2,0.00019562656234484166
10,9,3,0.00014128957991488278
10,9,4,0.00013028521789237857
10,9,5,0.00014117277169134468
10,9,6,0.00014111057680565864
10,10,2,0.00014799590280745178
10,10,3,0.00016121364024002105
10,10,4,0.00015574168355669826
10,10,5,0.00015568001253996044
10,10,6,0.0001556066854391247
10,11,2,0.00016024976503103971
10,11,3,0.00015275133773684502
10,11,4,0.00012892780068796128
10,11,5,0.00013641646364703774
10,11,6,0.00014112636563368142
11,0,2,4.3911347802350065e-07
11,0,3,4.890811169389053e-07
11,0,4,4.858529223383812e-07
11,0,5,4.825263886232278e-07
11,0,6,4.81352628867171e-07
11,1,2,7.924262172309682e-05
11,1,3,7.921140058897436e-05
11,1,4,7.92430728324689e-05
11,1,5,7.58547757868655e-05
11,1,6,7.724807801423594e-05
11,2,2,7.987081335159019e-05
11,2,3,9.238667553290725e-05
11,2,4,7.98045439296402e-05
11,2,5,8.74835459399037e-05
11,2,6,7.710138743277639e-05
11,3,2,8.84870023583062e-05
11,3,3,7.876807649154216e-05
11,3,4,0.00010891583951888606
11,3,5,0.00010886657400988042
11,3,6,0.00010881761409109458
11,4,2,0.00010902824578806758
11,4,3,0.0001147200891864486
11,4,4,0.00010784727783175185
11,4,5,0.00010779847070807591
11,4,6,0.0001077501947293058
11,5,2,8.516699017491192e-05
11,5,3,7.129643927328289e-05
11,5,4,0.0001005330341286026
11,5,5,0.0001004960504360497
11,5,6,0.00010044096416095272
11,6,2,0.430575966835022
11,6,3,3.3497752838229644e-07
11,6,4,3.58482708406882e-07
11,6,5,3.327891135995742e-07
11,6,6,3.3159543022520666e-07
11,7,2,8.276007429230958e-05
11,7,3,8.82178865140304e-05
11,7,4,8.817001798888668e-05
11,7,5,8.813993190415204e-05
11,7,6,8.809224527794868e-05
11,8,2,9.042093734024093e-05
11,8,3,8.421715756412596e-05
11,8,4,9.731923637446016e-05
11,8,5,9.728387522045523e-05
11,8,6,9.72281995927915e-05
11,9,2,0.2339935600757599
11,9,3,1.57599487238258e-07
11,9,4,0.13202689588069916
11,9,5,8.49530223945294e-08
11,9,6,8.520120786670304e-08
11,10,2,7.488705159630626e-05
11,10,3,0.3858378529548645
11,10,4,0.12797611951828003
11,10,5,2.150394635691555e-07
11,10,6,1.493200301183606e-07
11,11,2,6.246994530556549e-07
11,11,3,3.537491295446671e-07
11,11,4,6.24676545157854e-07
11,11,5,4.37034458400376e-07
11,11,6,3.5149409427503997e-07
12,0,2,9.915832197293639e-05
12,0,3,9.561107435729355e-05
12,0,4,0.00010785466292873025
12,0,5,0.00010780753655126318
12,0,6,0.00010635831858962774
12,1,2,9.83405698207207e-05
12,1,3,9.16373755899258e-05
12,1,4,9.875784598989412e-05
12,1,5,9.871323709376156e-05
12,1,6,9.867137850960717e-05
12,2,2,8.959855767898262e-05
12,2,3,9.358696115668863e-05
12,2,4,9.247312846127898e-05
12,2,5,9.243281238013878e-05
12,2,6,9.23912157304585e-05
12,3,2,0.00011008807632606477
12,3,3,0.00011431706661824137
12,3,4,0.00011824822286143899
12,3,5,9.865283209364861e-05
12,3,6,9.860803402261809e-05
12,4,2,9.245904948329553e-05
12,4,3,8.177178096957505e-05
12,4,4,8.173407695721835e-05
12,4,5,7.223791908472776e-05
12,4,6,7.220390398288146e-05
12,5,2,8.730807167012244e-05
12,5,3,8.562090079067275e-05
12,5,4,8.950381743488833e-05
12,5,5,9.204856178257614e-05
12,5,6,9.200348722515628e-05
12,6,2,0.00011275122233200818
12,6,3,0.00011640374577837065
12,6,4,0.00011334005102980882
12,6,5,0.00011329184053465724
12,6,6,0.0001132388279074803
12,7,2,0.3285256624221802
12,7,3,1.827274047627725e-07
12,7,4,1.856038807090954e-07
12,7,5,1.8372786314557743e-07
12,7,6,1.8145014735182485e-07
12,8,2,0.000105278093542438
12,8,3,9.122219489654526e-05
12,8,4,7.103324605850503e-05
12,8,5,7.711013313382864e-05
12,8,6,8.441546378890052e-05
12,9,2,0.42696771025657654
12,9,3,4.1510404003020085e-07
12,9,4,4.5790559966008004e-07
12,9,5,4.641872521915502e-07
12,9,6,4.6241603968155687e-07
12,10,2,9.628805128159001e-05
12,10,3,0.00014668158837594092
12,10,4,9.175089508062229e-05
12,10,5,0.0001332602114416659
12,10,6,0.00013320347352419049
12,11,2,5.952957167210116e-07
12,11,3,0.33186858892440796
12,11,4,1.8623461528477492e-07
12,11,5,2.3218331079988275e-07
12,11,6,2.2954463929636404e-07
13,0,2,0.00012760698155034333
13,0,3,0.0001284176978515461
13,0,4,0.00012629017874132842
13,0,5,0.0001283216552110389
13,0,6,0.00012826341844629496
13,1,2,0.00013059408229310066
13,1,3,0.00012054786930093542
13,1,4,0.00010041963832918555
13,1,5,0.00012044745380990207
13,1,6,0.00012039694411214441
13,2,2,9.051294182427227e-05
13,2,3,0.00012823064753320068
13,2,4,0.00010325468610972166
13,2,5,0.00010321188165107742
13,2,6,0.00010316765838069841
13,3,2,0.00013215545914135873
13,3,3,9.979814058169723e-05
13,3,4,9.97521638055332e-05
13,3,5,9.970997780328616e-05
13,3,6,9.966499783331528e-05
13,4,2,0.6236100196838379
13,4,3,0.24079126119613647
13,4,4,2.913146204264194e-07
13,4,5,2.9699984338549257e-07
13,4,6,3.067266618472786e-07
13,5,2,0.0001167629670817405
13,5,3,0.00010585173731669784
13,5,4,0.00012024241004837677
13,5,5,0.00012018348934361711
13,5,6,0.00012012640945613384
13,6,2,0.00011752179852919653
13,6,3,0.00014049489982426167
13,6,4,0.00013240631960798055
13,6,5,0.0001323499163845554
13,6,6,0.00013229252363089472
13,7,2,0.00010883135837502778
13,7,3,0.00011459593224572018
13,7,4,0.00010646146984072402
13,7,5,0.00010641497647156939
13,7,6,0.00010636718070600182
13,8,2,0.00011906773579539731
13,8,3,0.00011085979349445552
13,8,4,9.99496114673093e-05
13,8,5,0.00011076259397668764
13,8,6,0.00011072018969571218
13,9,2,0.00011464464478194714
13,9,3,0.00011356664617778733
13,9,4,0.00010171524627367035
13,9,5,0.00010172819747822359
13,9,6,0.00011000373342540115
13,10,2,9.8728334705811e-05
13,10,3,0.0001110714438254945
13,10,4,9.165214578388259e-05
13,10,5,9.162102651316673e-05
13,10,6,9.157334716292098e-05
13,11,2,0.00011369370622560382
13,11,3,0.00010575121268630028
13,11,4,0.00010978004866046831
13,11,5,0.00010973271128023043
13,11,6,0.00010967812704620883
14,0,2,0.00011307844397379085
14,0,3,0.0001080751753761433
14,0,4,9.572306589689106e-05
14,0,5,9.037327981786802e-05
14,0,6,9.564091305946931e-05
14,1,2,0.00010550685692578554
14,1,3,0.00010545829718466848
14,1,4,0.0001054124950314872
14,1,5,0.00010536497575230896
14,1,6,0.00010531846055528149
14,2,2,9.592881542630494e-05
14,2,3,8.228503429563716e-05
14,2,4,8.225002966355532e-05
14,2,5,8.221501775551587e-05
14,2,6,8.217026334023103e-05
14,3,2,9.430260979570448e-05
14,3,3,8.739789336686954e-05
14,3,4,9.499245061306283e-05
14,3,5,9.494884579908103e-05
14,3,6,9.49090244830586e-05
14,4,2,3.0100051162662567e-07
14,4,3,3.003341930707393e-07
14,4,4,3.0668007866552216e-07
14,4,5,3.1363114771920664e-07
14,4,6,3.001898107868328e-07
14,5,2,9.44463608902879e-05
14,5,3,6.810435297666118e-05
14,5,4,6.807161116739735e-05
14,5,5,6.711683818139136e-05
14,5,6,6.708729779347777e-05
14,6,2,3.0022556529729627e-07
14,6,3,3.6679332993116986e-07
14,6,4,3.801949617354694e-07
14,6,5,3.8449638850579504e-07
14,6,6,3.8554199477403017e-07
14,7,2,0.16459164023399353
14,7,3,1.629895507448964e-07
14,7,4,2.0132850409027014e-07
14,7,5,2.0501627773228392e-07
14,7,6,1.9452248523066373e-07
14,8,2,8.164519385900348e-05
14,8,3,9.093651897273958e-05
14,8,4,7.652457134099677e-05
14,8,5,8.898367377696559e-05
14,8,6,8.380351937375963e-05
14,9,2,8.08898766990751e-05
14,9,3,8.085466834018007e-05
14,9,4,8.081570558715612e-05
14,9,5,7.543029641965404e-05
14,9,6,8.074615470832214e-05
14,10,2,0.0001060136710293591
14,10,3,9.70735854934901e-05
14,10,4,0.00010215437941951677
14,10,5,0.00011180252477061003
14,10,6,0.00011175411054864526
14,11,2,9.667725680628791e-05
14,11,3,9.254505857825279e-05
14,11,4,9.250446601072326e-05
14,11,5,9.246311674360186e-05
14,11,6,9.242054511560127e-05
15,0,2,0.00012908579083159566
15,0,3,0.00014582295261789113
15,0,4,0.0001385788928018883
15,0,5,0.4747224450111389
15,0,6,6.53075801437808e-07
15,1,2,0.2534812390804291
15,1,3,1.254830692687392e-07
15,1,4,0.1105647087097168
15,1,5,0.09303825348615646
15,1,6,8.260366968215749e-08
15,2,2,9.65384315350093e-05
15,2,3,8.935831283451989e-05
15,2,4,9.19037192943506e-05
15,2,5,8.928858005674556e-05
15,2,6,0.00010029877012129873
15,3,2,0.00010152628965443
15,3,3,0.00010148245928576216
15,3,4,9.97223614831455e-05
15,3,5,9.967913501895964e-05
15,3,6,9.963892080122605e-05
15,4,2,5.17745945671777e-07
15,4,3,5.352795824364875e-07
15,4,4,5.590962359747209e-07
15,4,5,5.797065227852727e-07
15,4,6,5.792069828203239e-07
15,5,2,4.6568877110075846e-07
15,5,3,4.6245227736108063e-07
15,5,4,4.1934504224627744e-07
15,5,5,4.146007199778978e-07
15,5,6,4.226331498102809e-07
15,6,2,0.00011140404967591166
15,6,3,0.0001119935986935161
15,6,4,0.00010484819358680397
15,6,5,0.00010480282071512192
15,6,6,0.00010475293674971908
15,7,2,8.516334492014721e-05
15,7,3,8.7847096438054e-05
15,7,4,8.380965300602838e-05
15,7,5,9.223238885169849e-05
15,7,6,8.374411117983982e-05
15,8,2,0.00011850710870930925
15,8,3,0.00011845404515042901
15,8,4,0.00011840047955047339
15,8,5,0.00011834982433356345
15,8,6,0.00011829347931779921
15,9,2,0.3353836238384247
15,9,3,2.110009518219158e-07
15,9,4,2.1366902558384027e-07
15,9,5,0.1646762490272522
15,9,6,1.796212529825425e-07
15,10,2,4.361247931683465e-07
15,10,3,4.725484643586242e-07
15,10,4,3.5460163871903205e-07
15,10,5,4.788083742823801e-07
15,10,6,3.538652606493997e-07
15,11,2,0.00012159917241660878
15,11,3,9.998141467804089e-05
15,11,4,9.863090235739946e-05
15,11,5,0.476881206035614
15,11,6,3.378944484211388e-07
16,0,2,0.00011701068433467299
16,0,3,0.00011695656576193869
16,0,4,0.00010478279000381008
16,0,5,0.00010473392467247322
16,0,6,0.00010468919936101884
16,1,2,0.0001340199523838237
16,1,3,0.00013396468420978636
16,1,4,0.00013390069943852723
16,1,5,0.00013384212797973305
16,1,6,0.00013377775030676275
16,2,2,9.806794696487486e-05
16,2,3,0.00010179175296798348
16,2,4,0.00010174404451390728
16,2,5,0.00010170125460717827
16,2,6,0.0001016576643451117
16,3,2,8.910302130971104e-05
16,3,3,9.505300113232806e-05
16,3,4,9.500968008069322e-05
16,3,5,9.496972052147612e-05
16,3,6,9.492423123447224e-05
16,4,2,6.888630741741508e-05
16,4,3,6.884572940180078e-05
16,4,4,6.882016168674454e-05
16,4,5,6.879007560200989e-05
16,4,6,6.875413237139583e-05
16,5,2,7.2055212513078e-05
16,5,3,7.202260167105123e-05
16,5,4,7.1991904405877e-05
16,5,5,7.195947546279058e-05
16,5,6,7.192564953584224e-05
16,6,2,0.00013826365466229618
16,6,3,0.00013779962318949401
16,6,4,0.00013772481179330498
16,6,5,0.00013766379561275244
16,6,6,0.00013760614092461765
16,7,2,0.00010904371447395533
16,7,3,0.00011103279393864796
16,7,4,0.00011098336835857481
16,7,5,0.00011093393550254405
16,7,6,0.00011088380415458232
16,8,2,8.905384311219677e-05
16,8,3,8.901175169739872e-05
16,8,4,8.897261432139203e-05
16,8,5,8.893498306861147e-05
16,8,6,8.889314631232992e-05
16,9,2,0.00011889265442732722
16,9,3,0.00011883951083291322
16,9,4,0.00011878647637786344
16,9,5,0.000118735057185404
16,9,6,0.00011868287401739508
16,10,2,0.00011918008385691792
16,10,3,0.00012469304783735424
16,10,4,0.00012464320752769709
16,10,5,0.00012457995035219938
16,10,6,0.00012452923692762852
16,11,2,0.00011912365880561993
16,11,3,0.00011907960288226604
16,11,4,0.00011902184633072466
16,11,5,0.0001189665199490264
16,11,6,0.00011891961185028777
17,0,2,0.00012143022468080744
17,0,3,0.00010477864998392761
17,0,4,0.00010473439033376053
17,0,5,0.00010468828259035945
17,0,6,0.00010463775106472895
17,1,2,0.22386407852172852
17,1,3,2.0665011390974541e-07
17,1,4,0.15701596438884735
17,1,5,1.2971429441677174e-07
17,1,6,0.06720460951328278
17,2,2,6.94172122166492e-05
17,2,3,8.281048212666065e-05
17,2,4,8.935726509662345e-05
17,2,5,8.93374890438281e-05
17,2,6,8.929236355470493e-05
17,3,2,0.0001660417183302343
17,3,3,0.00012397470709402114
17,3,4,0.00012391996278893203
17,3,5,0.00011434167390689254
17,3,6,0.00012381322449073195
17,4,2,0.00011724287469405681
17,4,3,0.00011719005124177784
17,4,4,0.00011713602725649253
17,4,5,0.00011006405838998035
17,4,6,0.00012365932343527675
17,5,2,8.150934445438907e-05
17,5,3,9.452581434743479e-05
17,5,4,0.00010868992103496566
17,5,5,0.00010276664397679269
17,5,6,0.00011910407920368016
17,6,2,0.00010683244909159839
17,6,3,0.49411001801490784
17,6,4,9.290133995421002e-09
17,6,5,6.287754761302722e-09
17,6,6,3.0759946412217687e-07
17,7,2,0.443740576505661
17,7,3,2.500672167116136e-07
17,7,4,2.3166910523286788e-07
17,7,5,2.4785515506664524e-07
17,7,6,2.4551911792514147e-07
17,8,2,8.576675463700667e-05
17,8,3,7.449362601619214e-05
17,8,4,7.82121715019457e-05
17,8,5,7.818605081411079e-05
17,8,6,7.814400305505842e-05
17,9,2,0.0001621382834855467
17,9,3,0.00017362511425744742
17,9,4,0.0001735578989610076
17,9,5,0.0001513385504949838
17,9,6,0.00018035754328593612
17,10,2,7.545937137365399e-07
17,10,3,3.6224932387085573e-07
17,10,4,3.5620595895125007e-07
17,10,5,3.851043288705114e-07
17,10,6,3.9647866856284963e-07
17,11,2,6.895884894220217e-07
17,11,3,6.189430905578774e-07
17,11,4,5.521811203834659e-07
17,11,5,5.271149348118342e-07
17,11,6,5.335037940312759e-07
18,0,2,9.985430369852111e-05
18,0,3,9.980886534322053e-05
18,0,4,9.976336878025904e-05
18,0,5,9.972192492568865e-05
18,0,6,9.967241931008175e-05
18,1,2,0.0001223580475198105
18,1,3,9.751872130436823e-05
18,1,4,9.634948219172657e-05
18,1,5,9.433002560399473e-05
18,1,6,9.739992674440145e-05
18,2,2,8.495508518535644e-05
18,2,3,8.492005872540176e-05
18,2,4,8.487988088745624e-05
18,2,5,8.484386489726603e-05
18,2,6,8.744103251956403e-05
18,3,2,7.615730282850564e-05
18,3,3,9.909697837429121e-05
18,3,4,7.794847624609247e-05
18,3,5,8.431282913079485e-05
18,3,6,6.99609809089452e-05
18,4,2,0.00011561426072148606
18,4,3,0.0001155644713435322
18,4,4,0.0001092093953047879
18,4,5,0.0001557857176521793
18,4,6,0.00015572345000691712
18,5,2,0.00013384701742324978
18,5,3,0.00010073358862427995
18,5,4,8.40269640320912e-05
18,5,5,7.728859054623172e-05
18,5,6,8.395857730647549e-05
18,6,2,9.76534211076796e-05
18,6,3,9.658747148932889e-05
18,6,4,9.707988647278398e-05
18,6,5,9.740157838677987e-05
18,6,6,9.495720587437972e-05
18,7,2,0.00011785713286371902
18,7,3,0.00015846440510358661
18,7,4,0.0001610448962310329
18,7,5,0.00014823289529886097
18,7,6,0.00010739624121924862
18,8,2,0.00011090518091805279
18,8,3,0.00011085577716585249
18,8,4,0.00011081001866841689
18,8,5,0.00011075793736381456
18,8,6,0.00011071011249441653
18,9,2,8.876813808456063e-05
18,9,3,8.110678754746914e-05
18,9,4,8.106353925541043e-05
18,9,5,8.103508298518136e-05
18,9,6,8.696947043063119e-05
18,10,2,8.971985516836867e-05
18,10,3,7.323830504901707e-05
18,10,4,0.00010008675599237904
18,10,5,8.205776248360053e-05
18,10,6,8.432440517935902e-05
18,11,2,4.907366815132264e-07
18,11,3,4.187768354313448e-07
18,11,4,4.940232543049206e-07
18,11,5,4.948080913891317e-07
18,11,6,4.98251438330044e-07
19,0,2,0.0001076298940461129
19,0,3,0.00010757579002529383
19,0,4,0.00010753478272818029
19,0,5,9.86679078778252e-05
19,0,6,0.00010744516475824639
19,1,2,0.3169052302837372
19,1,3,1.46485902519089e-07
19,1,4,0.15105696022510529
19,1,5,1.4540192694312282e-07
19,1,6,8.566340881088763e-08
19,2,2,9.49007153394632e-05
19,2,3,8.426932618021965e-05
19,2,4,9.302514081355184e-05
19,2,5,8.613451791461557e-05
19,2,6,8.64679241203703e-05
19,3,2,0.00010193307389272377
19,3,3,0.00010292384831700474
19,3,4,9.928532381309196e-05
19,3,5,0.00010112464951816946
19,3,6,9.57251395448111e-05
19,4,2,7.587605796288699e-05
19,4,3,7.753475802019238e-05
19,4,4,7.750750228296965e-05
19,4,5,7.746554911136627e-05
19,4,6,7.743654714431614e-05
19,5,2,0.00010863870556931943
19,5,3,0.0001370118698105216
19,5,4,0.0001218809193233028
19,5,5,0.00010850353282876313
19,5,6,0.00010845367069123313
19,6,2,0.1819460541009903
19,6,3,0.10231846570968628
19,6,4,0.0637454092502594
19,6,5,4.399559827561461e-08
19,6,6,4.32574900344207e-08
19,7,2,0.00016215677896980196
19,7,3,8.6817832197994e-05
19,7,4,8.677950245328248e-05
19,7,5,9.23129337024875e-05
19,7,6,9.226710244547576e-05
19,8,2,9.487503848504275e-05
19,8,3,9.65031940722838e-05
19,8,4,9.712678729556501e-05
19,8,5,9.300917736254632e-05
19,8,6,0.00011235782585572451
19,9,2,0.00011576175165828317
19,9,3,0.00010656263475539163
19,9,4,0.0001156615253421478
19,9,5,0.00011609152716118842
19,9,6,0.0001147466609836556
19,10,2,0.33470216393470764
19,10,3,2.0083061258446833e-07
19,10,4,2.302543009591318e-07
19,10,5,2.314315992180127e-07
19,10,6,2.4860420921868354e-07
19,11,2,4.95546316869877e-07
19,11,3,5.093287427371251e-07
19,11,4,5.500611450770521e-07
19,11,5,4.780625317835074e-07
19,11,6,5.059875434199057e-07
20,0,2,0.0001375844149151817
20,0,3,0.00011470954632386565
20,0,4,0.00011465598799986765
20,0,5,0.00011460397945484146
20,0,6,0.00011717738379957154
20,1,2,0.00013287912588566542
20,1,3,0.0001367558288620785
20,1,4,0.00011363256635377184
20,1,5,0.00011358834308339283
20,1,6,0.00011353481386322528
20,2,2,0.00011609985085669905
20,2,3,0.00011605148029047996
20,2,4,0.00011599702702369541
20,2,5,0.00011594522220548242
20,2,6,0.00011589452333282679
20,3,2,0.00011502161214593798
20,3,3,0.00011922430712729692
20,3,4,0.00013020652113482356
20,3,5,0.00013014490832574666
20,3,6,0.00013009087706450373
20,4,2,0.00012352406338322908
20,4,3,0.00010970563016599044
20,4,4,7.22806726116687e-05
20,4,5,7.224969158414751e-05
20,4,6,7.221775013022125e-05
20,5,2,4.2991419491045235e-07
20,5,3,4.992957087779359e-07
20,5,4,5.086287160338543e-07
20,5,5,5.080143523628067e-07
20,5,6,5.131188913765072e-07
20,6,2,5.675579473063408e-07
20,6,3,5.089614774078655e-07
20,6,4,4.176553716206399e-07
20,6,5,4.201949366233748e-07
20,6,6,4.169018836819305e-07
20,7,2,0.0001286273036384955
20,7,3,0.00012403680011630058
20,7,4,0.00012397988757584244
20,7,5,0.0001239306147908792
20,7,6,0.00013236654922366142
20,8,2,0.0001108971337089315
20,8,3,0.00011256690777372569
20,8,4,0.000112514739157632
20,8,5,0.00011246404028497636
20,8,6,0.00011241481843171641
20,9,2,0.00011061008262913674
20,9,3,0.00012791328481398523
20,9,4,0.0001265938626602292
20,9,5,0.00013314148236531764
20,9,6,0.0001189418399007991
20,10,2,0.3237774968147278
20,10,3,1.4035693141067895e-07
20,10,4,1.5282866172583454e-07
20,10,5,0.15807799994945526
20,10,6,1.6863391749666334e-07
20,11,2,0.00013524325913749635
20,11,3,0.00014156104589346796
20,11,4,0.00012982203043065965
20,11,5,0.00012976504513062537
20,11,6,0.00011779162014136091
21,0,2,0.6025987267494202
21,0,3,6.871641176076082e-07
21,0,4,4.580238055496011e-07
21,0,5,4.621110463176592e-07
21,0,6,3.806110555615305e-07
21,1,2,0.23516760766506195
21,1,3,0.11905312538146973
21,1,4,0.06306707859039307
21,1,5,0.05298413336277008
21,1,6,0.056334879249334335
21,2,2,8.164034807123244e-05
21,2,3,8.161070581991225e-05
21,2,4,8.156965486705303e-05
21,2,5,8.153980161296204e-05
21,2,6,8.149824134306982e-05
21,3,2,9.718474029796198e-05
21,3,3,0.00010647063027136028
21,3,4,0.0001090263613150455
21,3,5,0.0001089753131964244
21,3,6,0.00010846179065993056
21,4,2,5.837707135469827e-07
21,4,3,0.38729557394981384
21,4,4,1.71774814816672e-07
21,4,5,1.706251993027763e-07
21,4,6,0.13356676697731018
21,5,2,9.533960110275075e-05
21,5,3,9.31114045670256e-05
21,5,4,9.306564606959e-05
21,5,5,9.302882972406223e-05
21,5,6,9.298367513110861e-05
21,6,2,0.42690664529800415
21,6,3,3.5984541568723216e-07
21,6,4,3.5691104471879953e-07
21,6,5,3.588710910662485e-07
21,6,6,3.5585156865636236e-07
21,7,2,6.812900892327889e-07
21,7,3,6.441928803724295e-07
21,7,4,6.452566481129907e-07
21,7,5,6.473130156336993e-07
21,7,6,6.438859259105811e-07
21,8,2,0.000109166452602949
21,8,3,8.284805517178029e-05
21,8,4,7.805493078194559e-05
21,8,5,7.802509207976982e-05
21,8,6,7.799024024279788e-05
21,9,2,5.746311444454477e-07
21,9,3,5.027918064115511e-07
21,9,4,6.652184083577595e-07
21,9,5,6.681110562567483e-07
21,9,6,6.68933637371083e-07
21,10,2,0.37012380361557007
21,10,3,0.27219581604003906
21,10,4,2.1765890778624453e-07
21,10,5,2.1702516050936538e-07
21,10,6,1.617114975260847e-07
21,11,2,0.3412277400493622
21,11,3,0.15971872210502625
21,11,4,1.4580689366994193e-07
21,11,5,0.14019536972045898
21,11,6,1.2097608248495817e-07
22,0,2,7.574235496576875e-05
22,0,3,8.473502384731546e-05
22,0,4,0.3590201735496521
22,0,5,2.3090778711321036e-07
22,0,6,3.1196788086162996e-07
22,1,2,0.00011229935626033694
22,1,3,0.49080491065979004
22,1,4,5.359755732570193e-07
22,1,5,4.815325382878655e-07
22,1,6,4.806477136298781e-07
22,2,2,7.051521970424801e-05
22,2,3,7.048679981380701e-05
22,2,4,7.045375241432339e-05
22,2,5,6.721656245645136e-05
22,2,6,7.039593037916347e-05
22,3,2,4.403925402129971e-07
22,3,3,5.340257871466747e-07
22,3,4,5.000219402973016e-07
22,3,5,5.397470204115962e-07
22,3,6,3.316485504001321e-07
22,4,2,0.49839213490486145
22,4,3,0.2351464480161667
22,4,4,3.361017775205255e-07
22,4,5,3.074665642088803e-07
22,4,6,3.0020629537830246e-07
22,5,2,7.294618990272284e-05
22,5,3,7.059222116367891e-05
22,5,4,6.807935278629884e-05
22,5,5,6.805093289585784e-05
22,5,6,6.801444396842271e-05
22,6,2,5.93800052683946e-07
22,6,3,0.3547736406326294
22,6,4,1.61071241677746e-07
22,6,5,1.616332383491681e-07
22,6,6,1.8185463090958365e-07
22,7,2,0.5069098472595215
22,7,3,0.1567436158657074
22,7,4,2.3312541941322706e-07
22,7,5,2.1830027208125102e-07
22,7,6,2.093724305041178e-07
22,8,2,3.755997681764711e-07
22,8,3,0.2940368354320526
22,8,4,2.3636627588530246e-07
22,8,5,1.7971852628306806e-07
22,8,6,1.8914069244146958e-07
22,9,2,3.6775099943042733e-07
22,9,3,4.827908242077683e-07
22,9,4,4.417752847984957e-07
22,9,5,4.7349689680231677e-07
22,9,6,4.625433120963862e-07
22,10,2,0.3312987685203552
22,10,3,3.248846098813374e-07
22,10,4,3.681065834371111e-07
22,10,5,3.0655638738608104e-07
22,10,6,3.3584362313376914e-07
22,11,2,0.324034184217453
22,11,3,1.5747527015719243e-07
22,11,4,0.14429199695587158
22,11,5,1.0294152730239148e-07
22,11,6,1.1440184977118406e-07
23,0,2,0.00010170359018957242
23,0,3,7.849022222217172e-05
23,0,4,9.072560351341963e-05
23,0,5,9.970574319595471e-05
23,0,6,0.00010189638123847544
23,1,2,0.6022340655326843
23,1,3,0.33064016699790955
23,1,4,1.9606518719683663e-07
23,1,5,0.18590888381004333
23,1,6,0.10639778524637222
23,2,2,0.35715052485466003
23,2,3,4.05594818175814e-07
23,2,4,5.430809437712014e-07
23,2,5,5.465612957777921e-07
23,2,6,5.800671374345256e-07
23,3,2,4.2823819512705086e-07
23,3,3,4.96383904646791e-07
23,3,4,5.082443976789364e-07
23,3,5,4.880376991422963e-07
23,3,6,4.856265150010586e-07
23,4,2,0.00011873091716552153
23,4,3,0.0001209472247865051
23,4,4,0.46370041370391846
23,4,5,6.992850671849737e-07
23,4,6,6.946915505068318e-07
23,5,2,0.0001083075549104251
23,5,3,9.826041059568524e-05
23,5,4,8.389709546463564e-05
23,5,5,9.032298112288117e-05
23,5,6,8.277981396531686e-05
23,6,2,0.3056519329547882
23,6,3,2.239571017526032e-07
23,6,4,2.091328497044742e-07
23,6,5,2.4874586301848467e-07
23,6,6,2.408246757568122e-07
23,7,2,0.2811257839202881
23,7,3,2.545040729273751e-07
23,7,4,2.5933789515875105e-07
23,7,5,2.5890051347232657e-07
23,7,6,2.470570734658395e-07
23,8,2,0.00012650601274799556
23,8,3,9.335498180007562e-05
23,8,4,0.00017549924086779356
23,8,5,0.00013700862473342568
23,8,6,0.00014611445658374578
23,9,2,0.2740139365196228
23,9,3,0.2021266222000122
23,9,4,1.361387660381297e-07
23,9,5,1.1573563085676142e-07
23,9,6,1.3925348696375295e-07
23,10,2,0.47660592198371887
23,10,3,5.211217626310827e-07
23,10,4,0.3053930997848511
23,10,5,1.8749430807929457e-07
23,10,6,1.943727880870938e-07
23,11,2,0.3569923937320709
23,11,3,4.0091234154715494e-07
23,11,4,3.8338322383424384e-07
23,11,5,4.204924550776923e-07
23,11,6,4.243606781528797e-07
24,0,2,3.960024343996338e-07
24,0,3,4.855049269281153e-07
24,0,4,4.852661277254811e-07
24,0,5,4.865255505137611e-07
24,0,6,4.838165637011116e-07
24,1,2,0.00010580915113678202
24,1,3,0.00011676620488287881
24,1,4,0.00011671231186483055
24,1,5,0.00011666210048133507
24,1,6,0.00010033149010268971
24,2,2,8.226888894569129e-05
24,2,3,7.606274448335171e-05
24,2,4,7.602483674418181e-05
24,2,5,7.599315722472966e-05
24,2,6,7.5961223046761e-05
24,3,2,9.338246309198439e-05
24,3,3,8.7452404841315e-05
24,3,4,9.474608668824658e-05
24,3,5,9.161053458228707e-05
24,3,6,9.156628948403522e-05
24,4,2,9.88429892458953e-05
24,4,3,7.754054968245327e-05
24,4,4,7.749904762022197e-05
24,4,5,7.746703340671957e-05
24,4,6,7.743448804831132e-05
24,5,2,9.696055349195376e-05
24,5,3,9.330734610557556e-05
24,5,4,9.771520126378164e-05
24,5,5,9.766433504410088e-05
24,5,6,9.762979607330635e-05
24,6,2,0.00010877137538045645
24,6,3,0.00011514819198055193
24,6,4,0.00011509736941661686
24,6,5,0.00011504603753564879
24,6,6,0.00011499468382680789
24,7,2,0.0001464993692934513
24,7,3,9.536990546621382e-05
24,7,4,0.00010509718413231894
24,7,5,8.85704139363952e-05
24,7,6,8.852627797750756e-05
24,8,2,0.000107612919236999
24,8,3,0.00011628041829681024
24,8,4,0.00010320517321815714
24,8,5,9.909262735163793e-05
24,8,6,0.00010311295773135498
24,9,2,9.120439062826335e-05
24,9,3,8.426939893979579e-05
24,9,4,8.766553219174966e-05
24,9,5,8.762855577515438e-05
24,9,6,8.758992044022307e-05
24,10,2,0.0001367936929455027
24,10,3,0.00013673363719135523
24,10,4,0.00013667234452441335
24,10,5,0.0001366111682727933
24,10,6,0.00013655035581905395
24,11,2,0.00013194620260037482
24,11,3,0.0001168242160929367
24,11,4,0.000127528328448534
24,11,5,0.0001293402601731941
24,11,6,0.0001292943488806486
25,0,2,0.00011785518290707842
25,0,3,0.00012525415513664484
25,0,4,0.00012520085147116333
25,0,5,0.0001251424109796062
25,0,6,0.00012508712825365365
25,1,2,9.43354461924173e-05
25,1,3,9.181265340885147e-05
25,1,4,9.934119589161128e-05
25,1,5,9.173830767394975e-05
25,1,6,9.926294296747074e-05
25,2,2,9.583783685229719e-05
25,2,3,9.57893644226715e-05
25,2,4,9.575366857461631e-05
25,2,5,9.571191912982613e-05
25,2,6,9.565750951878726e-05
25,3,2,0.0001062629817170091
25,3,3,0.00012329049059189856
25,3,4,0.00012693302414845675
25,3,5,0.00012687529670074582
25,3,6,0.0001268195192096755
25,4,2,6.886558549012989e-05
25,4,3,6.884056347189471e-05
25,4,4,6.881190347485244e-05
25,4,5,6.877692794660106e-05
25,4,6,6.874849350424483e-05
25,5,2,8.557241380913183e-05
25,5,3,8.412529132328928e-05
25,5,4,8.381868246942759e-05
25,5,5,8.378009079024196e-05
25,5,6,8.374578465009108e-05
25,6,2,9.224482346326113e-05
25,6,3,0.44447818398475647
25,6,4,6.193674906285196e-09
25,6,5,1.9851241006563214e-07
25,6,6,1.8741832263913238e-07
25,7,2,7.603987614857033e-05
25,7,3,7.601392280776054e-05
25,7,4,7.598029333166778e-05
25,7,5,7.594139606226236e-05
25,7,6,7.590717723360285e-05
25,8,2,8.56382175697945e-05
25,8,3,9.846135799307376e-05
25,8,4,9.842081635724753e-05
25,8,5,0.00010410992399556562
25,8,6,0.000104062411992345
25,9,2,9.613612201064825e-05
25,9,3,0.0001165877329185605
25,9,4,9.21852479223162e-05
25,9,5,9.214402962243184e-05
25,9,6,9.210438292939216e-05
25,10,2,7.96534659457393e-05
25,10,3,9.026657789945602e-05
25,10,4,0.00010150595335289836
25,10,5,8.739295299164951e-05
25,10,6,0.00011550362251000479
25,11,2,7.411043770844117e-05
25,11,3,8.083123248070478e-05
25,11,4,8.078513928921893e-05
25,11,5,8.075909863691777e-05
25,11,6,8.071748743532225e-05
26,0,2,9.864515595836565e-05
26,0,3,0.00010735379328252748
26,0,4,0.0001099096261896193
26,0,5,0.0001098618158721365
26,0,6,0.00010980922525050119
26,1,2,3.1334886330114387e-07
26,1,3,3.1310179338106536e-07
26,1,4,3.138186173146096e-07
26,1,5,3.127295826743648e-07
26,1,6,3.122869713934051e-07
26,2,2,0.00012672104639932513
26,2,3,0.00012666168913710862
26,2,4,0.00012660522770602256
26,2,5,0.00012654863530769944
26,2,6,0.00012649466225411743
26,3,2,9.721239621285349e-05
26,3,3,9.717029024614021e-05
26,3,4,0.00010184109123656526
26,3,5,0.00010179556556977332
26,3,6,0.00010174862836720422
26,4,2,7.756280683679506e-05
26,4,3,6.31277944194153e-05
26,4,4,7.750160875730217e-05
26,4,5,7.74643340264447e-05
26,4,6,7.743296737316996e-05
26,5,2,8.745532250031829e-05
26,5,3,8.190250810002908e-05
26,5,4,8.186128252418712e-05
26,5,5,8.182742021745071e-05
26,5,6,8.179127326002344e-05
26,6,2,4.036713789901114e-07
26,6,3,4.6506747253260983e-07
26,6,4,5.874570092601061e-07
26,6,5,5.100655471323989e-07
26,6,6,5.148509671926149e-07
26,7,2,7.490099233109504e-05
26,7,3,7.602558616781607e-05
26,7,4,7.597960939165205e-05
26,7,5,7.594613271066919e-05
26,7,6,7.59270551498048e-05
26,8,2,0.00011688406084431335
26,8,3,9.818987018661574e-05
26,8,4,0.00011381811782484874
26,8,5,0.00011735455336747691
26,8,6,0.00011730558617273346
26,9,2,3.2139524819285725e-07
26,9,3,0.25126683712005615
26,9,4,1.211677442825021e-07
26,9,5,0.0924316793680191
26,9,6,8.951747076935135e-08
26,10,2,8.106012683128938e-05
26,10,3,8.101848652586341e-05
26,10,4,7.304623431991786e-05
26,10,5,7.802471372997388e-05
26,10,6,0.3546030521392822
26,11,2,0.2108752280473709
26,11,3,0.14229978621006012
26,11,4,0.06725051999092102
26,11,5,7.853950023672951e-08
26,11,6,5.064343966409979e-08
27,0,2,0.00010790133819682524
27,0,3,0.0001097560889320448
27,0,4,0.00010200801625614986
27,0,5,0.00010195712820859626
27,0,6,0.00010191983892582357
27,1,2,5.218192882239236e-07
27,1,3,4.601454293151619e-07
27,1,4,4.896017458122515e-07
27,1,5,4.988187356502749e-07
27,1,6,4.917660021419579e-07
27,2,2,0.00010115830082213506
27,2,3,9.580540063325316e-05
27,2,4,9.576340380590409e-05
27,2,5,9.572706767357886e-05
27,2,6,9.568077803123742e-05
27,3,2,0.00015210964193101972
27,3,3,0.00011351131252013147
27,3,4,9.959378803614527e-05
27,3,5,9.954387496691197e-05
27,3,6,9.950633102562279e-05
27,4,2,0.0001504330721218139
27,4,3,0.00015028695634100586
27,4,4,0.00014817234477959573
27,4,5,0.0001481074868934229
27,4,6,0.0001480419741710648
27,5,2,5.75030412619526e-07
27,5,3,6.060036525923351e-07
27,5,4,5.642118594550993e-07
27,5,5,5.696987841474765e-07
27,5,6,5.781041636510054e-07
27,6,2,5.306836783347535e-07
27,6,3,0.4086190164089203
27,6,4,2.3039717689243844e-07
27,6,5,2.385185098319198e-07
27,6,6,2.386488233696582e-07
27,7,2,0.00012496966519393027
27,7,3,0.00011639051081147045
27,7,4,0.0001293411769438535
27,7,5,0.0001292866509174928
27,7,6,0.00012922358291689306
27,8,2,0.00011483321577543393
27,8,3,0.00011221133900107816
27,8,4,0.00011216686107218266
27,8,5,0.00010709415801102296
27,8,6,0.00010703680891310796
27,9,2,0.00010908280819421634
27,9,3,9.90332046058029e-05
27,9,4,0.00012713661999441683
27,9,5,0.00011343999358359724
27,9,6,0.00011338912008795887
27,10,2,0.00013674056390300393
27,10,3,0.00010022015339927748
27,10,4,0.00011312034621369094
27,10,5,0.00011884337436640635
27,10,6,0.00011471147445263341
27,11,2,8.413873001700267e-05
27,11,3,0.00010033670696429908
27,11,4,9.456563566345721e-05
27,11,5,0.00010835000284714624
27,11,6,0.00012839191185776144
28,0,2,0.00012789928587153554
28,0,3,0.00011181482841493562
28,0,4,9.943608893081546e-05
28,0,5,0.00012178033648524433
28,0,6,0.00011102983262389898
28,1,2,0.00012689658615272492
28,1,3,0.00012756693467963487
28,1,4,0.00012038807471981272
28,1,5,0.00012093057739548385
28,1,6,0.00011606251064222306
28,2,2,0.00010927703260676935
28,2,3,8.197173156077042e-05
28,2,4,9.943500481313094e-05
28,2,5,9.424084419151768e-05
28,2,6,0.0001166925358120352
28,3,2,0.00015081919264048338
28,3,3,0.00012932223035022616
28,3,4,0.000150935142301023
28,3,5,0.0001084892064682208
28,3,6,0.00010843545169336721
28,4,2,7.414360879920423e-05
28,4,3,7.64982687542215e-05
28,4,4,6.309663149295375e-05
28,4,5,6.880171713419259e-05
28,4,6,6.877474515931681e-05
28,5,2,0.5620638132095337
28,5,3,5.778883291895909e-07
28,5,4,6.215528856046149e-07
28,5,5,6.233918838915997e-07
28,5,6,6.455337029365182e-07
28,6,3,0.2194734364748001
28,6,4,2.7890590104107105e-07
28,6,5,2.917736878771393e-07
28,6,6,3.7437175137711165e-07
28,7,2,0.25399354100227356
28,7,3,1.4514714052893396e-07
28,7,4,1.7284190789723652e-07
28,7,5,1.7389450590599154e-07
28,7,6,0.1279061883687973
28,8,2,0.00010481364734005183
28,8,3,0.00011640693264780566
28,8,4,9.095716814044863e-05
28,8,5,9.302345279138535e-05
28,8,6,0.00011786014511017129
28,9,2,0.3376588225364685
28,9,3,2.2892552919984155e-07
28,9,4,2.399966092525574e-07
28,9,5,2.077485845575211e-07
28,9,6,2.0395326316702267e-07
28,10,2,0.00010895211744355038
28,10,3,0.00010017482418334112
28,10,4,0.00013814654084853828
28,10,5,0.00011773650476243347
28,10,6,0.0001406784722348675
28,11,2,4.546419063444773e-07
28,11,3,6.332395514618838e-07
28,11,4,0.3876657783985138
28,11,5,2.159529657319581e-07
28,11,6,1.8266619861151412e-07
29,0,2,4.418632499891828e-07
29,0,3,4.972809506398335e-07
29,0,4,5.511544713954208e-07
29,0,5,5.50408685739967e-07
29,0,6,5.517202339433425e-07
29,1,2,5.779249931947561e-07
29,1,3,5.796641744382214e-07
29,1,4,5.780929654974898e-07
29,1,5,5.798027018499852e-07
29,1,6,5.831341240991605e-07
29,2,2,9.57017982727848e-05
29,2,3,9.565772779751569e-05
29,2,4,9.561790648149326e-05
29,2,5,9.557251178193837e-05
29,2,6,9.553047129884362e-05
29,3,2,9.987371595343575e-05
29,3,3,9.941540338331833e-05
29,3,4,9.93700887192972e-05
29,3,5,9.931989188771695e-05
29,3,6,9.928373765433207e-05
29,4,2,8.03387665655464e-05
29,4,3,6.886380288051441e-05
29,4,4,6.882831803523004e-05
29,4,5,6.880267756059766e-05
29,4,6,6.876709085190669e-05
29,5,2,6.922772445250303e-05
29,5,3,6.956773722777143e-05
29,5,4,7.869785622460768e-05
29,5,5,7.866123632993549e-05
29,5,6,7.862833444960415e-05
29,6,2,4.7316018481069477e-07
29,6,3,5.434089871414471e-07
29,6,4,5.428298095466744e-07
29,6,5,5.473620490192843e-07
29,6,6,5.428119038697332e-07
29,7,2,9.88723841146566e-05
29,7,3,0.00010347695933887735
29,7,4,0.0001066837357939221
29,7,5,0.00010663461580406874
29,7,6,0.00010360907617723569
29,8,2,4.3458709342303337e-07
29,8,3,3.867579891903006e-07
29,8,4,3.814794808931765e-07
29,8,5,3.826831118658447e-07
29,8,6,3.5535788356355624e-07
29,9,2,0.00011888912558788434
29,9,3,0.00011884010018547997
29,9,4,0.00011878449731739238
29,9,5,0.00011873093899339437
29,9,6,0.00011553498916327953
29,10,2,7.63313946663402e-05
29,10,3,8.590070501668379e-05
29,10,4,8.257615991169587e-05
29,10,5,8.254275599028915e-05
29,10,6,8.2506361650303e-05
29,11,2,8.392998279305175e-05
29,11,3,8.033780613914132e-05
29,11,4,8.030330354813486e-05
29,11,5,8.026332943700254e-05
29,11,6,8.023048576433212e-05
30,0,2,0.00014055798237677664
30,0,3,0.00012509354564826936
30,0,4,0.00014044212002772838
30,0,5,0.0001403721107635647
30,0,6,0.00014031825412530452
30,1,2,0.00017538212705403566
30,1,3,0.00016967197007033974
30,1,4,0.00011339316552039236
30,1,5,0.0001847957755671814
30,1,6,9.713402687339112e-05
30,2,2,9.250103903468698e-05
30,2,3,6.78588476148434e-05
30,2,4,6.771509652025998e-05
30,2,5,6.768108141841367e-05
30,2,6,6.777232192689553e-05
30,3,2,4.739251551200141e-07
30,3,3,5.019598461331043e-07
30,3,4,0.3876183331012726
30,3,5,2.6441318823344773e-07
30,3,6,1.8413133773265145e-07
30,4,2,0.00010550521255936474
30,4,3,0.00010184907296206802
30,4,4,6.882719026179984e-05
30,4,5,6.879396823933348e-05
30,4,6,6.877271516714245e-05
30,5,2,7.451206329278648e-05
30,5,3,0.00012605915253516287
30,5,4,0.0001335983833996579
30,5,5,0.00011949336476391181
30,5,6,9.285984560847282e-05
30,6,2,8.55799880810082e-05
30,6,3,0.0001002860299195163
30,6,4,0.00010422859486425295
30,6,5,0.00010418133751954883
30,6,6,0.00010413343261461705
30,7,2,0.00019088467524852604
30,7,3,0.00018579668540041894
30,7,4,0.00010627415031194687
30,7,5,0.00010812767141032964
30,7,6,0.00010395306162536144
30,8,2,0.00011771405843319371
30,8,3,0.00010999800724675879
30,8,4,0.0001108243377530016
30,8,5,0.00011077670933445916
30,8,6,0.00011072988127125427
30,9,2,5.398553639679449e-07
30,9,3,8.185514843717101e-07
30,9,4,6.119512363511603e-07
30,9,5,6.192831847329217e-07
30,9,6,5.787325676465116e-07
30,10,2,0.6440640091896057
30,10,3,5.529530540115957e-07
30,10,4,7.783477826706076e-07
30,10,5,7.798446972628881e-07
30,10,6,7.79945594331366e-07
30,11,2,0.00010723857121774927
30,11,3,9.730174497235566e-05
30,11,4,0.00011659292067633942
30,11,5,0.00012066527415299788
30,11,6,0.00010807636135723442
31,0,2,0.0001128710646298714
31,0,3,0.00011874964548042044
31,0,4,0.00011869772424688563
31,0,5,0.00011864260886795819
31,0,6,0.0001185910587082617
31,1,2,3.120123324151791e-07
31,1,3,2.998628758632549e-07
31,1,4,3.19138422355536e-07
31,1,5,3.112056674581254e-07
31,1,6,3.151123166844627e-07
31,2,2,0.00012547144433483481
31,2,3,0.00012541429896373302
31,2,4,0.00012535812857095152
31,2,5,0.00012530441745184362
31,2,6,0.00012524765043053776
31,3,2,5.127113809066941e-07
31,3,3,5.063905632596288e-07
31,3,4,5.823820856676321e-07
31,3,5,5.815027748212742e-07
31,3,6,5.773493967353716e-07
31,4,2,9.002425940707326e-05
31,4,3,7.494233432225883e-05
31,4,4,6.884347385494038e-05
31,4,5,6.88167565385811e-05
31,4,6,6.878234853502363e-05
31,5,2,8.414894546149299e-05
31,5,3,7.089873543009162e-05
31,5,4,0.00010834973363671452
31,5,5,0.00010517640475882217
31,5,6,0.00010512379958527163
31,6,2,9.134434367297217e-05
31,6,3,0.00011945388541789725
31,6,4,0.43517008423805237
31,6,5,4.5850163132854505e-07
31,6,6,4.864045308750065e-07
31,7,2,0.2775672674179077
31,7,3,2.3857043629504915e-07
31,7,4,2.3727919540306175e-07
31,7,5,2.3720113517811114e-07
31,7,6,2.3357914358257403e-07
31,8,2,0.0001108852302422747
31,8,3,0.00011084011930506676
31,8,4,0.0001107870411942713
31,8,5,0.00011073797213612124
31,8,6,0.00011069275933550671
31,9,2,0.00010533146996749565
31,9,3,0.00010809444211190566
31,9,4,0.46986740827560425
31,9,5,8.945368890067584e-09
31,9,6,3.2531889360143396e-07
31,10,2,0.16815216839313507
31,10,3,1.312740778303123e-07
31,10,4,1.1680737799224516e-07
31,10,5,1.3126364706295135e-07
31,10,6,1.7633931292948546e-07
31,11,2,4.7464715180467465e-07
31,11,3,4.0433960180052964e-07
31,11,4,4.0003149592848786e-07
31,11,5,3.979428129241569e-07
31,11,6,4.0328822592528013e-07
32,0,2,7.842380728106946e-05
32,0,3,8.794628956820816e-05
32,0,4,9.618086914997548e-05
32,0,5,9.61437908699736e-05
32,0,6,9.46091313380748e-05
32,1,2,9.993465937441215e-05
32,1,3,9.728599980007857e-05
32,1,4,0.4714009761810303
32,1,5,5.417399506768561e-07
32,1,6,4.83850271848496e-07
32,2,2,6.84493497828953e-05
32,2,3,7.753570389468223e-05
32,2,4,6.839298293925822e-05
32,2,5,6.83712205500342e-05
32,2,6,6.832959479652345e-05
32,3,2,0.48730841279029846
32,3,3,5.887151246497524e-07
32,3,4,4.5769931489303417e-07
32,3,5,4.5021965888736304e-07
32,3,6,3.851919245789759e-07
32,4,2,0.00012026745389448479
32,4,3,0.00011774659651564434
32,4,4,0.5439808964729309
32,4,5,5.179792150755702e-09
32,4,6,0.10743125528097153
32,5,2,0.00011887736764037982
32,5,3,0.00011801537766586989
32,5,4,0.00010908189142355695
32,5,5,0.00010303039744030684
32,5,6,0.00010900115739786997
32,6,2,0.250364750623703
32,6,3,2.2523789766637492e-07
32,6,4,1.9292126296477363e-07
32,6,5,0.14510174095630646
32,6,6,0.1340339481830597
32,7,2,0.00011915968934772536
32,7,3,0.00012927195348311216
32,7,4,0.00012608901306521147
32,7,5,0.00014527776511386037
32,7,6,0.00014522178389597684
32,8,2,4.4510650809570507e-07
32,8,3,0.3526865541934967
32,8,4,1.7808841334954195e-07
32,8,5,1.9917648330647353e-07
32,8,6,0.17158083617687225
32,9,2,0.43179479241371155
32,9,3,4.103032154034736e-07
32,9,4,4.6430591282842215e-07
32,9,5,4.095866188436048e-07
32,9,6,5.31497391875746e-07
32,10,2,5.37429116320709e-07
32,10,3,0.32899194955825806
32,10,4,0.25405368208885193
32,10,5,0.16110195219516754
32,10,6,0.10485216975212097
32,11,2,0.24791815876960754
32,11,3,0.11847708374261856
32,11,4,1.0357982915820685e-07
32,11,5,2.5422974658795283e-07
32,11,6,0.10282804816961288
33,0,2,9.390414197696373e-05
33,0,3,8.86640846147202e-05
33,0,4,8.862115646479651e-05
33,0,5,9.538434824207798e-05
33,0,6,9.53437847783789e-05
33,1,2,0.00011554000957403332
33,1,3,0.00016096027684397995
33,1,4,0.00014341858332045376
33,1,5,0.00014702581393066794
33,1,6,0.00014696131984237581
33,2,2,9.601315832696855e-05
33,2,3,8.254624844994396e-05
33,2,4,8.251272811321542e-05
33,2,5,8.248058293247595e-05
33,2,6,8.243534102803096e-05
33,3,2,9.174532169708982e-05
33,3,3,9.268746362067759e-05
33,3,4,9.26434004213661e-05
33,3,5,0.00010111529991263524
33,3,6,9.256394696421921e-05
33,4,2,9.856972610577941e-05
33,4,3,9.852660150500014e-05
33,4,4,9.847788169281557e-05
33,4,5,9.843907173490152e-05
33,4,6,9.839281119639054e-05
33,5,2,9.578683966537938e-05
33,5,3,0.00010520342038944364
33,5,4,0.00010515580652281642
33,5,5,0.00010510565334698185
33,5,6,0.00010506394028197974
33,6,2,0.00014167174231261015
33,6,3,0.00011315391020616516
33,6,4,0.0001525988627690822
33,6,5,0.00013986827980261296
33,6,6,0.00013093835150357336
33,7,2,0.00011416670167818666
33,7,3,0.00010525596735533327
33,7,4,0.00010520975047256798
33,7,5,0.00010516253678360954
33,7,6,0.00010511621803743765
33,8,2,0.47840985655784607
33,8,3,2.764067801308556e-07
33,8,4,3.3016576139743847e-07
33,8,5,2.571898676251294e-07
33,8,6,2.724109435803257e-07
33,9,2,0.00010324694449082017
33,9,3,0.00010227189341094345
33,9,4,0.00010222334822174162
33,9,5,0.00010218129318673164
33,9,6,0.00010213276982540265
33,10,2,0.00011337461182847619
33,10,3,0.0001054059321177192
33,10,4,0.0001045672397594899
33,10,5,0.00010451954585732892
33,10,6,0.00010447020758874714
33,11,2,0.00011647585779428482
33,11,3,0.00011583360901568085
33,11,4,0.00011510355398058891
33,11,5,0.00011505238944664598
33,11,6,0.00011500118125695735
34,0,2,0.00010531392763368785
34,0,3,0.00010692411160562187
34,0,4,0.00010687419126043096
34,0,5,0.00010682912397896871
34,0,6,0.00010678109538275748
34,1,2,2.8453769118641503e-07
34,1,3,2.838221746515046e-07
34,1,4,5.062227614871517e-07
34,1,5,5.10337486048229e-07
34,1,6,5.127570261720393e-07
34,2,2,9.584434155840427e-05
34,2,3,9.579621837474406e-05
34,2,4,9.576010779710487e-05
34,2,5,9.571261762175709e-05
34,2,6,9.56704025156796e-05
34,3,2,4.2087819451808173e-07
34,3,3,4.208792176996212e-07
34,3,4,4.2313817516514973e-07
34,3,5,4.185455679817096e-07
34,3,6,4.211386794850114e-07
34,4,2,8.286448428407311e-05
34,4,3,9.725878044264391e-05
34,4,4,6.881258013891056e-05
34,4,5,6.878953718114644e-05
34,4,6,6.875374674564227e-05
34,5,2,7.49960308894515e-05
34,5,3,7.179062231443822e-05
34,5,4,7.176098733907565e-05
34,5,5,7.172852929215878e-05
34,5,6,7.169267337303609e-05
34,6,2,5.223734547143977e-07
34,6,3,4.0415238800051156e-07
34,6,4,4.024520876555471e-07
34,6,5,3.991708581452258e-07
34,6,6,4.4716088609675353e-07
34,7,2,3.557650529728562e-07
34,7,3,3.5822361610371445e-07
34,7,4,3.590040194012545e-07
34,7,5,3.583220120617625e-07
34,7,6,6.475717668763536e-07
34,8,2,0.00011201932647963986
34,8,3,0.0001119695880333893
34,8,4,0.00011818307393696159
34,8,5,0.00011813484161393717
34,8,6,0.00011808078124886379
34,9,2,2.4639200546516804e-07
34,9,3,2.456498293668119e-07
34,9,4,2.456011429785576e-07
34,9,5,2.52284962698468e-07
34,9,6,3.725748172200838e-07
34,10,2,4.5385388602880994e-07
34,10,3,4.3058287246822147e-07
34,10,4,4.2568197500258975e-07
34,10,5,4.2554606238809356e-07
34,10,6,4.327163196649053e-07
34,11,2,0.00011935708607779816
34,11,3,0.00014004229160491377
34,11,4,0.00011926590377697721
34,11,5,0.00011920212273253128
34,11,6,0.00011915400682482868
35,0,2,0.000154958208440803
35,0,3,0.00012728638830594718
35,0,4,0.00011868679575854912
35,0,5,0.00010641834523994476
35,0,6,0.00010636667866492644
35,1,2,0.3565424978733063
35,1,3,0.19933749735355377
35,1,4,1.5823259502667497e-07
35,1,5,0.16507291793823242
35,1,6,1.2725841713745467e-07
35,2,2,0.00011043807171517983
35,2,3,0.00011039202217943966
35,2,4,0.00011034222552552819
35,2,5,0.00011029135202988982
35,2,6,0.00012679508654400706
35,3,2,9.360802505398169e-05
35,3,3,9.083891927730292e-05
35,3,4,8.193885150831193e-05
35,3,5,9.145757940132171e-05
35,3,6,8.180254371836782e-05
35,4,2,0.00011999734124401584
35,4,3,7.755799742881209e-05
35,4,4,7.753144745947793e-05
35,4,5,7.748860662104562e-05
35,4,6,7.746184564894065e-05
35,5,2,6.999228207860142e-05
35,5,3,7.06963473930955e-05
35,5,4,7.066819671308622e-05
35,5,5,7.681490387767553e-05
35,5,6,8.699642785359174e-05
35,6,2,4.872745194006711e-07
35,6,3,0.3012247681617737
35,6,4,2.110504055963247e-07
35,6,5,2.2400864452265523e-07
35,6,6,2.454640934956842e-07
35,7,2,0.00010920361819444224
35,7,3,0.00011375609756214544
35,7,4,0.00010262710566166788
35,7,5,9.881408186629415e-05
35,7,6,9.877232514554635e-05
35,8,2,8.252073166659102e-05
35,8,3,0.00011473461927380413
35,8,4,0.00011196208652108908
35,8,5,0.0001181546103907749
35,8,6,0.00011810136493295431
35,9,2,9.541699546389282e-05
35,9,3,9.351431799586862e-05
35,9,4,8.118667756207287e-05
35,9,5,8.11572972452268e-05
35,9,6,7.706237374804914e-05
35,10,2,9.461596346227452e-05
35,10,3,7.931183790788054e-05
35,10,4,0.0001067694101948291
35,10,5,8.801122748991475e-05
35,10,6,8.796594192972407e-05
35,11,2,7.584463310195133e-05
35,11,3,0.00010367293725721538
35,11,4,6.923703767824918e-05
35,11,5,8.623182657174766e-05
35,11,6,8.175933180609718e-05
36,0,2,9.651028085500002e-05
36,0,3,8.744744263822213e-05
36,0,4,8.74046454555355e-05
36,0,5,8.737204188946635e-05
36,0,6,8.732817514101043e-05
36,1,2,0.00010544335964368656
36,1,3,0.00011049598833778873
36,1,4,0.00011044245184166357
36,1,5,0.0001103964023059234
36,1,6,0.0001103466420318
36,2,2,8.955878729466349e-05
36,2,3,9.227434202330187e-05
36,2,4,9.223779488820583e-05
36,2,5,9.219446656061336e-05
36,2,6,9.21519604162313e-05
36,3,2,8.982915460364893e-05
36,3,3,0.00012134071585023776
36,3,4,9.674608008936048e-05
36,3,5,0.00011681747128022835
36,3,6,9.473748650634661e-05
36,4,2,9.649634739616886e-05
36,4,3,9.974730346584693e-05
36,4,4,0.00010037900210591033
36,4,5,0.00010033392754849046
36,4,6,0.00010028965334640816
36,5,2,8.813037857180461e-05
36,5,3,7.943782111397013e-05
36,5,4,7.940295472508296e-05
36,5,5,8.261801849585027e-05
36,5,6,8.258347224909812e-05
36,6,2,0.000122104276670143
36,6,3,0.00013449009566102177
36,6,4,0.00011964659643126652
36,6,5,0.00011959422408835962
36,6,6,0.00011954129149671644
36,7,2,8.10253040981479e-05
36,7,3,0.36163610219955444
36,7,4,4.4145778588244866e-07
36,7,5,1.0019895313462257e-07
36,7,6,2.530045719595364e-07
36,8,2,0.00012951725511811674
36,8,3,0.00010633822967065498
36,8,4,0.00010628564632497728
36,8,5,0.00010624031710904092
36,8,6,0.00010619703971315175
36,9,2,0.00012672925367951393
36,9,3,0.00012667036207858473
36,9,4,0.00012661496293731034
36,9,5,0.00012655765749514103
36,9,6,0.00012650349526666105
36,10,2,0.0001226029999088496
36,10,3,0.00010385323548689485
36,10,4,9.649126150179654e-05
36,10,5,8.13315564300865e-05
36,10,6,8.958925900515169e-05
36,11,2,6.804108852520585e-05
36,11,3,7.647298480151221e-05
36,11,4,6.728494918206707e-05
36,11,5,7.13363551767543e-05
36,11,6,7.129405275918543e-05
37,0,2,4.504941841787513e-07
37,0,3,4.338249937063665e-07
37,0,4,6.52073197215941e-07
37,0,5,6.48846992135077e-07
37,0,6,6.523036404360028e-07
37,1,2,0.5540294051170349
37,1,3,5.673518899129704e-07
37,1,4,5.896735046917456e-07
37,1,5,5.888370537832088e-07
37,1,6,5.908451043978857e-07
37,2,2,0.4493466019630432
37,2,3,2.5565896066837013e-07
37,2,4,5.822847697345424e-07
37,2,5,6.506705858555506e-07
37,2,6,5.819718467137136e-07
37,3,2,0.5101475715637207
37,3,3,3.1652427878725575e-07
37,3,4,5.978126864647493e-07
37,3,5,6.046047360541706e-07
37,3,6,5.477858735503105e-07
37,4,2,0.0001243749138666317
37,4,3,0.0001335461129201576
37,4,4,0.00011198963329661638
37,4,5,0.00011193555837962776
37,4,6,0.00011188546341145411
37,5,2,9.495344420429319e-05
37,5,3,0.00012017622066196054
37,5,4,0.00010758524149423465
37,5,5,0.00010753859532997012
37,5,6,0.00010748183558462188
37,6,2,4.658612624552916e-07
37,6,3,0.3160133361816406
37,6,4,2.45204233806362e-07
37,6,5,2.6977599532074237e-07
37,6,6,2.688314282295323e-07
37,7,2,0.00010142017708858475
37,7,3,0.00010685565212043002
37,7,4,9.955441782949492e-05
37,7,5,0.00010560725058894604
37,7,6,0.00010556046618148685
37,8,2,0.00011076348164351657
37,8,3,0.00011281877232249826
37,8,4,0.00010855411528609693
37,8,5,0.00010850450780708343
37,8,6,0.00010845439101103693
37,9,2,0.18152716755867004
37,9,3,1.7951929009996093e-07
37,9,4,3.0152594376886555e-07
37,9,5,2.886933430090721e-07
37,9,6,3.014455955963058e-07
37,10,2,0.257772833108902
37,10,3,2.3362666468074167e-07
37,10,4,2.717597453738563e-07
37,10,5,2.839993271663843e-07
37,10,6,2.730928088112705e-07
37,11,2,5.129006694915006e-07
37,11,3,5.066235644335393e-07
37,11,4,0.3538236916065216
37,11,5,1.5934259067762468e-07
37,11,6,1.5767722061355016e-07
38,0,2,4.377789082354866e-07
38,0,3,4.797809083356697e-07
38,0,4,7.026292792033928e-07
38,0,5,6.23279049705161e-07
38,0,6,6.20205582890776e-07
38,1,2,5.239874099061126e-07
38,1,3,6.005612931403448e-07
38,1,4,6.052918024579412e-07
38,1,5,5.961485385341803e-07
38,1,6,6.027556764820474e-07
38,2,2,0.00011920603719772771
38,2,3,0.00010322529124096036
38,2,4,0.00010318416025256738
38,2,5,0.0001031336432788521
38,2,6,0.00010309232311556116
38,3,2,9.794390643946826e-05
38,3,3,0.00010305261821486056
38,3,4,0.00010226781159872189
38,3,5,9.116479486692697e-05
38,3,6,0.00010218741226708516
38,4,2,0.00015035647084005177
38,4,3,0.00014562727301381528
38,4,4,0.0001514057512395084
38,4,5,7.493911107303575e-05
38,4,6,7.49057435314171e-05
38,5,2,0.00010582059621810913
38,5,3,9.802589192986488e-05
38,5,4,0.0001528355642221868
38,5,5,0.00015276612248271704
38,5,6,0.00015270210860762745
38,6,2,0.00018782730330713093
38,6,3,9.991944534704089e-05
38,6,4,9.674194734543562e-05
38,6,5,9.21583196031861e-05
38,6,6,9.210680582327768e-05
38,7,2,0.4891822636127472
38,7,3,1.5903549410722917e-07
38,7,4,1.5525783680914174e-07
38,7,5,1.689891035994151e-07
38,7,6,1.5561715827061562e-07
38,8,2,0.43926090002059937
38,8,3,0.25076058506965637
38,8,4,1.7208080294039974e-07
38,8,5,1.631705117688398e-07
38,8,6,1.6106781686175964e-07
38,9,2,0.00017600227147340775
38,9,3,8.969241753220558e-05
38,9,4,0.00010051996650872752
38,9,5,0.00010047577961813658
38,9,6,0.00010043422662420198
38,10,2,0.00017794020823203027
38,10,3,9.555616998113692e-05
38,10,4,7.86047094152309e-05
38,10,5,7.857344462536275e-05
38,10,6,7.838647434255108e-05
38,11,2,0.00015671446453779936
38,11,3,9.063194738700986e-05
38,11,4,9.382001735502854e-05
38,11,5,9.377868263982236e-05
38,11,6,9.373428474646062e-05
39,0,2,8.601602166891098e-05
39,0,3,9.228998533217236e-05
39,0,4,9.22504041227512e-05
39,0,5,9.220885840477422e-05
39,0,6,9.216172475134954e-05
39,1,2,9.434946696273983e-05
39,1,3,0.00010163512342842296
39,1,4,0.00010644080612109974
39,1,5,0.0001028412880259566
39,1,6,9.677083289716393e-05
39,2,2,0.00010260791896143928
39,2,3,0.00010255819506710395
39,2,4,9.737088112160563e-05
39,2,5,9.73325441009365e-05
39,2,6,9.597634198144078e-05
39,3,2,9.846634929999709e-05
39,3,3,0.00011897948570549488
39,3,4,7.957147317938507e-05
39,3,5,7.953633758006617e-05
39,3,6,7.94990555732511e-05
39,4,2,7.754837133688852e-05
39,4,3,8.0377038102597e-05
39,4,4,8.0339283158537e-05
39,4,5,8.03058865130879e-05
39,4,6,8.026642899494618e-05
39,5,2,8.554063970223069e-05
39,5,3,9.933151886798441e-05
39,5,4,9.928942017722875e-05
39,5,5,9.924582263920456e-05
39,5,6,0.00010682083666324615
39,6,2,9.478276479057968e-05
39,6,3,0.00011333699512761086
39,6,4,0.00011328791151754558
39,6,5,0.00011323624494252726
39,6,6,0.00011626833293121308
39,7,2,0.00010474430018803105
39,7,3,9.813154611038044e-05
39,7,4,9.033871174324304e-05
39,7,5,9.030167711898685e-05
39,7,6,9.025867620948702e-05
39,8,2,0.00011069968604715541
39,8,3,0.00011065004946431145
39,8,4,0.0001074469109880738
39,8,5,0.0001184045395348221
39,8,6,0.00011835464101750404
39,9,2,7.406692020595074e-05
39,9,3,7.754353282507509e-05
39,9,4,9.205572860082611e-05
39,9,5,9.523444896331057e-05
39,9,6,9.518613660475239e-05
39,10,2,8.961006096797064e-05
39,10,3,7.802259642630816e-05
39,10,4,7.79875335865654e-05
39,10,5,8.152904774760827e-05
39,10,6,8.79888903000392e-05
39,11,2,3.010495106536837e-07
39,11,3,3.2530010685150046e-07
39,11,4,3.245537243401486e-07
39,11,5,3.3165366630782955e-07
39,11,6,3.576338087896147e-07
40,0,2,5.523357344827673e-07
40,0,3,4.775712909577123e-07
40,0,4,5.46623425634607e-07
40,0,5,4.769358952216862e-07
40,0,6,4.746711397274339e-07
40,1,2,0.00013923145888838917
40,1,3,0.00013917192700318992
40,1,4,0.00011546954192453995
40,1,5,0.0001154181663878262
40,1,6,0.00011537007230799645
40,2,2,8.502489072270691e-05
40,2,3,8.162751328200102e-05
40,2,4,8.158106356859207e-05
40,2,5,8.155617251759395e-05
40,2,6,8.688661182532087e-05
40,3,2,3.9318601352533733e-07
40,3,3,3.905400092207856e-07
40,3,4,3.9472246271543554e-07
40,3,5,3.917390927199449e-07
40,3,6,3.9820292840886395e-07
40,4,2,7.497207843698561e-05
40,4,3,7.493531302316114e-05
40,4,4,7.490280404454097e-05
40,4,5,7.48728634789586e-05
40,4,6,7.48346938053146e-05
40,5,2,8.757793693803251e-05
40,5,3,9.249008871847764e-05
40,5,4,9.24526248127222e-05
40,5,5,9.240402141585946e-05
40,5,6,7.06189894117415e-05
40,6,2,4.1568111441847577e-07
40,6,3,5.053534550825134e-07
40,6,4,5.062521495347028e-07
40,6,5,5.074688829154184e-07
40,6,6,5.065450636720925e-07
40,7,2,2.9754770025647304e-07
40,7,3,3.6880985021525703e-07
40,7,4,4.7059964458640025e-07
40,7,5,4.7125081437116023e-07
40,7,6,4.666721054036316e-07
40,8,2,0.19810932874679565
40,8,3,2.0952197132828587e-07
40,8,4,2.097217759455816e-07
40,8,5,2.0802596623070713e-07
40,8,6,2.0673327583153878e-07
40,9,2,4.987919623999915e-07
40,9,3,4.953338361701753e-07
40,9,4,4.982767336514371e-07
40,9,5,4.958450858794095e-07
40,9,6,4.950046559315524e-07
40,10,2,0.1537318080663681
40,10,3,2.2558695889074443e-07
40,10,4,2.0227790287208336e-07
40,10,5,2.2641336272499757e-07
40,10,6,2.3429586804013525e-07
40,11,2,4.4487504169410386e-07
40,11,3,0.3071630001068115
40,11,4,1.8154281633542269e-07
40,11,5,1.6826983539885987e-07
40,11,6,2.2965879509229126e-07
41,0,2,0.00010249039041809738
41,0,3,0.00011902616097358987
41,0,4,0.00013616016076412052
41,0,5,0.0001224515144713223
41,0,6,0.0001289742940571159
41,1,2,0.00012424512533470988
41,1,3,9.899654833134264e-05
41,1,4,0.00011565468594199046
41,1,5,9.352798952022567e-05
41,1,6,0.00011008868023054674
41,2,2,9.392160427523777e-05
41,2,3,0.0001460862986277789
41,2,4,0.0001538648793939501
41,2,5,0.00015379858086816967
41,2,6,0.00015373229689430445
41,3,2,0.0001413572608726099
41,3,3,0.0001238879340235144
41,3,4,0.00011617187556112185
41,3,5,0.00012545552453957498
41,3,6,0.00011758255277527496
41,4,2,8.292852726299316e-05
41,4,3,7.494325836887583e-05
41,4,4,8.657115540700033e-05
41,4,5,8.578225242672488e-05
41,4,6,8.917823288356885e-05
41,5,2,8.943001012085006e-05
41,5,3,0.00010117160127265379
41,5,4,0.00013055095041636378
41,5,5,0.0001381591719109565
41,5,6,0.0001294513640459627
41,6,2,0.00011533348879311234
41,6,3,0.00010323255264665931
41,6,4,0.00010422472405480221
41,6,5,9.24239429878071e-05
41,6,6,0.000102156751381699
41,7,2,0.00010087624832522124
41,7,3,8.086021261988208e-05
41,7,4,9.431265061721206e-05
41,7,5,0.00010036373714683577
41,7,6,9.601120837032795e-05
41,8,2,0.00011310470290482044
41,8,3,0.00010214142093900591
41,8,4,0.00010499000200070441
41,8,5,9.980492177419364e-05
41,8,6,9.976022556656972e-05
41,9,2,0.00011363182420609519
41,9,3,9.72658017417416e-05
41,9,4,9.581059566698968e-05
41,9,5,9.783720452105626e-05
41,9,6,9.637778566684574e-05
41,10,2,0.00010773140093078837
41,10,3,0.00010066659888252616
41,10,4,0.00010393603588454425
41,10,5,0.00011755089508369565
41,10,6,0.00010485673556104302
41,11,2,8.20132700027898e-05
41,11,3,7.481701322831213e-05
41,11,4,7.805936911609024e-05
41,11,5,8.940273255575448e-05
41,11,6,8.90448282007128e-05
42,0,2,0.00010941745131276548
42,0,3,0.0001195836957776919
42,0,4,0.00011522729619173333
42,0,5,0.00011517485836520791
42,0,6,0.00011512229684740305
42,1,2,0.0001324841141467914
42,1,3,0.00012201973731862381
42,1,4,0.00012592895654961467
42,1,5,0.00012131200492149219
42,1,6,0.00013160302478354424
42,2,2,0.00012035910185659304
42,2,3,9.56377771217376e-05
42,2,4,9.559682803228498e-05
42,2,5,9.555168071528897e-05
42,2,6,9.550916001899168e-05
42,3,2,5.238863423073781e-07
42,3,3,6.160830707813147e-07
42,3,4,7.576334724035405e-07
42,3,5,7.744540653220611e-07
42,3,6,7.786746323290572e-07
42,4,2,0.00011902077676495537
42,4,3,0.00012521511234808713
42,4,4,0.00012515869457274675
42,4,5,0.00012581050395965576
42,4,6,0.00012575300934258848
42,5,2,7.006375381024554e-05
42,5,3,8.601036824984476e-05
42,5,4,6.74837501719594e-05
42,5,5,0.0001059376445482485
42,5,6,0.00010589017620077357
42,6,2,0.00013251302880235016
42,6,3,0.00010633267811499536
42,6,4,8.929697651183233e-05
42,6,5,0.4131959080696106
42,6,6,3.1841781833463756e-07
42,7,2,8.528447506250814e-05
42,7,3,7.803042535670102e-05
42,7,4,7.18920782674104e-05
42,7,5,0.00010646888404153287
42,7,6,0.00010641881090123206
42,8,2,0.00013795567792840302
42,8,3,0.00013982094242237508
42,8,4,0.00012279108341317624
42,8,5,0.00013143834075890481
42,8,6,0.00013138403301127255
42,9,2,0.0001003317374852486
42,9,3,8.560180867789313e-05
42,9,4,0.0001086522825062275
42,9,5,0.0001105836927308701
42,9,6,0.00011053246998926625
42,10,2,0.00013495839084498584
42,10,3,0.00011083297431468964
42,10,4,0.00013728675548918545
42,10,5,0.0001370129903079942
42,10,6,0.00013695219240617007
42,11,2,0.000115948285383638
42,11,3,0.00013694862718693912
42,11,4,0.00014220256707631052
42,11,5,0.0001452602300560102
42,11,6,0.00011375625763321295
43,0,2,2.6769868100018357e-07
43,0,3,1.9416566487961973e-07
43,0,4,2.2809007305113482e-07
43,0,5,2.3529651116405148e-07
43,0,6,2.613008405205619e-07
43,1,2,0.00010451457637827843
43,1,3,0.0001044657255988568
43,1,4,0.00010442265920573846
43,1,5,0.00010437067976454273
43,1,6,0.00010433005809318274
43,2,2,9.999359463108703e-05
43,2,3,9.581203630659729e-05
43,2,4,9.577063610777259e-05
43,2,5,9.57218071562238e-05
43,2,6,9.568032692186534e-05
43,3,2,9.743754344526678e-05
43,3,3,9.943009354174137e-05
43,3,4,9.938014409272e-05
43,3,5,9.934190893545747e-05
43,3,6,9.929338557412848e-05
43,4,2,6.887402560096234e-05
43,4,3,6.883088644826785e-05
43,4,4,6.88016225467436e-05
43,4,5,6.87772553646937e-05
43,4,6,6.874326209072024e-05
43,5,2,8.295028965221718e-05
43,5,3,8.679124584887177e-05
43,5,4,8.675190474605188e-05
43,5,5,9.09733644220978e-05
43,5,6,9.093224798562005e-05
43,6,2,4.796455073119432e-07
43,6,3,4.478545747588214e-07
43,6,4,4.4717856440001924e-07
43,6,5,4.5463920628208143e-07
43,6,6,5.250722665550711e-07
43,7,2,9.001783473649994e-05
43,7,3,8.674791024532169e-05
43,7,4,8.671012619743124e-05
43,7,5,8.667536167195067e-05
43,7,6,8.986896136775613e-05
43,8,2,0.00011748129327315837
43,8,3,0.00011743239883799106
43,8,4,0.00011737443855963647
43,8,5,0.00011732729763025418
43,8,6,0.00010844812641153112
43,9,2,9.668488928582519e-05
43,9,3,0.00010270842903992161
43,9,4,9.659894567448646e-05
43,9,5,0.00010262231080560014
43,9,6,8.851222810335457e-05
43,10,2,0.14822664856910706
43,10,3,9.538694456523444e-08
43,10,4,1.5200022573935712e-07
43,10,5,2.2937814492252073e-07
43,10,6,0.16779637336730957
43,11,2,8.036553481360897e-05
43,11,3,8.04444425739348e-05
43,11,4,8.04125374997966e-05
43,11,5,8.036720100790262e-05
43,11,6,8.022800466278568e-05
44,0,2,7.811575051164255e-05
44,0,3,9.533732372801751e-05
44,0,4,8.470500324619934e-05
44,0,5,8.467052975902334e-05
44,0,6,8.46310576889664e-05
44,1,2,9.019118442665786e-05
44,1,3,0.00010017538443207741
44,1,4,8.359204366570339e-05
44,1,5,7.290866051334888e-05
44,1,6,7.287498738151044e-05
44,2,2,7.782688044244424e-05
44,2,3,9.362545824842528e-05
44,2,4,7.653157081222162e-05
44,2,5,7.649732287973166e-05
44,2,6,7.646357698831707e-05
44,3,2,8.494548819726333e-05
44,3,3,0.00010537698835832998
44,3,4,9.679635695647448e-05
44,3,5,0.00010010600817622617
44,3,6,0.00010741040023276582
44,4,2,9.99648982542567e-05
44,4,3,8.889102900866419e-05
44,4,4,8.884714043233544e-05
44,4,5,8.880790846887976e-05
44,4,6,0.0001109994191210717
44,5,2,9.644399688113481e-05
44,5,3,9.104493801714852e-05
44,5,4,7.514826575061306e-05
44,5,5,8.672178955748677e-05
44,5,6,8.668224472785369e-05
44,6,2,4.481401560951781e-07
44,6,3,4.807212121704652e-07
44,6,4,4.399038289193413e-07
44,6,5,4.7146491510829946e-07
44,6,6,4.834049605051405e-07
44,7,2,7.605076825711876e-05
44,7,3,7.600373646710068e-05
44,7,4,7.598420779686421e-05
44,7,5,7.593722693854943e-05
44,7,6,7.59047397878021e-05
44,8,2,0.00012583703210111707
44,8,3,9.986324585042894e-05
44,8,4,9.982113260775805e-05
44,8,5,9.977594163501635e-05
44,8,6,9.973178384825587e-05
44,9,2,0.00010575955820968375
44,9,3,0.00010570966696832329
44,9,4,0.00010566457058303058
44,9,5,0.00010561869567027315
44,9,6,0.0001004910736810416
44,10,2,0.00011637202987913042
44,10,3,0.00010836694855242968
44,10,4,0.00010237764217890799
44,10,5,0.00012197547039249912
44,10,6,0.00010075824684463441
44,11,2,0.00012381310807541013
44,11,3,0.00010062936780741438
44,11,4,0.00010759867291199043
44,11,5,0.00010991340241162106
44,11,6,0.00010619804379530251
45,0,2,0.00013389965170063078
45,0,3,0.00015490238729398698
45,0,4,0.0001381465554004535
45,0,5,0.00013808105723001063
45,0,6,0.00013904691149946302
45,1,2,0.3076992928981781
45,1,3,2.5706191308927373e-07
45,1,4,2.4945637733253534e-07
45,1,5,2.5250150770261826e-07
45,1,6,2.5750418330972025e-07
45,2,2,9.373746433993801e-05
45,2,3,7.880193152232096e-05
45,2,4,7.877285679569468e-05
45,2,5,7.873436697991565e-05
45,2,6,7.870348781580105e-05
45,3,2,0.00018703234673012048
45,3,3,0.00012547368532977998
45,3,4,0.00012542038166429847
45,3,5,0.00012536256690509617
45,3,6,0.00012530750245787203
45,4,2,0.00013427848170977086
45,4,3,0.00012005411554127932
45,4,4,0.00012171162234153599
45,4,5,0.00012099184095859528
45,4,6,0.00012093421537429094
45,5,2,0.00010026193194789812
45,5,3,8.655829878989607e-05
45,5,4,8.640086161904037e-05
45,5,5,8.637485007056966e-05
45,5,6,8.631788659840822e-05
45,6,2,4.0774864373815944e-07
45,6,3,3.8513655908900546e-07
45,6,4,0.263807475566864
45,6,5,1.3398253884133737e-07
45,6,6,1.3554054589803854e-07
45,7,2,0.0001216012315126136
45,7,3,0.00012154661089880392
45,7,4,0.00012149573740316555
45,7,5,0.00012143838830525056
45,7,6,0.00012138487363699824
45,8,2,0.00010095335892401636
45,8,3,9.835473611019552e-05
45,8,4,0.0001177977683255449
45,8,5,0.00011774597805924714
45,8,6,0.00011769396951422095
45,9,2,0.37830793857574463
45,9,3,2.3400487236813206e-07
45,9,4,2.915384698098933e-07
45,9,5,2.9855664251954295e-07
45,9,6,3.154973455821164e-07
45,10,2,3.8908842725504655e-07
45,10,3,7.255713967424526e-07
45,10,4,7.247130611176544e-07
45,10,5,7.658086360606831e-07
45,10,6,7.645494974894973e-07
45,11,2,0.5101691484451294
45,11,3,5.617714577965671e-07
45,11,4,5.408814445218013e-07
45,11,5,5.370750955080439e-07
45,11,6,5.474591375786986e-07
46,0,2,9.783482528291643e-05
46,0,3,0.00010277281398884952
46,0,4,0.00011280559556325898
46,0,5,0.00010859326721401885
46,0,6,0.00010065031528938562
46,1,2,0.00013346719788387418
46,1,3,0.00011869268928421661
46,1,4,0.0001249025372089818
46,1,5,8.846008859109133e-05
46,1,6,8.841557428240776e-05
46,2,2,0.00015112308028619736
46,2,3,0.00015104759950190783
46,2,4,0.0001509792055003345
46,2,5,0.00015090913802850991
46,2,6,0.00015084605547599494
46,3,2,0.00011752320278901607
46,3,3,0.00011444253323134035
46,3,4,0.0001186364097520709
46,3,5,0.00011857796926051378
46,3,6,0.00011075764632551
46,4,2,0.00012822741700801998
46,4,3,0.00013234133075457066
46,4,4,0.0001487355912104249
46,4,5,0.00013241769920568913
46,4,6,0.00013756434782408178
46,5,2,0.00013719784328714013
46,5,3,0.0001286468905163929
46,5,4,8.672141848364845e-05
46,5,5,0.00010457757161930203
46,5,6,6.80622470099479e-05
46,6,2,0.00014785559324081987
46,6,3,0.00010248605394735932
46,6,4,0.0001017262547975406
46,6,5,0.000114484217192512
46,6,6,0.00010452629067003727
46,7,2,0.00014608468336518854
46,7,3,0.0001853862195275724
46,7,4,0.00018556519353296608
46,7,5,0.00020903325639665127
46,7,6,0.00018278034985996783
46,8,2,0.00011868871661135927
46,8,3,0.00010605753777781501
46,8,4,9.295870404457673e-05
46,8,5,0.00010597267828416079
46,8,6,0.00010592488251859322
46,9,2,8.932177297538146e-05
46,9,3,8.563439041608945e-05
46,9,4,0.00010042627400252968
46,9,5,9.388638136442751e-05
46,9,6,0.00011591823567869142
46,10,2,8.594442624598742e-05
46,10,3,7.663384894840419e-05
46,10,4,7.787375943735242e-05
46,10,5,8.43749221530743e-05
46,10,6,7.298549462575465e-05
46,11,2,4.340670045621664e-07
46,11,3,4.4847232061329123e-07
46,11,4,4.879104835708858e-07
46,11,5,4.337363463946531e-07
46,11,6,4.612197130882123e-07
47,0,2,0.00012380548287183046
47,0,3,0.00013823149492964149
47,0,4,0.00010550016304478049
47,0,5,0.00010545570694375783
47,0,6,0.0001054064414347522
47,1,2,0.00011386107507860288
47,1,3,0.4803752601146698
47,1,4,5.110130132379709e-07
47,1,5,4.5770323708893557e-07
47,1,6,5.221629635343561e-07
47,2,2,9.755719656823203e-05
47,2,3,0.00010327561176382005
47,2,4,0.00010323546302970499
47,2,5,0.00010318862041458488
47,2,6,0.00010314293467672542
47,3,2,0.00010080627544084564
47,3,3,0.00012772897025570273
47,3,4,0.00013072001456748694
47,3,5,0.00013176893116906285
47,3,6,0.00012738141231238842
47,4,2,0.00011753776925615966
47,4,3,0.00013919318735133857
47,4,4,0.00012244978279341012
47,4,5,0.0001223949366249144
47,4,6,0.00012014796084258705
47,5,2,6.029208634572569e-07
47,5,3,5.484806706590462e-07
47,5,4,5.225498398431228e-07
47,5,5,6.634139140260231e-07
47,5,6,6.055371954971633e-07
47,6,2,8.371185685973614e-05
47,6,3,9.852861694525927e-05
47,6,4,0.00010026038944488391
47,6,5,9.248452261090279e-05
47,6,6,9.094527922570705e-05
47,7,2,9.503983164904639e-05
47,7,3,7.875254232203588e-05
47,7,4,9.55853465711698e-05
47,7,5,9.554478310747072e-05
47,7,6,8.810590952634811e-05
47,8,2,8.86151465238072e-05
47,8,3,9.354112262371927e-05
47,8,4,8.646791684441268e-05
47,8,5,8.642053580842912e-05
47,8,6,8.653939585201442e-05
47,9,2,0.000124392201541923
47,9,3,0.00012321023677941412
47,9,4,0.00012315638014115393
47,9,5,0.00012943774345330894
47,9,6,0.00012937809515278786
47,10,2,8.879676170181483e-05
47,10,3,9.600756311556324e-05
47,10,4,0.0001110161465476267
47,10,5,0.00010699024278437719
47,10,6,0.00010693621152313426
47,11,2,5.189479566070077e-07
47,11,3,6.551473461513524e-07
47,11,4,5.552776087824896e-07
47,11,5,5.923142225583433e-07
47,11,6,5.691318278877588e-07
48,0,2,4.756606983846723e-07
48,0,3,4.964490472048055e-07
48,0,4,4.888098601441015e-07
48,0,5,4.770493546857324e-07
48,0,6,4.830177431358607e-07
48,1,2,4.806327069672989e-07
48,1,3,4.043471619752381e-07
48,1,4,4.6618319515800977e-07
48,1,5,3.9845664900894917e-07
48,1,6,5.324652647686889e-07
48,2,2,9.161494381260127e-05
48,2,3,9.965416393242776e-05
48,2,4,9.844846499618143e-05
48,2,5,8.409941801801324e-05
48,2,6,8.28053307486698e-05
48,3,2,9.157542081084102e-05
48,3,3,9.816303645493463e-05
48,3,4,9.880524157779291e-05
48,3,5,9.808118920773268e-05
48,3,6,9.880996367428452e-05
48,4,2,9.298625809606165e-05
48,4,3,8.877395885065198e-05
48,4,4,7.22576369298622e-05
48,4,5,7.222637213999406e-05
48,4,6,7.218946848297492e-05
48,5,2,3.721344512541691e-07
48,5,3,3.8844575556140626e-07
48,5,4,3.587464902921056e-07
48,5,5,3.920669371382246e-07
48,5,6,5.500210136233363e-07
48,6,2,3.006807673955336e-07
48,6,3,3.9866301904112333e-07
48,6,4,0.2314164936542511
48,6,5,9.930322164564132e-08
48,6,6,1.4291296679402876e-07
48,7,2,0.00010074399324366823
48,7,3,0.00010069885320262983
48,7,4,0.00013617059448733926
48,7,5,0.00012066170893376693
48,7,6,0.5389492511749268
48,8,2,9.343082638224587e-05
48,8,3,8.958901162259281e-05
48,8,4,0.00011083448771387339
48,8,5,0.00011078429088229313
48,8,6,0.00011073328641941771
48,9,2,0.20564712584018707
48,9,3,1.5391326257940818e-07
48,9,4,1.5583566437271656e-07
48,9,5,2.0710884029995213e-07
48,9,6,2.0539404488317814e-07
48,10,2,9.680478979134932e-05
48,10,3,7.141631067497656e-05
48,10,4,7.737382111372426e-05
48,10,5,6.793768989155069e-05
48,10,6,7.365514466073364e-05
48,11,2,9.607154788682237e-05
48,11,3,9.286917338613421e-05
48,11,4,9.77623276412487e-05
48,11,5,8.671224350109696e-05
48,11,6,9.956311987480149e-05
49,0,2,0.46290910243988037
49,0,3,5.713401378670824e-07
49,0,4,5.762805699305318e-07
49,0,5,5.733749617320427e-07
49,0,6,5.739869379794982e-07
49,1,2,0.0001104459079215303
49,1,3,0.00010398299491498619
49,1,4,9.775962826097384e-05
49,1,5,9.771383338375017e-05
49,1,6,9.767251322045922e-05
49,2,2,0.00011826443369500339
49,2,3,0.00011820497456938028
49,2,4,9.582562051946297e-05
49,2,5,9.578431490808725e-05
49,2,6,9.5740680990275e-05
49,3,2,0.00013068436237517744
49,3,3,0.00010811191168613732
49,3,4,9.286103158956394e-05
49,3,5,0.00010802075848914683
49,3,6,0.00010797602590173483
49,4,2,8.661466563353315e-05
49,4,3,7.230110350064933e-05
49,4,4,7.226743036881089e-05
49,4,5,7.224067667266354e-05
49,4,6,7.220204133773223e-05
49,5,2,0.00011504464055178687
49,5,3,0.00012973362754564732
49,5,4,0.00012967715156264603
49,5,5,0.0001296169066336006
49,5,6,0.00012955984857399017
49,6,2,3.988768924045871e-07
49,6,3,2.713107107865653e-07
49,6,4,4.3445837150102307e-07
49,6,5,6.653261834799196e-07
49,6,6,6.672431140941626e-07
49,7,2,0.00011977276153629646
49,7,3,0.00013639988901559263
49,7,4,0.4564587473869324
49,7,5,4.953357120029978e-07
49,7,6,4.917740170640172e-07
49,8,2,0.00011090392945334315
49,8,3,0.00011847561108879745
49,8,4,0.0001184231587103568
49,8,5,0.00011837157217087224
49,8,6,0.00011831924348371103
49,9,2,9.337167284684256e-05
49,9,3,9.0214547526557e-05
49,9,4,0.00010669700714061037
49,9,5,0.00010664945875760168
49,9,6,0.0001066025288309902
49,10,2,0.35674193501472473
49,10,3,2.2155033718718187e-07
49,10,4,2.8845528277088306e-07
49,10,5,3.2205502975557465e-07
49,10,6,0.2438056766986847
49,11,2,0.16730280220508575
49,11,3,2.4276303633996577e-07
49,11,4,1.722281837146511e-07
49,11,5,1.5798426034052682e-07
49,11,6,1.6083059506399877e-07
50,0,2,9.671432053437456e-05
50,0,3,8.697577140992507e-05
50,0,4,0.00010463005310157314
50,0,5,0.00010457947792019695
50,0,6,0.00010453295544721186
50,1,2,8.145738684106618e-05
50,1,3,0.0001061196526279673
50,1,4,9.312184556620196e-05
50,1,5,9.076954302145168e-05
50,1,6,9.073050023289397e-05
50,2,2,4.959120474268275e-07
50,2,3,5.555723419092828e-07
50,2,4,5.947667887085117e-07
50,2,5,5.664542754857393e-07
50,2,6,5.606387389889278e-07
50,3,2,0.0001193344360217452
50,3,3,9.942144970409572e-05
50,3,4,9.937338472809643e-05
50,3,5,9.933552792062983e-05
50,3,6,9.928947110893205e-05
50,4,2,6.888669304316863e-05
50,4,3,6.884682807140052e-05
50,4,4,6.881491572130471e-05
50,4,5,6.879022839711979e-05
50,4,6,6.875600229250267e-05
50,5,2,8.1109486927744e-05
50,5,3,6.881652370793745e-05
50,5,4,8.109457121463493e-05
50,5,5,8.10573183116503e-05
50,5,6,8.401637023780495e-05
50,6,2,0.0001090135338017717
50,6,3,8.52183802635409e-05
50,6,4,9.341368422610685e-05
50,6,5,9.337242954643443e-05
50,6,6,9.332891931990162e-05
50,7,2,9.093113476410508e-05
50,7,3,0.00010851799743250012
50,7,4,0.00010846633085748181
50,7,5,0.00010841529001481831
50,7,6,0.00010836738510988653
50,8,2,0.00010119404760189354
50,8,3,8.727515523787588e-05
50,8,4,8.737672760616988e-05
50,8,5,9.466491610510275e-05
50,8,6,9.462355956202373e-05
50,9,2,0.00011159498535562307
50,9,3,0.00010316429688828066
50,9,4,0.00010311634105164558
50,9,5,0.00010306963667972013
50,9,6,0.00010302720329491422
50,10,2,0.00011459908273536712
50,10,3,9.834376396611333e-05
50,10,4,0.0001036280082189478
50,10,5,0.0001074091051123105
50,10,6,0.00010262646537739784
50,11,2,9.925865742843598e-05
50,11,3,6.55890180496499e-05
50,11,4,9.382796270074323e-05
50,11,5,9.378729009767994e-05
50,11,6,9.374430374009535e-05
51,0,2,0.37674129009246826
51,0,3,0.12727536261081696
51,0,4,1.3033780987825594e-07
51,0,5,1.1416341294534504e-07
51,0,6,1.403785603315555e-07
51,1,2,0.00012452738883439451
51,1,3,0.0001341188617516309
51,1,4,0.0001326057390542701
51,1,5,0.00013254508667159826
51,1,6,0.00013248823233880103
51,2,2,7.203857239801437e-05
51,2,3,7.911218563094735e-05
51,2,4,7.387842197204009e-05
51,2,5,7.384653144981712e-05
51,2,6,8.206253551179543e-05
51,3,2,0.00011577917030081153
51,3,3,9.788439638214186e-05
51,3,4,9.731410682434216e-05
51,3,5,8.700482430867851e-05
51,3,6,8.686335058882833e-05
51,4,2,0.0001233511429745704
51,4,3,0.00012475476250983775
51,4,4,0.00011881878890562803
51,4,5,0.0001187634261441417
51,4,6,0.00011871330934809521
51,5,2,8.726325904717669e-05
51,5,3,7.468469993909821e-05
51,5,4,9.335244249086827e-05
51,5,5,9.219838830176741e-05
51,5,6,9.216049511451274e-05
51,6,2,9.896801202557981e-05
51,6,3,9.892355592455715e-05
51,6,4,9.888150816550478e-05
51,6,5,9.883696475299075e-05
51,6,6,9.879498975351453e-05
51,7,2,3.92449436503739e-07
51,7,3,2.0052853244578728e-07
51,7,4,0.13604111969470978
51,7,5,0.09275210648775101
51,7,6,0.07197318226099014
51,8,2,7.574932533316314e-05
51,8,3,9.457760461373255e-05
51,8,4,6.983720231801271e-05
51,8,5,6.879324064357206e-05
51,8,6,6.875666440464556e-05
51,9,2,0.00010442535858601332
51,9,3,0.00010352619574405253
51,9,4,0.00010433023271616548
51,9,5,9.214926831191406e-05
51,9,6,9.601765486877412e-05
51,10,2,8.879844972398132e-05
51,10,3,8.713041461305693e-05
51,10,4,9.141120972344652e-05
51,10,5,7.823143096175045e-05
51,10,6,0.0001064161624526605
51,11,2,9.648578998167068e-05
51,11,3,0.00011805046233348548
51,11,4,0.00012776216317433864
51,11,5,0.00011632223322521895
51,11,6,0.0001430343691026792
52,0,2,4.6559435418203066e-07
52,0,3,5.088324428470514e-07
52,0,4,5.271728014122345e-07
52,0,5,5.270175051919068e-07
52,0,6,5.262916147330543e-07
52,1,2,0.23826384544372559
52,1,3,1.1872934635448473e-07
52,1,4,2.416686015749292e-07
52,1,5,2.5037073214662087e-07
52,1,6,2.4154945776899694e-07
52,2,2,8.964305015979335e-05
52,2,3,8.161684672813863e-05
52,2,4,8.158761193044484e-05
52,2,5,8.154522947734222e-05
52,2,6,8.151611837092787e-05
52,3,2,0.00010325979383196682
52,3,3,9.940417658071965e-05
52,3,4,9.935473644873127e-05
52,3,5,9.931522799888626e-05
52,3,6,9.926807979354635e-05
52,4,2,0.00011674925917759538
52,4,3,0.00012860645074397326
52,4,4,0.0001285426114918664
52,4,5,6.879106513224542e-05
52,4,6,6.876955012558028e-05
52,5,2,9.86363083939068e-05
52,5,3,9.246491390513256e-05
52,5,4,9.242862142855301e-05
52,5,5,9.098822920350358e-05
52,5,6,8.669842645758763e-05
52,6,2,4.138158544719772e-07
52,6,3,1.6361730104108574e-07
52,6,4,1.635066837479826e-07
52,6,5,1.628031469635971e-07
52,6,6,1.6500530364282895e-07
52,7,2,8.689743845025077e-05
52,7,3,8.686084765940905e-05
52,7,4,8.681991312187165e-05
52,7,5,8.678786252858117e-05
52,7,6,9.95809241430834e-05
52,8,2,0.00011091757914982736
52,8,3,0.00011086746235378087
52,8,4,0.00011081267439294606
52,8,5,0.00011076931696152315
52,8,6,0.00011071799963247031
52,9,2,0.20368921756744385
52,9,3,1.7238619420822943e-07
52,9,4,1.888647460646098e-07
52,9,5,1.7867256474346505e-07
52,9,6,1.764560266792614e-07
52,10,2,0.5308706760406494
52,10,3,4.360719856322248e-07
52,10,4,4.4154322154099646e-07
52,10,5,5.074101636637351e-07
52,10,6,5.491576757776784e-07
52,11,2,8.757123578106984e-05
52,11,3,9.037030395120382e-05
52,11,4,9.033023525262251e-05
52,11,5,9.028890053741634e-05
52,11,6,0.00012442526349332184
53,0,2,9.283267718274146e-05
53,0,3,9.76674200501293e-05
53,0,4,9.76237643044442e-05
53,0,5,9.409814811078832e-05
53,0,6,9.754215716384351e-05
53,1,2,0.00010925390233751386
53,1,3,0.00010721979197114706
53,1,4,0.00010716987890191376
53,1,5,0.00010712469520512968
53,1,6,0.00010707549517974257
53,2,2,7.93080180301331e-05
53,2,3,7.743962487438694e-05
53,2,4,8.57563063618727e-05
53,2,5,9.398874681210145e-05
53,2,6,0.00010362494504079223
53,3,2,0.0001271811343031004
53,3,3,9.979987953556702e-05
53,3,4,9.97571405605413e-05
53,3,5,0.00010529450082685798
53,3,6,9.967306687030941e-05
53,4,2,7.232995267258957e-05
53,4,3,7.23006742191501e-05
53,4,4,7.752461533527821e-05
53,4,5,7.749822543701157e-05
53,4,6,7.745547918602824e-05
53,5,2,0.00012900630827061832
53,5,3,0.00012244906974956393
53,5,4,0.00012240080104675144
53,5,5,0.00011561180872377008
53,5,6,0.00010873264545807615
53,6,2,8.824969700071961e-05
53,6,3,8.537677058484405e-05
53,6,4,8.534022344974801e-05
53,6,5,8.529808110324666e-05
53,6,6,9.030039655044675e-05
53,7,2,0.00010806391946971416
53,7,3,0.00010651743650669232
53,7,4,0.00010647010640241206
53,7,5,0.00011078859097324312
53,7,6,0.00010638021922204643
53,8,2,0.00010421984188724309
53,8,3,0.00011782730143750086
53,8,4,0.00011777932377299294
53,8,5,0.00011772773723350838
53,8,6,0.00011767300748033449
53,9,2,0.00011118398833787069
53,9,3,0.00012841950228903443
53,9,4,8.889483433449641e-05
53,9,5,8.885293209459633e-05
53,9,6,8.881329267751426e-05
53,10,2,6.90920899160119e-07
53,10,3,5.559105602515046e-07
53,10,4,4.417188108618575e-07
53,10,5,4.4525970110953494e-07
53,10,6,4.4724549752572784e-07
53,11,2,0.00010061936336569488
53,11,3,8.482803241349757e-05
53,11,4,8.005264680832624e-05
53,11,5,8.000992238521576e-05
53,11,6,7.99807530711405e-05
54,0,2,3.3208524996553024e-07
54,0,3,3.240666046622209e-07
54,0,4,3.2253561244033335e-07
54,0,5,3.225315481358848e-07
54,0,6,3.275891060638969e-07
54,1,2,0.00013182935072109103
54,1,3,0.5884427428245544
54,1,4,6.210927949723555e-07
54,1,5,2.902762332723796e-07
54,1,6,2.8642452321037126e-07
54,2,2,8.711328700883314e-05
54,2,3,8.707059168955311e-05
54,2,4,8.70318035595119e-05
54,2,5,8.699690806679428e-05
54,2,6,8.695614815223962e-05
54,3,2,0.0001262954465346411
54,3,3,0.00011595858813961968
54,3,4,0.0001159060193458572
54,3,5,0.00011585522588575259
54,3,6,0.00011580211867112666
54,4,2,0.00011042315600207075
54,4,3,0.00011037350486731157
54,4,4,0.0001103260219679214
54,4,5,0.00011027553409803659
54,4,6,0.0001102260866900906
54,5,2,7.188608287833631e-05
54,5,3,8.488511230098084e-05
54,5,4,8.484934369334951e-05
54,5,5,8.481048280373216e-05
54,5,6,8.477296069031581e-05
54,6,2,7.842190825613216e-05
54,6,3,7.838893361622468e-05
54,6,4,7.834682037355378e-05
54,6,5,7.997333887033165e-05
54,6,6,7.829487731214613e-05
54,7,2,8.764917583903298e-05
54,7,3,8.761504432186484e-05
54,7,4,8.758354670135304e-05
54,7,5,8.753497968427837e-05
54,7,6,8.749972766963765e-05
54,8,2,4.6482256266244804e-07
54,8,3,6.927428444214456e-07
54,8,4,6.917469477230043e-07
54,8,5,6.890887220833974e-07
54,8,6,6.86502232838393e-07
54,9,2,0.3869217336177826
54,9,3,0.16809877753257751
54,9,4,7.67289662917392e-08
54,9,5,7.230828202864359e-08
54,9,6,7.768211673919723e-08
54,10,2,0.5005175471305847
54,10,3,3.155477372729365e-07
54,10,4,3.630242417784757e-07
54,10,5,4.3190655674152367e-07
54,10,6,5.024864435654308e-07
54,11,2,3.6637155176322267e-07
54,11,3,0.20905590057373047
54,11,4,8.980754273579805e-08
54,11,5,9.602334927194534e-08
54,11,6,1.417735688846733e-07
55,0,2,8.590232027927414e-05
55,0,3,8.262367191491649e-05
55,0,4,8.99585138540715e-05
55,0,5,8.25530951260589e-05
55,0,6,8.251520193880424e-05
55,1,2,4.933627906211768e-07
55,1,3,7.153075785026886e-07
55,1,4,7.124002650016337e-07
55,1,5,7.127873686840758e-07
55,1,6,7.164379098867357e-07
55,2,2,0.00011045408609788865
55,2,3,0.00011040365643566474
55,2,4,0.00011035692295990884
55,2,5,0.00011030391760868952
55,2,6,0.00012411540956236422
55,3,2,0.00010374798148404807
55,3,3,0.00010154955089092255
55,3,4,0.00010036414460046217
55,3,5,0.00011168818309670314
55,3,6,0.00011323086800985038
55,4,2,7.251229544635862e-05
55,4,3,7.753987301839516e-05
55,4,4,7.74999862187542e-05
55,4,5,7.74641302996315e-05
55,4,6,7.743827882222831e-05
55,5,2,9.417346882401034e-05
55,5,3,9.936142305377871e-05
55,5,4,9.93173525785096e-05
55,5,5,9.927355131367221e-05
55,5,6,9.922199387801811e-05
55,6,2,0.000107558436866384
55,6,3,0.00010290211503161117
55,6,4,0.00010285771713824943
55,6,5,0.00010280828428221866
55,6,6,0.00010276535613229498
55,7,2,0.00010225074947811663
55,7,3,0.0001162262269644998
55,7,4,0.00011617165000643581
55,7,5,0.00011612175148911774
55,7,6,0.00011606943007791415
55,8,2,8.635495760245249e-05
55,8,3,9.306311403634027e-05
55,8,4,8.129695925163105e-05
55,8,5,9.29114903556183e-05
55,8,6,9.294952906202525e-05
55,9,2,0.00010796410060720518
55,9,3,0.00011500034452183172
55,9,4,0.00011494840146042407
55,9,5,0.00011489682947285473
55,9,6,0.00011484546848805621
55,10,2,3.601558944410499e-07
55,10,3,5.902016368963814e-07
55,10,4,5.898841095586249e-07
55,10,5,5.856034590578929e-07
55,10,6,5.913579457228479e-07
55,11,2,0.00010544580436544493
55,11,3,0.00010719255806179717
55,11,4,0.00010715265671024099
55,11,5,0.00010709736670833081
55,11,6,0.00010705241584219038
56,0,2,0.00011290569818811491
56,0,3,0.00012184138904558495
56,0,4,0.00012728551519103348
56,0,5,0.00012173223512945697
56,0,6,0.00012168052489869297
56,1,2,0.00010222752462141216
56,1,3,9.345114813186228e-05
56,1,4,9.196367318509147e-05
56,1,5,9.191699791699648e-05
56,1,6,9.188321564579383e-05
56,2,2,8.165268809534609e-05
56,2,3,8.162287849700078e-05
56,2,4,8.158191485563293e-05
56,2,5,8.155110117513686e-05
56,2,6,8.150985377142206e-05
56,3,2,9.256505290977657e-05
56,3,3,9.252313611796126e-05
56,3,4,9.248172864317894e-05
56,3,5,9.244039392797276e-05
56,3,6,9.240068902727216e-05
56,4,2,4.1759247437767044e-07
56,4,3,0.2805004417896271
56,4,4,1.2232453627802897e-07
56,4,5,1.440362495941372e-07
56,4,6,1.1775748731679414e-07
56,5,2,8.760191121837124e-05
56,5,3,9.552828123560175e-05
56,5,4,9.095261339098215e-05
56,5,5,9.091116953641176e-05
56,5,6,9.087099169846624e-05
56,6,2,0.00010115316399605945
56,6,3,8.925006113713607e-05
56,6,4,8.921046537579969e-05
56,6,5,8.917042578104883e-05
56,6,6,9.316857904195786e-05
56,7,2,0.0001138265579356812
56,7,3,9.731153113534674e-05
56,7,4,9.72672423813492e-05
56,7,5,9.722403046907857e-05
56,7,6,9.68456151895225e-05
56,8,2,9.5987634267658e-05
56,8,3,8.980791608337313e-05
56,8,4,8.933265053201467e-05
56,8,5,8.582233567722142e-05
56,8,6,0.00010317211126675829
56,9,2,0.00011498152889544144
56,9,3,0.00011349584383424371
56,9,4,0.0001120848028222099
56,9,5,0.00011203734902665019
56,9,6,0.00011598914716159925
56,10,2,0.00010455853043822572
56,10,3,0.38331174850463867
56,10,4,4.0690937908038904e-07
56,10,5,3.962495327414217e-07
56,10,6,4.3210633293711e-07
56,11,2,0.00010119169746758416
56,11,3,7.964579708641395e-05
56,11,4,9.70837936620228e-05
56,11,5,9.053159010363743e-05
56,11,6,9.329701424576342e-05
57,0,2,0.00011684132914524525
57,0,3,8.584062743466347e-05
57,0,4,8.870854799170047e-05
57,0,5,8.866879215929657e-05
57,0,6,8.572837396059185e-05
57,1,2,0.6609585881233215
57,1,3,6.379420938174007e-07
57,1,4,0.2552570700645447
57,1,5,0.10630250722169876
57,1,6,0.07811791449785233
57,2,3,8.46947223180905e-05
57,2,4,9.143065835814923e-05
57,2,5,9.511927055427805e-05
57,2,6,9.062470053322613e-05
57,3,2,0.00011792400619015098
57,3,3,0.00011134712985949591
57,3,4,0.00010446466330904514
57,3,5,0.00010864613432204351
57,3,6,0.00010859705798793584
57,4,2,0.00014794171147514135
57,4,3,0.0001430814154446125
57,4,4,0.00015315304335672408
57,4,5,0.00015669189451728016
57,4,6,0.000149180501466617
57,5,2,0.00012149271788075566
57,5,3,0.00011829670984297991
57,5,4,0.00011727293895091861
57,5,5,0.00011819416249636561
57,5,6,0.0001181422412628308
57,6,2,0.00010533940076129511
57,6,3,0.00010807785292854533
57,6,4,0.00010803029726957902
57,6,5,0.00010798135190270841
57,6,6,0.0001079333815141581
57,7,2,0.0001178659513243474
57,7,3,0.0001153969278675504
57,7,4,0.00011534155783010647
57,7,5,0.00011529011680977419
57,7,6,0.00011524222645675763
57,8,2,3.8866139107085473e-07
57,8,3,3.779606174703076e-07
57,8,4,3.552928546923795e-07
57,8,5,3.4240321156175924e-07
57,8,6,3.731690867425641e-07
57,9,2,0.00011393475870136172
57,9,3,0.00013216851220931858
57,9,4,0.00013211638724897057
57,9,5,0.00013204551942180842
57,9,6,0.00013199602835811675
57,10,2,0.35343489050865173
57,10,3,1.8465904361164576e-07
57,10,4,2.2795939003117383e-07
57,10,5,0.1868302971124649
57,10,6,1.1805615685034354e-07
57,11,2,8.270599937532097e-05
57,11,3,0.3996007740497589
57,11,4,4.682305529968289e-07
57,11,5,4.790438197233016e-07
57,11,6,5.033910497331817e-07
58,0,2,0.5428987145423889
58,0,3,0.26341724395751953
58,0,4,1.7039313604527706e-07
58,0,5,0.1157887727022171
58,0,6,0.10728561133146286
58,1,2,0.00012873900413978845
58,1,3,0.5122609734535217
58,1,4,5.401778935265611e-07
58,1,5,0.27488455176353455
58,1,6,1.963958879969141e-07
58,2,2,0.00014115376689005643
58,2,3,0.00013337514246813953
58,2,4,9.95808222796768e-05
58,2,5,8.328385592903942e-05
58,2,6,8.859146328177303e-05
58,3,2,0.00015055507537908852
58,3,3,0.00010135417687706649
58,3,4,0.0001119987282436341
58,3,5,0.00012080153828719631
58,3,6,0.00011190045916009694
58,4,2,0.0001448547118343413
58,4,3,0.00012148393579991534
58,4,4,0.00011669057857943699
58,4,5,0.00011728917161235586
58,4,6,0.00012132415577070788
58,5,2,0.00012189004337415099
58,5,3,7.654968067072332e-05
58,5,4,9.095418499782681e-05
58,5,5,0.00010298359848093241
58,5,6,9.206713730236515e-05
58,6,2,0.6166631579399109
58,6,3,3.7864697333134245e-07
58,6,4,6.043637768016197e-07
58,6,5,6.194663342284912e-07
58,6,6,6.165133754620911e-07
58,7,2,6.429253289752523e-07
58,7,3,5.719078899346641e-07
58,7,4,8.834167033455742e-07
58,7,5,8.956123451753228e-07
58,7,6,7.385751814581454e-07
58,8,2,6.370053142745746e-07
58,8,3,4.788020646628866e-07
58,8,4,6.819770419497218e-07
58,8,5,6.846261726423108e-07
58,8,6,6.797976084271795e-07
58,9,2,0.00015234816237352788
58,9,3,0.00011796513717854396
58,9,4,0.0001650437479838729
58,9,5,0.00014310919505078346
58,9,6,0.0001551126188132912
58,10,2,0.3170141577720642
58,10,3,0.2250988930463791
58,10,4,0.1374870091676712
58,10,5,1.561121223403461e-07
58,10,6,0.10667899996042252
58,11,2,4.707396499270544e-07
58,11,3,7.002267921052407e-07
58,11,4,6.5602716858848e-07
58,11,5,6.641703862442228e-07
58,11,6,6.613327627746912e-07
59,0,2,0.00010532017040532082
59,0,3,0.00012943107867613435
59,0,4,0.000134283269289881
59,0,5,0.0001313470274908468
59,0,6,0.00013228166790213436
59,1,2,9.257838974008337e-05
59,1,3,0.00010094307799590752
59,1,4,9.248493006452918e-05
59,1,5,9.966517973225564e-05
59,1,6,0.42586594820022583
59,2,2,8.457080548396334e-05
59,2,3,8.306667587021366e-05
59,2,4,8.422203973168507e-05
59,2,5,0.00011420146620366722
59,2,6,8.605673792771995e-05
59,3,2,0.00013102233060635626
59,3,3,0.0001713197707431391
59,3,4,0.00015267773414961994
59,3,5,0.00011931906192330644
59,3,6,0.00010559700604062527
59,4,2,7.496057514799759e-05
59,4,3,7.492541044484824e-05
59,4,4,7.489382551284507e-05
59,4,5,7.486083632102236e-05
59,4,6,7.482476212317124e-05
59,5,2,0.3951597511768341
59,5,3,3.202333118679235e-07
59,5,4,5.12395331497828e-07
59,5,5,4.453393955827778e-07
59,5,6,4.72678209462174e-07
59,6,2,0.23634636402130127
59,6,3,1.4474700549271802e-07
59,6,4,1.6562827909183397e-07
59,6,5,1.469006889465163e-07
59,6,6,1.4115714463969198e-07
59,7,2,4.3633187374325644e-07
59,7,3,4.102217019408272e-07
59,7,4,4.1345833778905217e-07
59,7,5,4.7439445438612893e-07
59,7,6,4.4598726844924386e-07
59,8,2,9.611155837774277e-05
59,8,3,9.826308087212965e-05
59,8,4,9.415252134203911e-05
59,8,5,0.00010911669232882559
59,8,6,0.00010194323112955317
59,9,2,8.335930033354089e-05
59,9,3,7.974157051648945e-05
59,9,4,7.970594015205279e-05
59,9,5,7.967146666487679e-05
59,9,6,7.963112147990614e-05
59,10,2,3.305865448055556e-07
59,10,3,3.108614805569232e-07
59,10,4,3.2660648230375955e-07
59,10,5,3.163626161040156e-07
59,10,6,3.2220768275692535e-07
59,11,2,5.016970021642919e-07
59,11,3,5.564958769355144e-07
59,11,4,5.12065355451341e-07
59,11,5,4.2757579876706586e-07
59,11,6,4.0761199215921806e-07
60,0,2,0.00012101243919460103
60,0,3,0.00011444232950452715
60,0,4,0.00013463756476994604
60,0,5,0.00011498298408696428
60,0,6,0.00011960705887759104
60,1,2,0.0001242236467078328
60,1,3,0.00013769447105005383
60,1,4,0.00013762692105956376
60,1,5,0.00013757272972725332
60,1,6,0.00013750250218436122
60,2,2,0.00010546221164986491
60,2,3,0.00011423155228840187
60,2,4,0.00011418025678722188
60,2,5,9.574573778081685e-05
60,2,6,9.569915710017085e-05
60,3,2,8.737009193282574e-05
60,3,3,9.038345160661265e-05
60,3,4,9.034809045260772e-05
60,3,5,9.03004256542772e-05
60,3,6,9.931724343914539e-05
60,4,2,6.795571243856102e-05
60,4,3,6.313021731330082e-05
60,4,4,6.311144534265622e-05
60,4,5,6.306729483185336e-05
60,4,6,6.304909766186029e-05
60,5,2,9.05437336768955e-05
60,5,3,7.427226955769584e-05
60,5,4,7.097263005562127e-05
60,5,5,7.093328167684376e-05
60,5,6,8.240698662120849e-05
60,6,2,8.035539940465242e-05
60,6,3,8.414144394919276e-05
60,6,4,9.28603476495482e-05
60,6,5,8.931213233154267e-05
60,6,6,8.467612497042865e-05
60,7,2,9.772150951903313e-05
60,7,3,9.530341776553541e-05
60,7,4,9.532344120088965e-05
60,7,5,9.304565901402384e-05
60,7,6,9.300316742155701e-05
60,8,2,0.00010672940697986633
60,8,3,7.801901665516198e-05
60,8,4,7.655814988538623e-05
60,8,5,7.973338506417349e-05
60,8,6,7.969438593136147e-05
60,9,2,0.4345930814743042
60,9,3,2.1694287966056436e-07
60,9,4,2.558919618422806e-07
60,9,5,2.807497594403685e-07
60,9,6,2.574314237335784e-07
60,10,2,9.826942550716922e-05
60,10,3,8.592026279075071e-05
60,10,4,6.79441072861664e-05
60,10,5,7.694998203078285e-05
60,10,6,6.803109863540158e-05
60,11,2,8.262324263341725e-05
60,11,3,0.38933730125427246
60,11,4,3.3974447433138266e-07
60,11,5,3.388135496606992e-07
60,11,6,3.3423521017539315e-07
61,0,2,8.225138299167156e-05
61,0,3,0.40076979994773865
61,0,4,2.2340842065204924e-07
61,0,5,4.068178895977326e-07
61,0,6,4.048921198318567e-07
61,1,2,0.26240891218185425
61,1,3,0.11198768019676208
61,1,4,0.07086031138896942
61,1,5,0.09634606540203094
61,1,6,0.09690838307142258
61,2,2,0.0001325170014752075
61,2,3,0.00010597848449833691
61,2,4,0.00012095730198780075
61,2,5,0.00012551913096103817
61,2,6,0.00012085414346074685
61,3,2,9.894224785966799e-05
61,3,3,9.98255709419027e-05
61,3,4,9.80786862783134e-05
61,3,5,9.973584383260459e-05
61,3,6,9.969536768039688e-05
61,4,2,4.684966938839352e-07
61,4,3,4.798304757969163e-07
61,4,4,5.003238925382902e-07
61,4,5,0.3679019808769226
61,4,6,1.9067955747686938e-07
61,5,2,7.163650298025459e-05
61,5,3,9.028817294165492e-05
61,5,4,8.032246114453301e-05
61,5,5,0.0001223242870764807
61,5,6,0.00012720080849248916
61,6,2,9.63500642683357e-05
61,6,3,7.903650839580223e-05
61,6,4,0.43797093629837036
61,6,5,2.1076277789688902e-07
61,6,6,3.9492496739512717e-07
61,7,2,0.3688223958015442
61,7,3,0.13812370598316193
61,7,4,1.6284757009543682e-07
61,7,5,0.12410222738981247
61,7,6,9.27845107412395e-08
61,8,2,8.3110251580365e-05
61,8,3,9.001343278214335e-05
61,8,4,8.670740498928353e-05
61,8,5,8.168983913492411e-05
61,8,6,8.116113895084709e-05
61,9,2,0.3909933269023895
61,9,3,0.3538648784160614
61,9,4,0.11427713930606842
61,9,5,1.071952269171561e-07
61,9,6,1.0287823926091733e-07
61,10,2,0.26954013109207153
61,10,3,0.0991569235920906
61,10,4,1.304987478079056e-07
61,10,5,1.3533478693261713e-07
61,10,6,0.0907825231552124
61,11,2,0.0001522721431683749
61,11,3,0.00010553300671745092
61,11,4,0.0001422621717210859
61,11,5,0.00013674033107236028
61,11,6,0.00011165121395606548
62,0,2,0.00010072449367726222
62,0,3,0.0001145852220361121
62,0,4,0.00012382958084344864
62,0,5,0.00010991966701112688
62,0,6,0.00010121767991222441
62,1,2,0.48782047629356384
62,1,3,4.754702160880697e-07
62,1,4,4.2819903001145576e-07
62,1,5,4.49957298087611e-07
62,1,6,3.9121258055274666e-07
62,2,2,8.303317008540034e-05
62,2,3,9.914029214996845e-05
62,2,4,9.522828622721136e-05
62,2,5,8.078278187895194e-05
62,2,6,8.497254748363048e-05
62,3,2,0.4979102313518524
62,3,3,0.30689626932144165
62,3,4,2.2196852000888612e-07
62,3,5,1.9183484312179644e-07
62,3,6,2.3033047114040528e-07
62,4,2,8.38641935843043e-05
62,4,3,0.00013815084821544588
62,4,4,8.379664359381422e-05
62,4,5,8.376270125154406e-05
62,4,6,7.743889727862552e-05
62,5,2,0.00010279107664246112
62,5,3,8.494643407175317e-05
62,5,4,8.295017323689535e-05
62,5,5,7.785144407534972e-05
62,5,6,8.288445678772405e-05
62,6,2,0.00011607706983340904
62,6,3,0.000112910260213539
62,6,4,0.0001013262226479128
62,6,5,0.00015439261915162206
62,6,6,8.568874909542501e-05
62,7,2,0.0001033204171108082
62,7,3,0.00013056934403721243
62,7,4,0.442747563123703
62,7,5,6.015606572873367e-07
62,7,6,5.545281851482287e-07
62,8,2,0.5591140389442444
62,8,3,5.55134477053798e-07
62,8,4,5.893175512028392e-07
62,8,5,5.638744937641604e-07
62,8,6,5.888420560040686e-07
62,9,2,9.848557238001376e-05
62,9,3,8.768004045123234e-05
62,9,4,0.00012287333083804697
62,9,5,0.00011580811406020075
62,9,6,9.849207708612084e-05
62,10,2,0.00010137416393263265
62,10,3,0.00011025739513570443
62,10,4,0.00012252118904143572
62,10,5,0.0001436586317140609
62,10,6,0.0001391456462442875
62,11,2,0.00013165535347070545
62,11,3,0.00012028701166855171
62,11,4,0.00012500908633228391
62,11,5,0.0001435905578546226
62,11,6,0.00014266649668570608
63,0,2,5.276554020383628e-07
63,0,3,6.592616728084977e-07
63,0,4,6.545735118379525e-07
63,0,5,6.573704354195797e-07
63,0,6,6.558746576956764e-07
63,1,2,5.439133019535802e-07
63,1,3,6.60119155782013e-07
63,1,4,6.612066272282391e-07
63,1,5,6.618875545427727e-07
63,1,6,6.668880132565391e-07
63,2,2,0.00010443350038258359
63,2,3,0.00011235177225898951
63,2,4,0.00011469922174001113
63,2,5,0.00011464823182905093
63,2,6,0.00011459710367489606
63,3,2,6.211557206370344e-07
63,3,3,6.527379809995182e-07
63,3,4,6.475946747741546e-07
63,3,5,6.570391519744589e-07
63,3,6,6.465628530349932e-07
63,4,2,7.496426405850798e-05
63,4,3,7.492876466130838e-05
63,4,4,7.489679410355166e-05
63,4,5,8.769323176238686e-05
63,4,6,7.483375520678237e-05
63,5,2,7.408774399664253e-05
63,5,3,8.858981163939461e-05
63,5,4,9.584861254552379e-05
63,5,5,9.58107048063539e-05
63,5,6,9.57731026574038e-05
63,6,2,0.3346233069896698
63,6,3,2.8813678909500595e-07
63,6,4,3.209926546787756e-07
63,6,5,3.2309574748978775e-07
63,6,6,3.2807506045173795e-07
63,7,2,4.940251869811618e-07
63,7,3,6.045888767403085e-07
63,7,4,6.038724222889869e-07
63,7,5,6.017971259097976e-07
63,7,6,6.035941737536632e-07
63,8,2,0.00011549693590495735
63,8,3,0.0001022993164951913
63,8,4,0.00010225361620541662
63,8,5,0.00010220912372460589
63,8,6,0.0001021648058667779
63,9,2,0.00013252314238343388
63,9,3,0.0001283017627429217
63,9,4,0.00012213335139676929
63,9,5,0.00013236707309260964
63,9,6,0.0001323049218626693
63,10,2,0.00011994459055131301
63,10,3,0.0001340161106782034
63,10,4,0.0001286338228965178
63,10,5,0.5744274258613586
63,10,6,8.648714633352483e-09
63,11,2,5.803105977975065e-07
63,11,3,5.979539423606184e-07
63,11,4,5.749905653829046e-07
63,11,5,5.991838065710908e-07
63,11,6,5.984887252452609e-07
64,0,2,0.00010736681724665686
64,0,3,0.49538329243659973
64,0,4,5.309057655722427e-07
64,0,5,2.489359474111552e-07
64,0,6,6.6702763312775915e-09
64,1,2,5.203028763389739e-07
64,1,3,6.211948857526295e-07
64,1,4,5.567686685026274e-07
64,1,5,6.192825026118953e-07
64,1,6,5.656212920257531e-07
64,2,2,7.436818850692362e-05
64,2,3,0.00010807940998347476
64,2,4,8.053464989643544e-05
64,2,5,8.049901225604117e-05
64,2,6,0.00011402941163396463
64,3,2,0.000130364132928662
64,3,3,0.00013030588161200285
64,3,4,0.00012513314140960574
64,3,5,0.00011728188837878406
64,3,6,0.00013024908548686653
64,4,2,7.496013131458312e-05
64,4,3,8.106004679575562e-05
64,4,4,9.051749657373875e-05
64,4,5,7.880269549787045e-05
64,4,6,7.876443123677745e-05
64,5,2,0.4287928640842438
64,5,3,4.1715722431945323e-07
64,5,4,3.3606255556151154e-07
64,5,5,2.7614439090939413e-07
64,5,6,3.3653518016762973e-07
64,6,2,8.731411071494222e-05
64,6,3,0.00011572756920941174
64,6,4,0.00010298383131157607
64,6,5,0.00011985310266027227
64,6,6,9.877514821710065e-05
64,7,2,0.00010777876013889909
64,7,3,0.00010079568164655939
64,7,4,0.00010074656165670604
64,7,5,0.00010105994442710653
64,7,6,0.00010065915557788685
64,8,2,0.00011172109952894971
64,8,3,0.00011015457130270079
64,8,4,0.00011162347800564021
64,8,5,0.00011109218030469492
64,8,6,0.00011008549336111173
64,9,2,9.407707693753764e-05
64,9,3,9.691033483250067e-05
64,9,4,9.816282545216382e-05
64,9,5,0.0001177727899630554
64,9,6,8.142772276187316e-05
64,10,2,5.549198363041796e-07
64,10,3,3.825405485713418e-07
64,10,4,4.000291085048957e-07
64,10,5,4.1123360006167786e-07
64,10,6,5.072844828646339e-07
64,11,2,5.15480678586755e-07
64,11,3,5.265724780656456e-07
64,11,4,4.786398903888767e-07
64,11,5,5.62016964522627e-07
64,11,6,5.852035087627883e-07
65,0,2,0.00013093141024000943
65,0,3,0.00013259581464808434
65,0,4,0.00013465325173456222
65,0,5,0.00010773492977023125
65,0,6,0.00011239563900744542
65,1,2,3.385547699963354e-07
65,1,3,4.393147889913962e-07
65,1,4,4.850675168199814e-07
65,1,5,4.7217059773174697e-07
65,1,6,5.270144356472883e-07
65,2,2,8.791538857622072e-05
65,2,3,9.944896737579256e-05
65,2,4,0.00010105238470714539
65,2,5,0.00010175134957535192
65,2,6,0.00010433828720124438
65,3,2,0.00012034206156386063
65,3,3,0.00012310792226344347
65,3,4,0.00010954472963931039
65,3,5,0.00010949587158393115
65,3,6,0.000109446446003858
65,4,2,8.254123531514779e-05
65,4,3,7.753973477520049e-05
65,4,4,7.750685472274199e-05
65,4,5,7.747206109343097e-05
65,4,6,7.743322203168646e-05
65,5,2,0.00012376296217553318
65,5,3,0.00011908651504199952
65,5,4,0.00011042070400435477
65,5,5,0.00011533067299751565
65,5,6,0.0001152761178673245
65,6,2,9.906089690048248e-05
65,6,3,9.893334936350584e-05
65,6,4,9.888976637739688e-05
65,6,5,9.884595056064427e-05
65,6,6,9.88027750281617e-05
65,7,2,0.00016041532217059284
65,7,3,0.0001456752943340689
65,7,4,0.0001405365765094757
65,7,5,0.0001429193071089685
65,7,6,0.00014627474592998624
65,8,2,9.126246732193977e-05
65,8,3,9.367310121888295e-05
65,8,4,9.48098604567349e-05
65,8,5,9.476418199483305e-05
65,8,6,9.47246517171152e-05
65,9,2,0.0001271473302040249
65,9,3,0.00011506534792715684
65,9,4,0.00012696122576016933
65,9,5,0.00011419672955526039
65,9,6,0.00011414533946663141
65,10,2,0.4399903416633606
65,10,3,4.84995382521447e-07
65,10,4,4.5450423158399644e-07
65,10,5,4.870558427683136e-07
65,10,6,5.089255523671454e-07
65,11,2,0.00013446896628011018
65,11,3,0.0001148220180766657
65,11,4,0.5994042754173279
65,11,5,4.3937100713264954e-07
65,11,6,4.704067748662055e-07
66,0,2,4.835424078919459e-07
66,0,3,4.736314451747603e-07
66,0,4,4.436487870407291e-07
66,0,5,5.870944619346119e-07
66,0,6,3.61612762844743e-07
66,1,2,0.00011514985817484558
66,1,3,9.367403981741518e-05
66,1,4,0.00011855738557642326
66,1,5,9.842749568633735e-05
66,1,6,9.128123929258436e-05
66,2,2,4.334077630119282e-07
66,2,3,4.847058221457701e-07
66,2,4,4.1199078282261326e-07
66,2,5,4.5917087732050277e-07
66,2,6,4.5281777261152456e-07
66,3,2,4.7835430905252e-07
66,3,3,5.306513912728406e-07
66,3,4,5.388847625908966e-07
66,3,5,5.850340585311642e-07
66,3,6,0.2892199158668518
66,4,2,7.757302228128538e-05
66,4,3,7.753160753054544e-05
66,4,4,7.74971122154966e-05
66,4,5,7.747071504127234e-05
66,4,6,0.00010798925359267741
66,5,2,9.093870903598145e-05
66,5,3,9.039292490342632e-05
66,5,4,8.707852248335257e-05
66,5,5,7.064290548441932e-05
66,5,6,7.060969073791057e-05
66,6,2,9.725171548780054e-05
66,6,3,9.913692338159308e-05
66,6,4,0.00011533969518495724
66,6,5,0.00011528717004694045
66,6,6,0.00011523666034918278
66,7,2,0.1159588173031807
66,7,3,0.15152214467525482
66,7,4,1.4296934125468397e-07
66,7,5,0.12446296960115433
66,7,6,1.3188305558742286e-07
66,8,2,8.691426046425477e-05
66,8,3,8.784185047261417e-05
66,8,4,8.780336793279275e-05
66,8,5,8.48139388835989e-05
66,8,6,9.559914178680629e-05
66,9,2,8.638385770609602e-05
66,9,3,7.940585055621341e-05
66,9,4,0.3975429832935333
66,9,5,2.667325134098064e-07
66,9,6,7.398615053944013e-09
66,10,2,0.00011522236309247091
66,10,3,0.4614644944667816
66,10,4,3.448604104505648e-07
66,10,5,0.33162739872932434
66,10,6,1.6064214491962048e-07
66,11,2,0.00010560509690549225
66,11,3,0.00012794689973816276
66,11,4,0.000115181268483866
66,11,5,0.00010473352449480444
66,11,6,9.502567263552919e-05
67,0,2,0.00010608504817355424
67,0,3,0.00011357646872056648
67,0,4,0.00011352369619999081
67,0,5,0.5602383613586426
67,0,6,0.26393160223960876
67,1,2,0.00010510318679735065
67,1,3,0.0001300229487242177
67,1,4,0.00010315363761037588
67,1,5,0.00010310851212125272
67,1,6,9.971484541893005e-05
67,2,2,5.945973953203065e-07
67,2,3,3.840939939436794e-07
67,2,4,4.000861224540131e-07
67,2,5,4.170582030837977e-07
67,2,6,4.98011729632708e-07
67,3,2,0.00013673954526893795
67,3,3,0.00011039333185181022
67,3,4,0.00010136282071471214
67,3,5,0.00010131260933121666
67,3,6,0.00010126864799531177
67,4,2,7.306771294679493e-05
67,4,3,7.303545135073364e-05
67,4,4,7.300150900846347e-05
67,4,5,7.49086175346747e-05
67,4,6,7.487446418963373e-05
67,5,2,5.84382348733925e-07
67,5,3,6.183414029692358e-07
67,5,4,6.166888510961144e-07
67,5,5,6.211071195139084e-07
67,5,6,6.162543968457612e-07
67,6,2,0.40002962946891785
67,6,3,0.22933194041252136
67,6,4,1.2107035729513882e-07
67,6,5,0.13384617865085602
67,6,6,1.3073868387891707e-07
67,7,2,0.00011395980982342735
67,7,3,0.00010476665192982182
67,7,4,9.372967906529084e-05
67,7,5,9.36954456847161e-05
67,7,6,9.364771540276706e-05
67,8,2,0.00011851101589854807
67,8,3,0.00011845702101709321
67,8,4,0.0001184056673082523
67,8,5,0.00011835121404146776
67,8,6,0.0001183004496851936
67,9,2,0.00012027721095364541
67,9,3,0.00013892995775677264
67,9,4,0.00012039290595566854
67,9,5,0.00014119932893663645
67,9,6,0.00012524948397185653
67,10,2,6.42913619230967e-07
67,10,3,7.158062089729356e-07
67,10,4,6.575367024197476e-07
67,10,5,6.562264047715871e-07
67,10,6,6.54848179237888e-07
67,11,2,5.270559881864756e-07
67,11,3,6.364741693687392e-07
67,11,4,6.251827358028095e-07
67,11,5,6.34611240002414e-07
67,11,6,6.37312268736423e-07
68,0,2,0.00010201380791841075
68,0,3,0.00011033577902708203
68,0,4,9.557278826832771e-05
68,0,5,9.552909614285454e-05
68,0,6,9.30182432057336e-05
68,1,2,0.0001218650140799582
68,1,3,0.00011889042070833966
68,1,4,0.00011883571278303862
68,1,5,0.00011878498480655253
68,1,6,0.00011873024777742103
68,2,2,8.598969725426286e-05
68,2,3,9.057405986823142e-05
68,2,4,9.05316774151288e-05
68,2,5,9.04927946976386e-05
68,2,6,9.045065962709486e-05
68,3,2,0.00017284974455833435
68,3,3,0.00017276962171308696
68,3,4,0.00012833511573262513
68,3,5,0.00012827229511458427
68,3,6,0.00012821584823541343
68,4,2,0.00011232428369112313
68,4,3,0.5013793706893921
68,4,4,3.2712071629248385e-07
68,4,5,3.3676235489110695e-07
68,4,6,3.265815564645891e-07
68,5,2,0.00011344933591317385
68,5,3,0.5017169713973999
68,5,4,2.711218485274003e-07
68,5,5,2.740694924341369e-07
68,5,6,2.689992868454283e-07
68,6,2,4.879750576947117e-07
68,6,3,4.383866212265275e-07
68,6,4,4.5062014919494686e-07
68,6,5,4.5011375959802535e-07
68,6,6,4.383826137654978e-07
68,7,2,0.00012921357119921595
68,7,3,0.00013472812133841217
68,7,4,0.00013466888049151748
68,7,5,0.00013461730850394815
68,7,6,0.0001231680653290823
68,8,2,0.00010222217679256573
68,8,3,0.00010983191168634221
68,8,4,8.929736941354349e-05
68,8,5,9.531246905680746e-05
68,8,6,9.526844223728403e-05
68,9,2,0.0001047526893671602
68,9,3,0.00010471292625879869
68,9,4,9.246553963748738e-05
68,9,5,0.00010462628415552899
68,9,6,0.00010457652388140559
68,10,2,3.9016720165818697e-07
68,10,3,3.7530477925429295e-07
68,10,4,3.5887379112864437e-07
68,10,5,3.6016146509609825e-07
68,10,6,3.487743072128069e-07
68,11,2,0.00010846590885194018
68,11,3,0.00011281259503448382
68,11,4,0.00011491234181448817
68,11,5,0.00011155305401189253
68,11,6,0.00011150351201649755
69,0,2,0.00010891289275605232
69,0,3,0.00010463940998306498
69,0,4,9.53594790189527e-05
69,0,5,9.531065006740391e-05
69,0,6,9.528100054012612e-05
69,1,2,0.0001078055429388769
69,1,3,0.00014204171020537615
69,1,4,0.6983593106269836
69,1,5,6.459786732193606e-07
69,1,6,5.915013616686338e-07
69,2,2,5.194588652557286e-07
69,2,3,4.578220966777735e-07
69,2,4,4.588117690218496e-07
69,2,5,4.6541737219740753e-07
69,2,6,4.635867014712858e-07
69,3,2,0.00013460812624543905
69,3,3,0.00010216067312285304
69,3,4,0.00010558428766671568
69,3,5,0.00011298577737761661
69,3,6,0.0001014879671856761
69,4,2,0.00011316926247673109
69,4,3,0.00011090259067714214
69,4,4,9.135419531958178e-05
69,4,5,9.131063416134566e-05
69,4,6,9.127021621679887e-05
69,5,2,0.00015357935626525432
69,5,3,0.0001355703716399148
69,5,4,0.00011849594011437148
69,5,5,0.00014916043437551707
69,5,6,0.00011839740182040259
69,6,2,0.00010355391714256257
69,6,3,0.00010275246313540265
69,6,4,0.00011623978207353503
69,6,5,0.00010632886551320553
69,6,6,0.00012507570500019938
69,7,2,0.00014037199434824288
69,7,3,0.00014030384772922844
69,7,4,0.00014024361735209823
69,7,5,0.00014018098590895534
69,7,6,0.00013095990289002657
69,8,2,9.373780630994588e-05
69,8,3,0.00011776135943364352
69,8,4,0.00010608744923956692
69,8,5,9.091666288441047e-05
69,8,6,0.0001083875322365202
69,9,2,0.526668906211853
69,9,3,4.794522965312353e-07
69,9,4,5.92361743656511e-07
69,9,5,6.891532393638045e-07
69,9,6,6.864865440547874e-07
69,10,2,0.00010348426440032199
69,10,3,0.0001104064576793462
69,10,4,0.00011395432375138626
69,10,5,0.00011390591680537909
69,10,6,0.00011830975563498214
69,11,2,0.00010473780275788158
69,11,3,0.00012992994743399322
69,11,4,0.00012053989485139027
69,11,5,0.00014532233763020486
69,11,6,0.00013507706171367317
70,0,2,0.00011343765072524548
70,0,3,0.00012042492744512856
70,0,4,0.00011039146193070337
70,0,5,0.00011034328781533986
70,0,6,0.00011029286542907357
70,1,2,8.915016223909333e-05
70,1,3,0.00012055749539285898
70,1,4,0.00012050342047587037
70,1,5,0.00012045093171764165
70,1,6,0.00012039626017212868
70,2,2,0.00010982407547999173
70,2,3,9.895268158288673e-05
70,2,4,8.799209899734706e-05
70,2,5,8.793251618044451e-05
70,2,6,8.792005974100903e-05
70,3,2,0.00012320134555920959
70,3,3,0.00012265735131222755
70,3,4,0.00012260112271178514
70,3,5,0.0001225485757458955
70,3,6,0.00012166950182290748
70,4,2,9.379974653711542e-05
70,4,3,9.374980436405167e-05
70,4,4,7.490816642530262e-05
70,4,5,7.487495895475149e-05
70,4,6,7.484203524654731e-05
70,5,2,0.00010493801528355107
70,5,3,7.376280700555071e-05
70,5,4,8.087938476819545e-05
70,5,5,7.404205825878307e-05
70,5,6,7.400741014862433e-05
70,6,2,0.00011044993880204856
70,6,3,0.00011040174285881221
70,6,4,0.00011035300849471241
70,6,5,0.00011030233872588724
70,6,6,0.00011025329877156764
70,7,2,0.00010975860641337931
70,7,3,0.00010200168617302552
70,7,4,0.0001019345800159499
70,7,5,0.0001018928232952021
70,7,6,0.0001018438779283315
70,8,2,0.00010609611490508541
70,8,3,0.000106049730675295
70,8,4,0.00011816209007520229
70,8,5,0.00011810933210654184
70,8,6,0.00011805415851995349
70,9,2,8.829902799334377e-05
70,9,3,0.0001039502167259343
70,9,4,0.00010520052455831319
70,9,5,0.00010884356015594676
70,9,6,0.00010879077308345586
70,10,2,7.93462895671837e-05
70,10,3,7.930790889076889e-05
70,10,4,7.927352999104187e-05
70,10,5,8.800647628959268e-05
70,10,6,8.79682702361606e-05
70,11,2,9.137383312918246e-05
70,11,3,9.133581625064835e-05
70,11,4,0.00011922088015126064
70,11,5,0.0001191672999993898
70,11,6,0.00011911181354662403
71,0,2,8.610692748334259e-05
71,0,3,7.735202234471217e-05
71,0,4,7.063095108605921e-05
71,0,5,7.763354369672015e-05
71,0,6,7.34698842279613e-05
71,1,2,0.00012417791003827006
71,1,3,0.0001348513033008203
71,1,4,0.00010786573693621904
71,1,5,0.00011357359471730888
71,1,6,0.00011352647561579943
71,2,2,0.00010415390715934336
71,2,3,7.874648872530088e-05
71,2,4,7.871668640291318e-05
71,2,5,8.222564065363258e-05
71,2,6,7.864773215260357e-05
71,3,2,8.840999362291768e-05
71,3,3,0.00011810812429757789
71,3,4,0.00010426722292322665
71,3,5,0.00013102282537147403
71,3,6,0.00011231892858631909
71,4,2,9.282964310841635e-05
71,4,3,9.161607886198908e-05
71,4,4,9.848966146819293e-05
71,4,5,9.844179294304922e-05
71,4,6,9.840380516834557e-05
71,5,2,0.0001002354547381401
71,5,3,9.926722123054788e-05
71,5,4,0.00010014948202297091
71,5,5,9.917862189467996e-05
71,5,6,9.913702524499968e-05
71,6,2,0.00012095460260752589
71,6,3,0.00013166775170248002
71,6,4,0.00013161031529307365
71,6,5,0.00013541652879212052
71,6,6,0.00013535851030610502
71,7,2,8.167578926077113e-05
71,7,3,7.80826885602437e-05
71,7,4,7.680037379032001e-05
71,7,5,8.815564069664106e-05
71,7,6,8.811167208477855e-05
71,8,2,0.00010176286014029756
71,8,3,0.00010211492917733267
71,8,4,7.80443733674474e-05
71,8,5,7.880383782321587e-05
71,8,6,8.178630378097296e-05
71,9,2,0.00010094837489305064
71,9,3,8.836892811814323e-05
71,9,4,0.00011614149116212502
71,9,5,0.00010158734949072823
71,9,6,8.94348049769178e-05
71,10,2,0.00012409500777721405
71,10,3,0.00011632337555056438
71,10,4,0.00010879604815272614
71,10,5,0.00012457542470656335
71,10,6,0.0001277388510061428
71,11,2,0.00010130494047189131
71,11,3,9.446379408473149e-05
71,11,4,0.00010418827150715515
71,11,5,0.00010532804299145937
71,11,6,9.434179810341448e-05
72,0,2,0.00010120947263203561
72,0,3,0.00010115733311977237
72,0,4,0.000101107383670751
72,0,5,0.0001010769628919661
72,0,6,0.00010102584201376885
72,1,2,0.6316666007041931
72,1,3,6.653829132119427e-07
72,1,4,6.752242711627332e-07
72,1,5,6.644208383477235e-07
72,1,6,6.66359198930877e-07
72,2,2,0.00011454585910541937
72,2,3,0.000114493552246131
72,2,4,0.00011444230767665431
72,2,5,0.0001143924382631667
72,2,6,0.00011434213229222223
72,3,2,9.962148033082485e-05
72,3,3,0.0001282959565287456
72,3,4,0.0001277297706110403
72,3,5,0.00012766539293807
72,3,6,0.00013510968710761517
72,4,2,7.757255661999807e-05
72,4,3,7.229618495330215e-05
72,4,4,7.226586603792384e-05
72,4,5,7.223295688163489e-05
72,4,6,7.219922554213554e-05
72,5,2,0.00011077761155320331
72,5,3,0.00010099601786350831
72,5,4,0.0001106943454942666
72,5,5,0.00011063626880059019
72,5,6,0.00011058735253755003
72,6,2,0.00010649779869709164
72,6,3,0.00010645050497259945
72,6,4,0.00010640460095601156
72,6,5,0.00010635543003445491
72,6,6,0.00010630617180140689
72,7,2,0.0001334329426754266
72,7,3,0.00012253016757313162
72,7,4,0.00012247616541571915
72,7,5,0.00012242230877745897
72,7,6,0.00012236661859788
72,8,2,0.0001185100045404397
72,8,3,0.00011845678091049194
72,8,4,0.00011840449587907642
72,8,5,0.00011835237091872841
72,8,6,0.00011829874711111188
72,9,2,0.000136499191285111
72,9,3,0.00014187610941007733
72,9,4,0.00014180866128299385
72,9,5,0.00014174633543007076
72,9,6,0.00014168252528179437
72,10,2,0.0001615306391613558
72,10,3,0.00014676110004074872
72,10,4,0.00013625971041619778
72,10,5,0.0001361900067422539
72,10,6,0.00014658129657618701
72,11,2,0.00014209678920451552
72,11,3,0.00012089273513993248
72,11,4,0.00012083951150998473
72,11,5,0.00012078236613888294
72,11,6,0.00012073221296304837
73,0,2,0.48443105816841125
73,0,3,8.131503470565349e-09
73,0,4,8.136085583032582e-09
73,0,5,2.2270874922014627e-07
73,0,6,3.9112367744564835e-07
73,1,2,0.418721079826355
73,1,3,2.3506028412612068e-07
73,1,4,2.1962321739010804e-07
73,1,5,2.328893202729887e-07
73,1,6,0.1781539022922516
73,2,2,0.00010332404781365767
73,2,3,0.0001032774816849269
73,2,4,0.0001032319269143045
73,2,5,0.00010318243585061282
73,2,6,0.00010314151586499065
73,3,2,4.2129596522499924e-07
73,3,3,4.3795432702609105e-07
73,3,4,4.660329011585418e-07
73,3,5,4.662567789637251e-07
73,3,6,4.4074556626583217e-07
73,4,2,0.00011017749056918547
73,4,3,0.0001182878841063939
73,4,4,0.00011114691005786881
73,4,5,0.00011110098421340808
73,4,6,0.00011104757140856236
73,5,2,7.610622560605407e-05
73,5,3,9.442330338060856e-05
73,5,4,0.00010141582606593147
73,5,5,0.00010136404307559133
73,5,6,0.4527711272239685
73,6,2,0.00010926670802291483
73,6,3,0.00010085973917739466
73,6,4,0.0001008137478493154
73,6,5,0.00010076865873998031
73,6,6,0.00010072323493659496
73,7,2,8.657127909827977e-05
73,7,3,9.76355149759911e-05
73,7,4,9.758925443748012e-05
73,7,5,9.754561324371025e-05
73,7,6,9.750348544912413e-05
73,8,2,9.875699470285326e-05
73,8,3,9.871260408544913e-05
73,8,4,9.866990149021149e-05
73,8,5,9.862651495495811e-05
73,8,6,9.857886470854282e-05
73,9,2,0.2697020471096039
73,9,3,1.666390971877263e-07
73,9,4,1.7221823611635045e-07
73,9,5,0.12360750138759613
73,9,6,0.12039371579885483
73,10,2,0.00012234054156579077
73,10,3,0.00011942499259021133
73,10,4,0.509758710861206
73,10,5,7.75253194973402e-09
73,10,6,9.290292091179708e-09
73,11,2,0.00011679627641569823
73,11,3,0.00012756057549268007
73,11,4,0.00012750684982165694
73,11,5,0.00012744750711135566
73,11,6,0.00012739215162582695
74,0,2,3.8873162111485726e-07
74,0,3,5.241751637186098e-07
74,0,4,5.492717036759132e-07
74,0,5,5.472226689562376e-07
74,0,6,5.480807203639415e-07
74,1,2,4.901431225334818e-07
74,1,3,5.43023531918152e-07
74,1,4,5.875713782188541e-07
74,1,5,5.789904662378831e-07
74,1,6,5.874495059288165e-07
74,2,2,9.805208537727594e-05
74,2,3,9.270591544918716e-05
74,2,4,9.985085489461198e-05
74,2,5,9.980613685911521e-05
74,2,6,9.976384171750396e-05
74,3,2,0.00014421048399526626
74,3,3,0.0001826044317567721
74,3,4,0.00010935196769423783
74,3,5,0.00010930432472378016
74,3,6,0.00010925516107818112
74,4,2,9.244409011444077e-05
74,4,3,7.493034354411066e-05
74,4,4,8.519118273397908e-05
74,4,5,7.486630784114823e-05
74,4,6,7.483303488697857e-05
74,5,2,0.00014948046009521931
74,5,3,0.0001347396319033578
74,5,4,0.00012532422260846943
74,5,5,0.00013574065815191716
74,5,6,0.00013568093709181994
74,6,2,0.00011098879622295499
74,6,3,9.645236423239112e-05
74,6,4,9.641476208344102e-05
74,6,5,9.761028195498511e-05
74,6,6,9.832190698944032e-05
74,7,2,0.00012943735055159777
74,7,3,0.0001293774403166026
74,7,4,0.00012931964010931551
74,7,5,0.00012926224735565484
74,7,6,0.00012920648441649973
74,8,2,9.05635388335213e-05
74,8,3,9.053145186044276e-05
74,8,4,9.048706851899624e-05
74,8,5,9.044683974934742e-05
74,8,6,9.040682925842702e-05
74,9,2,0.7493160367012024
74,9,3,2.629894595429505e-07
74,9,4,2.665275928848132e-07
74,9,5,7.538617410318693e-07
74,9,6,7.522705232076987e-07
74,10,2,0.00016476510791108012
74,10,3,0.00011660577729344368
74,10,4,0.00011655506386887282
74,10,5,0.00011650181841105223
74,10,6,0.00012407463509589434
74,11,2,0.00012230506399646401
74,11,3,0.00018602338968776166
74,11,4,0.00019033788703382015
74,11,5,0.00019027003145311028
74,11,6,0.00019017835438717157
75,0,2,9.237651102012023e-05
75,0,3,0.00011962586722802371
75,0,4,0.00012473957031033933
75,0,5,0.00011565780732780695
75,0,6,0.0001284161553485319
75,1,2,0.00011388177517801523
75,1,3,9.37822405830957e-05
75,1,4,9.217631304636598e-05
75,1,5,8.813588647171855e-05
75,1,6,9.583867358742282e-05
75,2,2,9.584455256117508e-05
75,2,3,9.579684410709888e-05
75,2,4,9.575995500199497e-05
75,2,5,9.571847476763651e-05
75,2,6,9.566576773067936e-05
75,3,2,8.811364386929199e-05
75,3,3,9.76413139142096e-05
75,3,4,9.759761451277882e-05
75,3,5,9.755436622072011e-05
75,3,6,9.751169272931293e-05
75,4,2,0.0001442243083147332
75,4,3,0.00011679624731186777
75,4,4,0.00010937480692518875
75,4,5,0.00010932584700640291
75,4,6,0.00010927627590717748
75,5,2,0.4230022430419922
75,5,3,4.079224709130358e-07
75,5,4,4.1844663201118237e-07
75,5,5,4.27416466663999e-07
75,5,6,4.2547202383502736e-07
75,6,2,8.851544407662004e-05
75,6,3,0.49356138706207275
75,6,4,0.054172955453395844
75,6,5,0.05361942574381828
75,6,6,0.054726045578718185
75,7,2,5.980298851682164e-07
75,7,3,6.031247039572918e-07
75,7,4,0.34610414505004883
75,7,5,1.6924201418078155e-07
75,7,6,1.717486384222866e-07
75,8,2,0.37153974175453186
75,8,3,0.15411588549613953
75,8,4,0.0831635445356369
75,8,5,5.702140626340224e-08
75,8,6,0.052221331745386124
75,9,2,8.740711928112432e-05
75,9,3,0.4835577607154846
75,9,4,5.456587359731202e-07
75,9,5,0.21876533329486847
75,9,6,9.605255968381243e-08
75,10,2,5.531172178052657e-07
75,10,3,6.088779969104507e-07
75,10,4,6.098266567278188e-07
75,10,5,6.069197979741148e-07
75,10,6,6.080234129512974e-07
75,11,2,0.4433557987213135
75,11,3,4.10662011063323e-07
75,11,4,0.2488056719303131
75,11,5,1.1940522881559446e-07
75,11,6,1.1907373220765294e-07
76,0,2,9.086960926651955e-05
76,0,3,0.000114742862933781
76,0,4,0.00013384332123678178
76,0,5,0.00013379065785557032
76,0,6,0.00013373229012358934
76,1,2,0.00011352017463650554
76,1,3,0.00011347050894983113
76,1,4,0.00010314166866010055
76,1,5,0.00010309716162737459
76,1,6,0.00010305008618161082
76,2,2,9.171968849841505e-05
76,2,3,9.580745245330036e-05
76,2,4,9.576491720508784e-05
76,2,5,9.571774717187509e-05
76,2,6,9.567582310410216e-05
76,3,2,3.1342727879746235e-07
76,3,3,4.0875980289456493e-07
76,3,4,4.5058712316858873e-07
76,3,5,4.5406179083329334e-07
76,3,6,4.4996514247941377e-07
76,4,2,6.214719405761571e-07
76,4,3,6.19565639681241e-07
76,4,4,6.241009486984694e-07
76,4,5,6.214337986421015e-07
76,4,6,6.276003432503785e-07
76,5,2,8.398829231737182e-05
76,5,3,7.328340143430978e-05
76,5,4,7.375584391411394e-05
76,5,5,7.372026448138058e-05
76,5,6,7.933509914437309e-05
76,6,2,9.67008454608731e-05
76,6,3,0.00010570052108960226
76,6,4,0.00010450054105604067
76,6,5,0.00010445532097946852
76,6,6,0.00010440347978146747
76,7,3,9.873785165837035e-05
76,7,4,9.468506323173642e-05
76,7,5,0.00010129690781468526
76,7,6,8.900002285372466e-05
76,8,2,6.502186806756072e-07
76,8,3,4.7618826215511945e-07
76,8,4,4.777568847202929e-07
76,8,5,4.7365998057102843e-07
76,8,6,4.775454272021307e-07
76,9,3,4.6924333219067194e-07
76,9,4,0.20985223352909088
76,9,5,2.57283545579412e-07
76,9,6,0.19636119902133942
76,10,3,3.274149378285074e-07
76,10,4,2.8347520242277824e-07
76,10,5,3.470113938419672e-07
76,10,6,3.4650486213649856e-07
76,11,2,9.022478479892015e-05
76,11,3,9.210103598888963e-05
76,11,4,0.3832167088985443
76,11,5,3.922875464468234e-07
76,11,6,3.5226381100983417e-07
77,0,2,3.0138357942632865e-07
77,0,3,3.4211825550301e-07
77,0,4,3.304532185666176e-07
77,0,5,3.216687218809966e-07
77,0,6,3.1297642522076785e-07
77,1,2,0.00012396300735417753
77,1,3,0.5183820724487305
77,1,4,5.025144673709292e-07
77,1,5,5.266769562695117e-07
77,1,6,5.336900130714639e-07
77,2,2,0.00010138944344362244
77,2,3,0.0001045514436555095
77,2,4,0.00010325268522137776
77,2,5,0.00010320640285499394
77,2,6,0.00010316137922927737
77,3,2,6.081576771066466e-07
77,3,3,6.965277066228737e-07
77,3,4,6.598880304409249e-07
77,3,5,6.627888637922297e-07
77,3,6,6.604798841181037e-07
77,4,2,0.00011195900151506066
77,4,3,0.00013866806693840772
77,4,4,0.00014818685303907841
77,4,5,0.00014183389430399984
77,4,6,0.00012294125917833298
77,5,2,0.00010383241897216067
77,5,3,0.00011738845205400139
77,5,4,8.267362863989547e-05
77,5,5,8.52827652124688e-05
77,5,6,9.148436947725713e-05
77,6,2,0.46104446053504944
77,6,3,0.2741648256778717
77,6,4,1.5372798145563138e-07
77,6,5,0.14265580475330353
77,6,6,1.030477392305329e-07
77,7,2,0.3636430501937866
77,7,3,0.18380838632583618
77,7,4,0.11189130693674088
77,7,5,6.763585247426818e-08
77,7,6,0.09046167135238647
77,8,2,0.0001232867653016001
77,8,3,0.00010713422670960426
77,8,4,0.00010707745241234079
77,8,5,0.00010703573934733868
77,8,6,0.00010698956612031907
77,9,2,0.00011863556574098766
77,9,3,0.39472097158432007
77,9,4,0.1745436042547226
77,9,5,1.3488134698036447e-07
77,9,6,1.5628012306478922e-07
77,10,2,0.2491544932126999
77,10,3,0.13996711373329163
77,10,4,1.4708281526054634e-07
77,10,5,1.4912973256286932e-07
77,10,6,1.4869142717088835e-07
77,11,2,0.00010657705570338294
77,11,3,9.122757910517976e-05
77,11,4,9.068507642950863e-05
77,11,5,0.00010678129910957068
77,11,6,0.0001067369885277003
78,0,2,0.23870213329792023
78,0,3,1.3208060067881888e-07
78,0,4,1.154579791773358e-07
78,0,5,0.1155264601111412
78,0,6,0.07146013528108597
78,1,2,0.2454157918691635
78,1,3,0.0820157378911972
78,1,4,0.0634448453783989
78,1,5,0.05287863314151764
78,1,6,5.055830598621469e-08
78,2,2,0.0001140696695074439
78,2,3,0.00010395798744866624
78,2,4,0.00010009190009441227
78,2,5,0.00010004891373682767
78,2,6,9.603894432075322e-05
78,3,2,9.259788203053176e-05
78,3,3,8.76371850608848e-05
78,3,4,0.3912716209888458
78,3,5,3.081408408434072e-07
78,3,6,2.2743296312910388e-07
78,4,2,7.49514001654461e-05
78,4,3,7.491438009310514e-05
78,4,4,7.488446135539562e-05
78,4,5,7.484871457563713e-05
78,4,6,7.481531065423042e-05
78,5,2,7.935446046758443e-05
78,5,3,0.00010487986583029851
78,5,4,0.3707709014415741
78,5,5,3.345172956414899e-07
78,5,6,3.391456004919746e-07
78,6,2,5.114072223477706e-07
78,6,3,5.176114541427523e-07
78,6,4,5.444052817438205e-07
78,6,5,5.532486966330907e-07
78,6,6,5.53431959815498e-07
78,7,2,0.00012644435628317297
78,7,3,0.0001155290228780359
78,7,4,0.00011547777830855921
78,7,5,0.00011024176637874916
78,7,6,0.0001097572676371783
78,8,2,8.658163278596476e-05
78,8,3,8.551877544960007e-05
78,8,4,7.491563155781478e-05
78,8,5,8.36716135381721e-05
78,8,6,0.3737264573574066
78,9,2,7.713915692875162e-05
78,9,3,7.999527588253841e-05
78,9,4,7.996250496944413e-05
78,9,5,7.99240660853684e-05
78,9,6,7.989627920323983e-05
78,10,2,9.386723104398698e-05
78,10,3,9.372953354613855e-05
78,10,4,7.652486965525895e-05
78,10,5,0.00010001149348681793
78,10,6,9.395461529493332e-05
78,11,2,7.91133934399113e-05
78,11,3,7.907824328867719e-05
78,11,4,7.108793215593323e-05
78,11,5,0.3530133068561554
78,11,6,4.439188501237368e-07
79,0,2,0.35010120272636414
79,0,3,1.673655418699127e-07
79,0,4,1.5680213039104274e-07
79,0,5,1.8468917062364199e-07
79,0,6,1.792765971231347e-07
79,1,2,0.4642616808414459
79,1,3,3.194931821326463e-07
79,1,4,2.293153045229701e-07
79,1,5,3.474527829894214e-07
79,1,6,4.2289028101549775e-07
79,2,2,8.157254342222586e-05
79,2,3,9.966186917154118e-05
79,2,4,0.00010659299732651561
79,2,5,0.00010461455531185493
79,2,6,9.337413212051615e-05
79,3,2,9.562772902427241e-05
79,3,3,9.503184264758602e-05
79,3,4,0.00011158046254422516
79,3,5,8.757533214520663e-05
79,3,6,8.87795613380149e-05
79,4,2,8.157439151545987e-05
79,4,3,7.491827273042873e-05
79,4,4,7.488576375180855e-05
79,4,5,7.485064270440489e-05
79,4,6,6.881696754135191e-05
79,5,2,7.414149877149612e-05
79,5,3,7.915169408079237e-05
79,5,4,8.088865433819592e-05
79,5,5,7.869428372941911e-05
79,5,6,8.257631998276338e-05
79,6,2,0.0001545020641060546
79,6,3,0.472832590341568
79,6,4,2.4060082637333835e-07
79,6,5,3.8934641111154633e-07
79,6,6,3.8205078567443707e-07
79,7,2,0.00012704027176368982
79,7,3,0.00011602129234233871
79,7,4,0.00011548950715223327
79,7,5,9.822643914958462e-05
79,7,6,0.00010847680096048862
79,8,2,9.072868851944804e-05
79,8,3,8.552347571821883e-05
79,8,4,8.865693962434307e-05
79,8,5,9.453067468712106e-05
79,8,6,7.450516568496823e-05
79,9,2,9.797610255191103e-05
79,9,3,8.001754031283781e-05
79,9,4,7.998025830602273e-05
79,9,5,7.993846520548686e-05
79,9,6,7.990489393705502e-05
79,10,2,9.963536285795271e-05
79,10,3,0.43141254782676697
79,10,4,1.723735465475329e-07
79,10,5,3.550853477918281e-07
79,10,6,2.756358412625559e-07
79,11,2,8.287700620712712e-05
79,11,3,7.879505574237555e-05
79,11,4,7.109526632120833e-05
79,11,5,8.576339314458892e-05
79,11,6,8.572010847274214e-05
80,0,2,7.457113679265603e-05
80,0,3,7.449916301993653e-05
80,0,4,7.404707139357924e-05
80,0,5,0.3406775891780853
80,0,6,0.1421998143196106
80,1,2,0.30601516366004944
80,1,3,0.11002516001462936
80,1,4,0.06976768374443054
80,1,5,6.125691953684509e-08
80,1,6,0.082269087433815
80,2,2,7.942038791952655e-05
80,2,3,7.516229379689321e-05
80,2,4,9.573694842401892e-05
80,2,5,9.56696312641725e-05
80,2,6,9.33827250264585e-05
80,3,2,0.28396880626678467
80,3,3,0.15781472623348236
80,3,4,9.1144912062191e-08
80,3,5,0.1038656234741211
80,3,6,5.74009426657085e-08
80,4,2,8.10179190011695e-05
80,4,3,7.485589594580233e-05
80,4,4,8.09576958999969e-05
80,4,5,8.091468043858185e-05
80,4,6,7.477765757357702e-05
80,5,2,0.3737185001373291
80,5,3,3.501996843624511e-07
80,5,4,0.10837840288877487
80,5,5,1.8034779714071192e-07
80,5,6,1.508935838501202e-07
80,6,2,0.00012537770089693367
80,6,3,0.5631115436553955
80,6,4,0.17437662184238434
80,6,5,1.2887886668977444e-07
80,6,6,7.658470480009782e-08
80,7,2,7.605282007716596e-05
80,7,3,8.670570241520181e-05
80,7,4,8.610630902694538e-05
80,7,5,7.595474016852677e-05
80,7,6,7.591506437165663e-05
80,8,2,0.33406302332878113
80,8,3,2.6789010121319734e-07
80,8,4,2.709211628371122e-07
80,8,5,1.9580645016503695e-07
80,8,6,4.298527471746638e-07
80,9,2,9.18953082873486e-05
80,9,3,8.429492299910635e-05
80,9,4,0.35893991589546204
80,9,5,2.799858407342981e-07
80,9,6,2.0509367004706291e-07
80,10,2,0.3128490149974823
80,10,3,1.7295380416726402e-07
80,10,4,0.20182187855243683
80,10,5,1.092493988608112e-07
80,10,6,9.262687683531112e-08
80,11,2,7.58859096094966e-05
80,11,3,0.32846665382385254
80,11,4,2.2855050474390737e-07
80,11,5,2.467857882493263e-07
80,11,6,2.149443076859825e-07
81,0,2,0.43647491931915283
81,0,3,0.3186580538749695
81,0,4,2.0988774451780046e-07
81,0,5,2.4025484890444204e-07
81,0,6,2.1872749300655414e-07
81,1,2,0.24162660539150238
81,1,3,3.2192227195082523e-07
81,1,4,2.7490241905070434e-07
81,1,5,2.974178983095044e-07
81,1,6,2.6106809514203633e-07
81,2,2,0.00011431471648393199
81,2,3,0.00010173042392125353
81,2,4,9.577840683050454e-05
81,2,5,9.57444790401496e-05
81,2,6,9.5702416729182e-05
81,3,2,0.00011179712601006031
81,3,3,0.00012078395957360044
81,3,4,0.44823405146598816
81,3,5,4.504620108036761e-07
81,3,6,3.393384133687505e-07
81,4,2,6.886378105264157e-05
81,4,3,0.00010243929864373058
81,4,4,0.00011402002564864233
81,4,5,6.879159627715126e-05
81,4,6,6.877095438539982e-05
81,5,2,0.31567880511283875
81,5,3,5.179559821044677e-07
81,5,4,2.8163543674963876e-07
81,5,5,4.5811341919943516e-07
81,5,6,4.594163840465626e-07
81,6,2,0.3964731991291046
81,6,3,0.18346332013607025
81,6,4,1.603149968332218e-07
81,6,5,1.536704985483084e-07
81,6,6,1.5414273946134927e-07
81,7,2,0.00010025191295426339
81,7,3,0.00010825428762473166
81,7,4,0.00010317793203284964
81,7,5,0.00013110146392136812
81,7,6,0.00010088970157084987
81,8,2,9.988172678276896e-05
81,8,3,9.983650670619681e-05
81,8,4,9.979197784559801e-05
81,8,5,9.97475435724482e-05
81,8,6,9.970344399334863e-05
81,9,2,0.00011351195280440152
81,9,3,0.00011345980601618066
81,9,4,0.00010993990144925192
81,9,5,0.00011336795432725921
81,9,6,0.00012299080844968557
81,10,2,6.658108304691268e-07
81,10,3,0.29994383454322815
81,10,4,2.132236147645017e-07
81,10,5,2.4269289156109153e-07
81,10,6,1.75660773038544e-07
81,11,2,0.41140609979629517
81,11,3,3.859667003780487e-07
81,11,4,3.116703624073125e-07
81,11,5,0.18659095466136932
81,11,6,8.046958299701146e-08
82,0,2,0.00010125270637217909
82,0,3,9.445507021155208e-05
82,0,4,9.441673319088295e-05
82,0,5,9.436861000722274e-05
82,0,6,9.432874503545463e-05
82,1,2,0.00011711288971127942
82,1,3,0.5427014231681824
82,1,4,0.21792244911193848
82,1,5,1.8473605223334744e-07
82,1,6,1.1336371841252912e-07
82,2,2,9.954177949111909e-05
82,2,3,9.259080979973078e-05
82,2,4,9.476643026573583e-05
82,2,5,9.464140021009371e-05
82,2,6,9.388233593199402e-05
82,3,2,5.068647510597657e-07
82,3,3,7.522718306063325e-07
82,3,4,7.747138965896738e-07
82,3,5,7.739805596429505e-07
82,3,6,7.757740831948468e-07
82,4,2,0.00013424568169284612
82,4,3,0.00013803414185531437
82,4,4,0.00012071558012394235
82,4,5,0.00012066683120792732
82,4,6,0.00012060296285199001
82,5,2,5.412138079918805e-07
82,5,3,4.9584406269787e-07
82,5,4,4.877317110185686e-07
82,5,5,5.343925977285835e-07
82,5,6,5.584722657658858e-07
82,6,2,0.2354678064584732
82,6,3,1.3739652615640807e-07
82,6,4,0.1533825546503067
82,6,5,8.736095225003737e-08
82,6,6,8.75478036732602e-08
82,7,2,9.398089605383575e-05
82,7,3,0.00010025875235442072
82,7,4,9.838140977080911e-05
82,7,5,9.833070362219587e-05
82,7,6,9.828626207308844e-05
82,8,2,0.00010730038775363937
82,8,3,8.723183418624103e-05
82,8,4,7.274034578585997e-05
82,8,5,9.903761383611709e-05
82,8,6,7.932799053378403e-05
82,9,2,0.45200756192207336
82,9,3,4.970551117366995e-07
82,9,4,4.510974065397022e-07
82,9,5,4.668515884986846e-07
82,9,6,4.7384190793309244e-07
82,10,2,0.00010548670252319425
82,10,3,0.00024084474716801196
82,10,4,0.0001164649220299907
82,10,5,0.0001164103377959691
82,10,6,0.00024063540331553668
82,11,2,0.00010714477684814483
82,11,3,0.00012306460121180862
82,11,4,0.00012781341501977295
82,11,5,0.0001277460833080113
82,11,6,0.00012770290777552873
