game_id,image_id,rep_num,step_size
0,0,2,0.16771899163722992
0,0,3,0.105685293674469
0,0,4,0.06281688064336777
0,0,5,0.04163319244980812
0,0,6,0.02961902879178524
0,1,2,0.18456460535526276
0,1,3,0.10766083747148514
0,1,4,0.07362253963947296
0,1,5,0.07561979442834854
0,1,6,0.055021096020936966
0,2,2,0.15338853001594543
0,2,3,0.07534179091453552
0,2,4,0.06708443909883499
0,2,5,0.034388117492198944
0,2,6,0.024464678019285202
0,3,2,0.1627206653356552
0,3,3,0.07992556691169739
0,3,4,0.047505900263786316
0,3,5,0.03148552030324936
0,3,6,0.022399690002202988
0,4,2,0.10696186125278473
0,4,3,0.052537813782691956
0,4,4,0.03122725710272789
0,4,5,0.02069650962948799
0,4,6,0.014724083244800568
0,5,2,0.17251700162887573
0,5,3,0.13073700666427612
0,5,4,0.0847172960639
0,5,5,0.056148141622543335
0,5,6,0.03994537144899368
0,6,2,0.1732243299484253
0,6,3,0.08926457911729813
0,6,4,0.09720635414123535
0,6,5,0.0644255205988884
0,6,6,0.04351988062262535
0,7,2,0.10611189156770706
0,7,3,0.08266033977270126
0,7,4,0.06521601229906082
0,7,5,0.07219808548688889
0,7,6,0.054208602756261826
0,8,2,0.1405503749847412
0,8,3,0.10701743513345718
0,8,4,0.06360866874456406
0,8,5,0.04215797036886215
0,8,6,0.029992366209626198
0,9,2,0.16287823021411896
0,9,3,0.11644167453050613
0,9,4,0.06653109192848206
0,9,5,0.044094864279031754
0,9,6,0.05621744692325592
0,10,2,0.1690399944782257
0,10,3,0.08302951604127884
0,10,4,0.05870051681995392
0,10,5,0.03927987068891525
0,10,6,0.02794480510056019
0,11,2,0.16695278882980347
0,11,3,0.09247209131717682
0,11,4,0.056593600660562515
0,11,5,0.037508584558963776
0,11,6,0.02668466605246067
1,0,2,0.14586298167705536
1,0,3,0.07164536416530609
1,0,4,0.042584341019392014
1,0,5,0.028223663568496704
1,0,6,0.05143546685576439
1,1,2,0.15478752553462982
1,1,3,0.08593325316905975
1,1,4,0.07539389282464981
1,1,5,0.06484523415565491
1,1,6,0.054454777389764786
1,2,2,0.2166462540626526
1,2,3,0.13797679543495178
1,2,4,0.08201020956039429
1,2,5,0.05435395985841751
1,2,6,0.05327862128615379
1,3,2,0.11354749649763107
1,3,3,0.10279162973165512
1,3,4,0.07407611608505249
1,3,5,0.07646825164556503
1,3,6,0.04186359420418739
1,4,2,0.1484086513519287
1,4,3,0.07974609732627869
1,4,4,0.09214241057634354
1,4,5,0.06567368656396866
1,4,6,0.04672211781144142
1,5,2,0.09739081561565399
1,5,3,0.08846008032560349
1,5,4,0.05257861688733101
1,5,5,0.03484756872057915
1,5,6,0.024791542440652847
1,6,2,0.2255481481552124
1,6,3,0.08186227083206177
1,6,4,0.07331307232379913
1,6,5,0.11882985383272171
1,6,6,0.09407639503479004
1,7,2,0.24754540622234344
1,7,3,0.19822439551353455
1,7,4,0.11089805513620377
1,7,5,0.07767670601606369
1,7,6,0.055512435734272
1,8,2,0.21883700788021088
1,8,3,0.1341092735528946
1,8,4,0.07963450253009796
1,8,5,0.06091669201850891
1,8,6,0.05453126132488251
1,9,2,0.1339961290359497
1,9,3,0.09722625464200974
1,9,4,0.07114722579717636
1,9,5,0.047154299914836884
1,9,6,0.04537278786301613
1,10,2,0.1481878161430359
1,10,3,0.20577728748321533
1,10,4,0.13806398212909698
1,10,5,0.10596717149019241
1,10,6,0.0766972079873085
1,11,2,0.187397763133049
1,11,3,0.1764337420463562
1,11,4,0.09489832073450089
1,11,5,0.08822851628065109
1,11,6,0.11021053045988083
2,0,2,0.12021726369857788
2,0,3,0.10803577303886414
2,0,4,0.04788492992520332
2,0,5,0.03173672780394554
2,0,6,0.0225784033536911
2,1,2,0.07805033773183823
2,1,3,0.11844502389431
2,1,4,0.043282732367515564
2,1,5,0.08038138598203659
2,1,6,0.03856929764151573
2,2,2,0.08433181047439575
2,2,3,0.04377716779708862
2,2,4,0.0662764310836792
2,2,5,0.05973167344927788
2,2,6,0.06427343189716339
2,3,2,0.10519479215145111
2,3,3,0.09218623489141464
2,3,4,0.07085640728473663
2,3,5,0.0792694166302681
2,3,6,0.05173667520284653
2,4,2,0.11471554636955261
2,4,3,0.07064729928970337
2,4,4,0.039079565554857254
2,4,5,0.041368044912815094
2,4,6,0.026790492236614227
2,5,2,0.11770312488079071
2,5,3,0.10980834066867828
2,5,4,0.05328839644789696
2,5,5,0.06137901544570923
2,5,6,0.052357424050569534
2,6,2,0.13667456805706024
2,6,3,0.09714511036872864
2,6,4,0.08117067813873291
2,6,5,0.035439103841781616
2,6,6,0.05739409849047661
2,7,2,0.13303911685943604
2,7,3,0.10193528234958649
2,7,4,0.13122838735580444
2,7,5,0.07689157128334045
2,7,6,0.06044011190533638
2,8,2,0.09908264875411987
2,8,3,0.05806603655219078
2,8,4,0.06283511966466904
2,8,5,0.047967344522476196
2,8,6,0.03280584514141083
2,9,2,0.21597781777381897
2,9,3,0.07559938728809357
2,9,4,0.09961111098527908
2,9,5,0.07215886563062668
2,9,6,0.06296445429325104
2,10,2,0.1389576494693756
2,10,3,0.06617877632379532
2,10,4,0.07538899779319763
2,10,5,0.07400333136320114
2,10,6,0.07852637767791748
2,11,2,0.08643373847007751
2,11,3,0.10971366614103317
2,11,4,0.05262771248817444
2,11,5,0.09270556271076202
2,11,6,0.06473395973443985
3,0,2,0.14909952878952026
3,0,3,0.09130201488733292
3,0,4,0.06257594376802444
3,0,5,0.04307518154382706
3,0,6,0.057409752160310745
3,1,2,0.15226171910762787
3,1,3,0.13239964842796326
3,1,4,0.07898839563131332
3,1,5,0.06684298813343048
3,1,6,0.0464012436568737
3,2,2,0.17309314012527466
3,2,3,0.08502034842967987
3,2,4,0.050534121692180634
3,2,5,0.03349253907799721
3,2,6,0.023827534168958664
3,3,2,0.12904386222362518
3,3,3,0.12116385251283646
3,3,4,0.07201698422431946
3,3,5,0.04773075133562088
3,3,6,0.033956997096538544
3,4,2,0.12977825105190277
3,4,3,0.11004756391048431
3,4,4,0.06808988004922867
3,4,5,0.045127976685762405
3,4,6,0.03210531547665596
3,5,2,0.08548440039157867
3,5,3,0.09220264106988907
3,5,4,0.08402850478887558
3,5,5,0.06467483192682266
3,5,6,0.056557316333055496
3,6,2,0.14893263578414917
3,6,3,0.13817058503627777
3,6,4,0.08806132525205612
3,6,5,0.05626939982175827
3,6,6,0.03906124085187912
3,7,2,0.14039036631584167
3,7,3,0.12245480716228485
3,7,4,0.07278428971767426
3,7,5,0.04823929816484451
3,7,6,0.034318797290325165
3,8,2,0.11500172317028046
3,8,3,0.12558898329734802
3,8,4,0.11190024763345718
3,8,5,0.07150197774171829
3,8,6,0.04963544383645058
3,9,2,0.18382512032985687
3,9,3,0.12008357048034668
3,9,4,0.07137487828731537
3,9,5,0.047305185347795486
3,9,6,0.033654242753982544
3,10,2,0.09570144861936569
3,10,3,0.06289870291948318
3,10,4,0.0509641058743
3,10,5,0.03377751260995865
3,10,6,0.024030279368162155
3,11,2,0.13719482719898224
3,11,3,0.11616449803113937
3,11,4,0.06498906761407852
3,11,5,0.04152669012546539
3,11,6,0.028827102854847908
4,0,2,0.15207932889461517
4,0,3,0.08581201732158661
4,0,4,0.07258570939302444
4,0,5,0.049609702080488205
4,0,6,0.039048049598932266
4,1,2,0.16677755117416382
4,1,3,0.11020836234092712
4,1,4,0.07907532900571823
4,1,5,0.06684412062168121
4,1,6,0.05977236106991768
4,2,2,0.16587312519550323
4,2,3,0.12538695335388184
4,2,4,0.07452709227800369
4,2,5,0.04939437657594681
4,2,6,0.06444770097732544
4,3,2,0.18135353922843933
4,3,3,0.1207374855875969
4,3,4,0.09881704300642014
4,3,5,0.09230358898639679
4,3,6,0.05431318283081055
4,4,2,0.15392491221427917
4,4,3,0.152985617518425
4,4,4,0.09729304164648056
4,4,5,0.055851276963949203
4,4,6,0.042020753026008606
4,5,2,0.17557059228420258
4,5,3,0.14355407655239105
4,5,4,0.07902152836322784
4,5,5,0.058996375650167465
4,5,6,0.057017963379621506
4,6,2,0.12473206222057343
4,6,3,0.14501787722110748
4,6,4,0.09743307530879974
4,6,5,0.06589607894420624
4,6,6,0.046328235417604446
4,7,2,0.14277109503746033
4,7,3,0.14653280377388
4,7,4,0.12046925723552704
4,7,5,0.09308194369077682
4,7,6,0.05980117246508598
4,8,2,0.11112995445728302
4,8,3,0.10509243607521057
4,8,4,0.07149497419595718
4,8,5,0.06247585639357567
4,8,6,0.04444709047675133
4,9,2,0.14527581632137299
4,9,3,0.1260799616575241
4,9,4,0.06879860162734985
4,9,5,0.045597705990076065
4,9,6,0.032439492642879486
4,10,2,0.199193075299263
4,10,3,0.13507112860679626
4,10,4,0.0769033432006836
4,10,5,0.04913967102766037
4,10,6,0.05765285715460777
4,11,2,0.18200550973415375
4,11,3,0.12654447555541992
4,11,4,0.07617407292127609
4,11,5,0.05036592110991478
4,11,6,0.05201565474271774
5,0,2,0.14460928738117218
5,0,3,0.07977791875600815
5,0,4,0.07945309579372406
5,0,5,0.05712607875466347
5,0,6,0.04064110666513443
5,1,2,0.20753146708011627
5,1,3,0.10526023805141449
5,1,4,0.0634036660194397
5,1,5,0.05597187951207161
5,1,6,0.03858401998877525
5,2,2,0.11223563551902771
5,2,3,0.10401745140552521
5,2,4,0.061825551092624664
5,2,5,0.06138048693537712
5,2,6,0.03160441294312477
5,3,2,0.1428649127483368
5,3,3,0.16200846433639526
5,3,4,0.10807456076145172
5,3,5,0.07297106087207794
5,3,6,0.06158118695020676
5,4,2,0.13542316854000092
5,4,3,0.10180201381444931
5,4,4,0.06783293187618256
5,4,5,0.044957686215639114
5,4,6,0.03198416531085968
5,5,2,0.22136305272579193
5,5,3,0.13971136510372162
5,5,4,0.04635882005095482
5,5,5,0.06926329433917999
5,5,6,0.04790804907679558
5,6,2,0.12978656589984894
5,6,3,0.08791599422693253
5,6,4,0.08949342370033264
5,6,5,0.06442906707525253
5,6,6,0.07068668305873871
5,7,2,0.10659877955913544
5,7,3,0.21940186619758606
5,7,4,0.13476942479610443
5,7,5,0.08932122588157654
5,7,6,0.0871444046497345
5,8,2,0.19982729852199554
5,8,3,0.18882960081100464
5,8,4,0.09827399998903275
5,8,5,0.061694953590631485
5,8,6,0.04389989376068115
5,9,2,0.09706640988588333
5,9,3,0.14715906977653503
5,9,4,0.09133739024400711
5,9,5,0.07490542531013489
5,9,6,0.053289830684661865
5,10,2,0.14986558258533478
5,10,3,0.17133742570877075
5,10,4,0.09028299152851105
5,10,5,0.07396263629198074
5,10,6,0.03399612382054329
5,11,2,0.11902760714292526
5,11,3,0.07944942265748978
5,11,4,0.08420558273792267
5,11,5,0.05043192580342293
5,11,6,0.07114465534687042
6,0,2,0.13874724507331848
6,0,3,0.07409018278121948
6,0,4,0.0795416459441185
6,0,5,0.0531502440571785
6,0,6,0.06671419739723206
6,1,2,0.14504440128803253
6,1,3,0.07092588394880295
6,1,4,0.0734817311167717
6,1,5,0.04695332795381546
6,1,6,0.021117396652698517
6,2,2,0.10995548218488693
6,2,3,0.06567841023206711
6,2,4,0.046560317277908325
6,2,5,0.03085881471633911
6,2,6,0.021953832358121872
6,3,2,0.09907807409763336
6,3,3,0.04309944808483124
6,3,4,0.08273536711931229
6,3,5,0.05729254335165024
6,3,6,0.060496218502521515
6,4,2,0.12307237833738327
6,4,3,0.0795920193195343
6,4,4,0.06602142751216888
6,4,5,0.04375707358121872
6,4,6,0.031130017712712288
6,5,2,0.20018991827964783
6,5,3,0.11273586004972458
6,5,4,0.0752088874578476
6,5,5,0.07516386359930038
6,5,6,0.052286453545093536
6,6,2,0.17481674253940582
6,6,3,0.08586695045232773
6,6,4,0.0876343697309494
6,6,5,0.058081500232219696
6,6,6,0.0413208082318306
6,7,2,0.08667989075183868
6,7,3,0.04569635167717934
6,7,4,0.02716086246073246
6,7,5,0.0237120371311903
6,7,6,0.01686941087245941
6,8,2,0.059691593050956726
6,8,3,0.02931947633624077
6,8,4,0.07004940509796143
6,8,5,0.04233488440513611
6,8,6,0.0350874699652195
6,9,2,0.14275150001049042
6,9,3,0.07011706382036209
6,9,4,0.05579594522714615
6,9,5,0.036979902535676956
6,9,6,0.06479258835315704
6,10,2,0.05709310248494148
6,10,3,0.028043145313858986
6,10,4,0.016668196767568588
6,10,5,0.011047190055251122
6,10,6,0.039036400616168976
6,11,2,0.13262462615966797
6,11,3,0.06563407182693481
6,11,4,0.03752519562840462
6,11,5,0.024870600551366806
6,11,6,0.021050220355391502
7,0,2,0.16716186702251434
7,0,3,0.09316057711839676
7,0,4,0.08859240263700485
7,0,5,0.05871645361185074
7,0,6,0.04177254065871239
7,1,2,0.12952716648578644
7,1,3,0.13736775517463684
7,1,4,0.09932487457990646
7,1,5,0.06558725982904434
7,1,6,0.06686730682849884
7,2,2,0.13615044951438904
7,2,3,0.10184983164072037
7,2,4,0.08315684646368027
7,2,5,0.05511392652988434
7,2,6,0.03920959681272507
7,3,2,0.12774302065372467
7,3,3,0.05545904114842415
7,3,4,0.07396434247493744
7,3,5,0.04537048190832138
7,3,6,0.04392608255147934
7,4,2,0.17069336771965027
7,4,3,0.1055774912238121
7,4,4,0.06275280565023422
7,4,5,0.06619139760732651
7,4,6,0.05701516941189766
7,5,2,0.15035581588745117
7,5,3,0.07385216653347015
7,5,4,0.05932518094778061
7,5,5,0.03626933693885803
7,5,6,0.05866926535964012
7,6,2,0.18363599479198456
7,6,3,0.09079603850841522
7,6,4,0.09969604015350342
7,6,5,0.09476860612630844
7,6,6,0.04404886066913605
7,7,2,0.1399497240781784
7,7,3,0.1029658317565918
7,7,4,0.061200499534606934
7,7,5,0.04056190326809883
7,7,6,0.028856882825493813
7,8,2,0.16052182018756866
7,8,3,0.07884553074836731
7,8,4,0.04686395078897476
7,8,5,0.031060058623552322
7,8,6,0.02209700457751751
7,9,2,0.169647216796875
7,9,3,0.11084776371717453
7,9,4,0.07948681712150574
7,9,5,0.052681535482406616
7,9,6,0.045284297317266464
7,10,2,0.17166021466255188
7,10,3,0.11379148066043854
7,10,4,0.04243370145559311
7,10,5,0.05293978005647659
7,10,6,0.03975024074316025
7,11,2,0.18402475118637085
7,11,3,0.09795304387807846
7,11,4,0.07242217659950256
7,11,5,0.04036005958914757
7,11,6,0.03577395901083946
8,0,2,0.1087421104311943
8,0,3,0.08404961973428726
8,0,4,0.049957141280174255
8,0,5,0.03311013802886009
8,0,6,0.059319619089365005
8,1,2,0.19908806681632996
8,1,3,0.10169429332017899
8,1,4,0.060444727540016174
8,1,5,0.07807479798793793
8,1,6,0.055544622242450714
8,2,2,0.05927655100822449
8,2,3,0.029115615412592888
8,2,4,0.0173056498169899
8,2,5,0.011469672434031963
8,2,6,0.05992372706532478
8,3,2,0.2159520387649536
8,3,3,0.12169881165027618
8,3,4,0.08293212205171585
8,3,5,0.05042876675724983
8,3,6,0.05844336375594139
8,4,2,0.05702175572514534
8,4,3,0.028008099645376205
8,4,4,0.01664736121892929
8,4,5,0.01103338785469532
8,4,6,0.05922520160675049
8,5,2,0.11655647307634354
8,5,3,0.08610688894987106
8,5,4,0.05061570927500725
8,5,5,0.03354661166667938
8,5,6,0.05142373964190483
8,6,2,0.1627713292837143
8,6,3,0.07995046675205231
8,6,4,0.04752069711685181
8,6,5,0.03149532899260521
8,6,6,0.042456962168216705
8,7,2,0.20343612134456635
8,7,3,0.09992428869009018
8,7,4,0.059392672032117844
8,7,5,0.039363738149404526
8,7,6,0.05597127974033356
8,8,2,0.0659298300743103
8,8,3,0.03238358721137047
8,8,4,0.019248053431510925
8,8,5,0.051969047635793686
8,8,6,0.03697224333882332
8,9,2,0.2049175202846527
8,9,3,0.12510228157043457
8,9,4,0.07491385191679001
8,9,5,0.07154712080955505
8,9,6,0.04966677352786064
8,10,2,0.278969407081604
8,10,3,0.17881669104099274
8,10,4,0.10735517740249634
8,10,5,0.0802023783326149
8,10,6,0.05567511171102524
8,11,2,0.2072509527206421
8,11,3,0.1410810500383377
8,11,4,0.0838552936911583
8,11,5,0.055576834827661514
8,11,6,0.05663153529167175
9,0,2,0.07151822745800018
9,0,3,0.08614704012870789
9,0,4,0.03612791746854782
9,0,5,0.02394452691078186
9,0,6,0.01703481189906597
9,1,2,0.2585950493812561
9,1,3,0.11249011009931564
9,1,4,0.06293339282274246
9,1,5,0.04021315649151802
9,1,6,0.027915285900235176
9,2,2,0.1766231209039688
9,2,3,0.0867542177438736
9,2,4,0.05156468227505684
9,2,5,0.0341755710542202
9,2,6,0.024313466623425484
9,3,2,0.0879366546869278
9,3,3,0.05864546820521355
9,3,4,0.03485750034451485
9,3,5,0.0231025330722332
9,3,6,0.016435794532299042
9,4,2,0.10851507633924484
9,4,3,0.05330073460936546
9,4,4,0.03168071061372757
9,4,5,0.020997053012251854
9,4,6,0.014937899075448513
9,5,2,0.09395794570446014
9,5,3,0.048067208379507065
9,5,4,0.028570031747221947
9,5,5,0.01893538236618042
9,5,6,0.013471162877976894
9,6,2,0.17134441435337067
9,6,3,0.17753925919532776
9,6,4,0.09932560473680496
9,6,5,0.06346704065799713
9,6,6,0.04405772686004639
9,7,2,0.15738768875598907
9,7,3,0.06846439838409424
9,7,4,0.03830290958285332
9,7,5,0.024474773555994034
9,7,6,0.01698995940387249
9,8,2,0.08404191583395004
9,8,3,0.05439133569598198
9,8,4,0.03232894837856293
9,8,5,0.02142667956650257
9,8,6,0.035528600215911865
9,9,2,0.11255287379026413
9,9,3,0.11097324639558792
9,9,4,0.06595991551876068
9,9,5,0.04371630400419235
9,9,6,0.031101010739803314
9,10,2,0.1770690381526947
9,10,3,0.08697324246168137
9,10,4,0.051694873720407486
9,10,5,0.03426184132695198
9,10,6,0.03324265405535698
9,11,2,0.18628907203674316
9,11,3,0.09150196611881256
9,11,4,0.05438663810491562
9,11,5,0.036045875400304794
9,11,6,0.025644049048423767
10,0,2,0.1454029679298401
10,0,3,0.1615191400051117
10,0,4,0.08305823057889938
10,0,5,0.055048562586307526
10,0,6,0.06849543750286102
10,1,2,0.15295884013175964
10,1,3,0.09685068577528
10,1,4,0.09267210215330124
10,1,5,0.06142035871744156
10,1,6,0.04369617626070976
10,2,2,0.19425348937511444
10,2,3,0.12359147518873215
10,2,4,0.09336712211370468
10,2,5,0.06188099831342697
10,2,6,0.04402387887239456
10,3,2,0.2449028044939041
10,3,3,0.17156320810317993
10,3,4,0.10080435127019882
10,3,5,0.07011166214942932
10,3,6,0.04987940937280655
10,4,2,0.15689727663993835
10,4,3,0.10319487005472183
10,4,4,0.08489895612001419
10,4,5,0.07618612051010132
10,4,6,0.0686638355255127
10,5,2,0.18652169406414032
10,5,3,0.11053820699453354
10,5,4,0.09114059060811996
10,5,5,0.06076408177614212
10,5,6,0.05484739691019058
10,6,2,0.15656185150146484
10,6,3,0.08752509951591492
10,6,4,0.06866183876991272
10,6,5,0.08789388090372086
10,6,6,0.06739713251590729
10,7,2,0.21882903575897217
10,7,3,0.19043397903442383
10,7,4,0.11773939430713654
10,7,5,0.07803422957658768
10,7,6,0.055515747517347336
10,8,2,0.20361563563346863
10,8,3,0.10001248121261597
10,8,4,0.05777379125356674
10,8,5,0.04236086085438728
10,8,6,0.03013671189546585
10,9,2,0.24304455518722534
10,9,3,0.19564075767993927
10,9,4,0.12282869964838028
10,9,5,0.08729589730501175
10,9,6,0.062104761600494385
10,10,2,0.1849794238805771
10,10,3,0.18674977123737335
10,10,4,0.10764787346124649
10,10,5,0.07134585827589035
10,10,6,0.05075746029615402
10,11,2,0.2224753350019455
10,11,3,0.14202891290187836
10,11,4,0.10160879045724869
10,11,5,0.09407154470682144
10,11,6,0.07899965345859528
11,0,2,0.1392386108636856
11,0,3,0.10020172595977783
11,0,4,0.056058574467897415
11,0,5,0.035820286720991135
11,0,6,0.024865824729204178
11,1,2,0.09282759577035904
11,1,3,0.04559530317783356
11,1,4,0.03646305203437805
11,1,5,0.024340372532606125
11,1,6,0.015487014316022396
11,2,2,0.05953790619969368
11,2,3,0.06603837758302689
11,2,4,0.022014757618308067
11,2,5,0.05453658849000931
11,2,6,0.03151450678706169
11,3,2,0.09763143211603165
11,3,3,0.05110544711351395
11,3,4,0.09824946522712708
11,3,5,0.06511688232421875
11,3,6,0.04632597789168358
11,4,2,0.15353617072105408
11,4,3,0.09029243886470795
11,4,4,0.05874289944767952
11,4,5,0.03893306851387024
11,4,6,0.027698086574673653
11,5,2,0.11817581951618195
11,5,3,0.04996688291430473
11,5,4,0.07764983922243118
11,5,5,0.05146404355764389
11,5,6,0.036612968891859055
11,6,2,0.07160462439060211
11,6,3,0.1055523082613945
11,6,4,0.08407243341207504
11,6,5,0.03807489573955536
11,6,6,0.030140865594148636
11,7,2,0.13013119995594025
11,7,3,0.0840182676911354
11,7,4,0.04993849992752075
11,7,5,0.0330977737903595
11,7,6,0.023546691983938217
11,8,2,0.11471343785524368
11,8,3,0.0969342291355133
11,8,4,0.07315468043088913
11,8,5,0.04848477616906166
11,8,6,0.03449343517422676
11,9,2,0.12044288963079453
11,9,3,0.10790903121232986
11,9,4,0.05790962651371956
11,9,5,0.07195823639631271
11,9,6,0.04696489870548248
11,10,2,0.0792994573712349
11,10,3,0.05928882956504822
11,10,4,0.04317662864923477
11,10,5,0.06695500761270523
11,10,6,0.025709567591547966
11,11,2,0.2515861690044403
11,11,3,0.09245438128709793
11,11,4,0.09255374222993851
11,11,5,0.05905817449092865
11,11,6,0.03784343600273132
12,0,2,0.1369052529335022
12,0,3,0.09175851941108704
12,0,4,0.0962906926870346
12,0,5,0.06381865590810776
12,0,6,0.06328511983156204
12,1,2,0.11072610318660736
12,1,3,0.11311967670917511
12,1,4,0.08833262324333191
12,1,5,0.05854428559541702
12,1,6,0.04165005311369896
12,2,2,0.12273707240819931
12,2,3,0.06966107338666916
12,2,4,0.0583246648311615
12,2,5,0.03865588456392288
12,2,6,0.027500886470079422
12,3,2,0.12566521763801575
12,3,3,0.1449723243713379
12,3,4,0.1117314025759697
12,3,5,0.07625996321439743
12,3,6,0.05425349250435829
12,4,2,0.12702016532421112
12,4,3,0.08819013088941574
12,4,4,0.052418168634176254
12,4,5,0.040442705154418945
12,4,6,0.028772080317139626
12,5,2,0.12449763715267181
12,5,3,0.0874747782945633
12,5,4,0.06698314100503922
12,5,5,0.06390904635190964
12,5,6,0.04546668380498886
12,6,2,0.16727077960968018
12,6,3,0.1264074444770813
12,6,4,0.07695790380239487
12,6,5,0.051005445420742035
12,6,6,0.03628670796751976
12,7,2,0.14872369170188904
12,7,3,0.12656038999557495
12,7,4,0.06555307656526566
12,7,5,0.04009074345231056
12,7,6,0.027051033452153206
12,8,2,0.14073649048805237
12,8,3,0.08568340539932251
12,8,4,0.06276918202638626
12,8,5,0.045140016824007034
12,8,6,0.027375508099794388
12,9,2,0.07927606254816055
12,9,3,0.11062179505825043
12,9,4,0.08262407034635544
12,9,5,0.05279509350657463
12,9,6,0.036649446934461594
12,10,2,0.13229264318943024
12,10,3,0.1491585522890091
12,10,4,0.08879978954792023
12,10,5,0.08323205262422562
12,10,6,0.05921361222863197
12,11,2,0.19953083992004395
12,11,3,0.10797961056232452
12,11,4,0.10949721187353134
12,11,5,0.07984108477830887
12,11,6,0.053872376680374146
13,0,2,0.17001543939113617
13,0,3,0.1609317511320114
13,0,4,0.10644850879907608
13,0,5,0.07497343420982361
13,0,6,0.05333821102976799
13,1,2,0.2216864973306656
13,1,3,0.15307050943374634
13,1,4,0.08118238300085068
13,1,5,0.06556054204702377
13,1,6,0.04664161801338196
13,2,2,0.1291934847831726
13,2,3,0.14699769020080566
13,2,4,0.0908806324005127
13,2,5,0.06023303046822548
13,2,6,0.04285147413611412
13,3,2,0.20865508913993835
13,3,3,0.14385101199150085
13,3,4,0.08550169318914413
13,3,5,0.056668028235435486
13,3,6,0.040315233170986176
13,4,2,0.10264092683792114
13,4,3,0.08127624541521072
13,4,4,0.13751259446144104
13,4,5,0.10092104226350784
13,4,6,0.06809598207473755
13,5,2,0.19044934213161469
13,5,3,0.10983281582593918
13,5,4,0.10947717726230621
13,5,5,0.07255827635526657
13,5,6,0.051620002835989
13,6,2,0.20194576680660248
13,6,3,0.14802886545658112
13,6,4,0.0944579616189003
13,6,5,0.06260397285223007
13,6,6,0.0445382334291935
13,7,2,0.1626976728439331
13,7,3,0.14183372259140015
13,7,4,0.08259906619787216
13,7,5,0.05474424734711647
13,7,6,0.03894660249352455
13,8,2,0.168753981590271
13,8,3,0.09551379084587097
13,8,4,0.046314842998981476
13,8,5,0.04365968331694603
13,8,6,0.031060731038451195
13,9,2,0.1798524707555771
13,9,3,0.0973869264125824
13,9,4,0.10790619999170303
13,9,5,0.08142270147800446
13,9,6,0.07288633286952972
13,10,2,0.15097449719905853
13,10,3,0.13654765486717224
13,10,4,0.07914634793996811
13,10,5,0.05245588347315788
13,10,6,0.037318598479032516
13,11,2,0.18408390879631042
13,11,3,0.11999410390853882
13,11,4,0.08337736129760742
13,11,5,0.05526008456945419
13,11,6,0.039313580840826035
14,0,2,0.11161375045776367
14,0,3,0.06148688495159149
14,0,4,0.04919763281941414
14,0,5,0.032726533710956573
14,0,6,0.024652155116200447
14,1,2,0.11636252701282501
14,1,3,0.05715525895357132
14,1,4,0.03397175297141075
14,1,5,0.022515488788485527
14,1,6,0.016018152236938477
14,2,2,0.06923684477806091
14,2,3,0.0659332424402237
14,2,4,0.0391891784965992
14,2,5,0.025973448529839516
14,2,6,0.018478242680430412
14,3,2,0.1334477663040161
14,3,3,0.06367003172636032
14,3,4,0.0581749826669693
14,3,5,0.03855668008327484
14,3,6,0.027430305257439613
14,4,2,0.11104732006788254
14,4,3,0.04830612614750862
14,4,4,0.027025211602449417
14,4,5,0.017268557101488113
14,4,6,0.011987537145614624
14,5,2,0.10727900266647339
14,5,3,0.09506510943174362
14,5,4,0.05650448426604271
14,5,5,0.03525235131382942
14,5,6,0.02507951110601425
14,6,2,0.16203004121780396
14,6,3,0.10569320619106293
14,6,4,0.07913418114185333
14,6,5,0.05056512728333473
14,6,6,0.03510144352912903
14,7,2,0.10412262380123138
14,7,3,0.13307172060012817
14,7,4,0.08277717977762222
14,7,5,0.056622639298439026
14,7,6,0.038587626069784164
14,8,2,0.1070559024810791
14,8,3,0.06775709241628647
14,8,4,0.08430244773626328
14,8,5,0.038630563765764236
14,8,6,0.03146001324057579
14,9,2,0.11730767041444778
14,9,3,0.057619500905275345
14,9,4,0.034247685223817825
14,9,5,0.030867120251059532
14,9,6,0.017780356109142303
14,10,2,0.1571047157049179
14,10,3,0.08539392054080963
14,10,4,0.0648740902543068
14,10,5,0.06164215877652168
14,10,6,0.043853968381881714
14,11,2,0.11860491335391998
14,11,3,0.08564698696136475
14,11,4,0.050906579941511154
14,11,5,0.03373938798904419
14,11,6,0.024003149941563606
15,0,2,0.15193040668964386
15,0,3,0.10306744277477264
15,0,4,0.07215877622365952
15,0,5,0.07291346043348312
15,0,6,0.04654744639992714
15,1,2,0.12412252277135849
15,1,3,0.09080222994089127
15,1,4,0.046582531183958054
15,1,5,0.0521555058658123
15,1,6,0.05066518858075142
15,2,2,0.1465083211660385
15,2,3,0.0788629800081253
15,2,4,0.06585855782032013
15,2,5,0.03658146783709526
15,2,6,0.05763925239443779
15,3,2,0.16336995363235474
15,3,3,0.08024448156356812
15,3,4,0.05503382533788681
15,3,5,0.0364748053252697
15,3,6,0.025949204340577126
15,4,2,0.2077161818742752
15,4,3,0.12600623071193695
15,4,4,0.08290179818868637
15,4,5,0.058337658643722534
15,4,6,0.04049699753522873
15,5,2,0.17169733345508575
15,5,3,0.10575783252716064
15,5,4,0.06278578191995621
15,5,5,0.04011883959174156
15,5,6,0.06362700462341309
15,6,2,0.16754594445228577
15,6,3,0.1044294610619545
15,6,4,0.09528744965791702
15,6,5,0.06315374374389648
15,6,6,0.044929347932338715
15,7,2,0.1202489361166954
15,7,3,0.06730113178491592
15,7,4,0.04773170128464699
15,7,5,0.056575190275907516
15,7,6,0.02755187638103962
15,8,2,0.17075906693935394
15,8,3,0.08387389034032822
15,8,4,0.04985269531607628
15,8,5,0.033040907233953476
15,8,6,0.023506229743361473
15,9,2,0.11892547458410263
15,9,3,0.13726407289505005
15,9,4,0.08790300786495209
15,9,5,0.03543854504823685
15,9,6,0.09707146137952805
15,10,2,0.15968690812587738
15,10,3,0.10524789243936539
15,10,4,0.07208269089460373
15,10,5,0.05111551284790039
15,10,6,0.04232524335384369
15,11,2,0.14878441393375397
15,11,3,0.08267274498939514
15,11,4,0.06073690578341484
15,11,5,0.035778891295194626
15,11,6,0.03720054775476456
16,0,2,0.1414192169904709
16,0,3,0.06946267932653427
16,0,4,0.048115164041519165
16,0,5,0.03188932314515114
16,0,6,0.02268696203827858
16,1,2,0.18037544190883636
16,1,3,0.08859729021787643
16,1,4,0.05266017094254494
16,1,5,0.03490161523222923
16,1,6,0.02482999861240387
16,2,2,0.13413822650909424
16,2,3,0.07976511865854263
16,2,4,0.04741052910685539
16,2,5,0.031422313302755356
16,2,6,0.022354720160365105
16,3,2,0.14846171438694
16,3,3,0.0816088393330574
16,3,4,0.048506397753953934
16,3,5,0.03214862197637558
16,3,6,0.022871434688568115
16,4,2,0.154721200466156
16,4,3,0.07599637657403946
16,4,4,0.045170485973358154
16,4,5,0.02993766777217388
16,4,6,0.02129850536584854
16,5,2,0.12905624508857727
16,5,3,0.06339019536972046
16,5,4,0.03767765685915947
16,5,5,0.024971650913357735
16,5,6,0.017765536904335022
16,6,2,0.19438092410564423
16,6,3,0.10366658866405487
16,6,4,0.06161701679229736
16,6,5,0.040837954729795456
16,6,6,0.029053272679448128
16,7,2,0.17020055651664734
16,7,3,0.09458856284618378
16,7,4,0.05622124299407005
16,7,5,0.03726179152727127
16,7,6,0.02650909125804901
16,8,2,0.11999457329511642
16,8,3,0.05893925577402115
16,8,4,0.03503212332725525
16,8,5,0.023218266665935516
16,8,6,0.016518129035830498
16,9,2,0.1613146811723709
16,9,3,0.07923497259616852
16,9,4,0.04709542542695999
16,9,5,0.03121347725391388
16,9,6,0.0222061425447464
16,10,2,0.1373816877603531
16,10,3,0.08775977045297623
16,10,4,0.05216236785054207
16,10,5,0.03457168862223625
16,10,6,0.02459527924656868
16,11,2,0.15263722836971283
16,11,3,0.07497275620698929
16,11,4,0.044562071561813354
16,11,5,0.029534433037042618
16,11,6,0.021011630073189735
17,0,2,0.14423984289169312
17,0,3,0.11249017715454102
17,0,4,0.06686154752969742
17,0,5,0.04431387037038803
17,0,6,0.031526144593954086
17,1,2,0.0999491885304451
17,1,3,0.142034649848938
17,1,4,0.0668272003531456
17,1,5,0.07830557972192764
17,1,6,0.04107367992401123
17,2,2,0.06075089052319527
17,2,3,0.06234163045883179
17,2,4,0.08598467707633972
17,2,5,0.056988123804330826
17,2,6,0.040542952716350555
17,3,2,0.16239361464977264
17,3,3,0.1255943328142166
17,3,4,0.0746503472328186
17,3,5,0.054123930633068085
17,3,6,0.036240801215171814
17,4,2,0.12124713510274887
17,4,3,0.05955449119210243
17,4,4,0.035397808998823166
17,4,5,0.04271072521805763
17,4,6,0.05748596042394638
17,5,2,0.11262206733226776
17,5,3,0.0818263366818428
17,5,4,0.07603845000267029
17,5,5,0.05439452826976776
17,5,6,0.060100991278886795
17,6,2,0.18107174336910248
17,6,3,0.08457544445991516
17,6,4,0.08962581306695938
17,6,5,0.05726906657218933
17,6,6,0.0486808679997921
17,7,2,0.21851371228694916
17,7,3,0.17776507139205933
17,7,4,0.08667939156293869
17,7,5,0.12821371853351593
17,7,6,0.08661998063325882
17,8,2,0.1334473341703415
17,8,3,0.0977393314242363
17,8,4,0.06275205314159393
17,8,5,0.04159022495150566
17,8,6,0.02958845905959606
17,9,2,0.12800084054470062
17,9,3,0.08280562609434128
17,9,4,0.04921773821115494
17,9,5,0.048350829631090164
17,9,6,0.04540453851222992
17,10,2,0.3127709627151489
17,10,3,0.1296834647655487
17,10,4,0.08730293065309525
17,10,5,0.05968957394361496
17,10,6,0.06991913169622421
17,11,2,0.2630619704723358
17,11,3,0.11131474375724792
17,11,4,0.1034330427646637
17,11,5,0.06192424148321152
17,11,6,0.047127943485975266
18,0,2,0.09893342107534409
18,0,3,0.04859438166022301
18,0,4,0.028883377090096474
18,0,5,0.019143052399158478
18,0,6,0.013618910685181618
18,1,2,0.15147574245929718
18,1,3,0.11260875314474106
18,1,4,0.07148069888353348
18,1,5,0.06082544103264809
18,1,6,0.036473795771598816
18,2,2,0.12276019155979156
18,2,3,0.060297686606645584
18,2,4,0.035839542746543884
18,2,5,0.023753399029374123
18,2,6,0.0372324101626873
18,3,2,0.10900785028934479
18,3,3,0.08832146972417831
18,3,4,0.0462513267993927
18,3,5,0.04897578805685043
18,3,6,0.03525891155004501
18,4,2,0.11834109574556351
18,4,3,0.05812710151076317
18,4,4,0.05898170545697212
18,4,5,0.09619852155447006
18,4,6,0.0684383437037468
18,5,2,0.21475417912006378
18,5,3,0.0981072410941124
18,5,4,0.08512826263904572
18,5,5,0.06085866317152977
18,5,6,0.043628569692373276
18,6,2,0.09653888642787933
18,6,3,0.04975989833474159
18,6,4,0.03360655531287193
18,6,5,0.027833443135023117
18,6,6,0.04298979416489601
18,7,2,0.10894294828176498
18,7,3,0.1739070564508438
18,7,4,0.1106250211596489
18,7,5,0.09029420465230942
18,7,6,0.0724802017211914
18,8,2,0.16246317327022552
18,8,3,0.0797990933060646
18,8,4,0.047430723905563354
18,8,5,0.03143569827079773
18,8,6,0.022364243865013123
18,9,2,0.07495403289794922
18,9,3,0.10495699197053909
18,9,4,0.062383998185396194
18,9,5,0.041346289217472076
18,9,6,0.039210233837366104
18,10,2,0.14461390674114227
18,10,3,0.07517267018556595
18,10,4,0.07595004886388779
18,10,5,0.045475952327251434
18,10,6,0.05178678035736084
18,11,2,0.14698092639446259
18,11,3,0.07795067131519318
18,11,4,0.06347222626209259
18,11,5,0.04055745527148247
18,11,6,0.02815428376197815
19,0,2,0.16405318677425385
19,0,3,0.08058008551597595
19,0,4,0.047894928604364395
19,0,5,0.04671568423509598
19,0,6,0.025901826098561287
19,1,2,0.14062736928462982
19,1,3,0.10690943151712418
19,1,4,0.06265529990196228
19,1,5,0.09482532739639282
19,1,6,0.056295499205589294
19,2,2,0.15675687789916992
19,2,3,0.08895595371723175
19,2,4,0.06521391868591309
19,2,5,0.05072798579931259
19,2,6,0.04074445739388466
19,3,2,0.16365958750247955
19,3,3,0.10745628923177719
19,3,4,0.06272213160991669
19,3,5,0.061276212334632874
19,3,6,0.04305842146277428
19,4,2,0.13080911338329315
19,4,3,0.09145144373178482
19,4,4,0.054356615990400314
19,4,5,0.036025967448949814
19,4,6,0.02562989667057991
19,5,2,0.15307046473026276
19,5,3,0.14115460216999054
19,5,4,0.07753585278987885
19,5,5,0.04404846206307411
19,5,6,0.03133730962872505
19,6,2,0.1027437299489975
19,6,3,0.07626369595527649
19,6,4,0.0516667403280735
19,6,5,0.053564634174108505
19,6,6,0.03360524773597717
19,7,2,0.24397890269756317
19,7,3,0.11688541620969772
19,7,4,0.06947396695613861
19,7,5,0.05917075276374817
19,7,6,0.04209572449326515
19,8,2,0.15972064435482025
19,8,3,0.12269683927297592
19,8,4,0.09199889004230499
19,8,5,0.057295460253953934
19,8,6,0.07205791026353836
19,9,2,0.17151756584644318
19,9,3,0.07930366694927216
19,9,4,0.058832913637161255
19,9,5,0.043439578264951706
19,9,6,0.06925983726978302
19,10,2,0.15178313851356506
19,10,3,0.13934260606765747
19,10,4,0.09355074167251587
19,10,5,0.07122787833213806
19,10,6,0.07477179169654846
19,11,2,0.2061297595500946
19,11,3,0.12066569179296494
19,11,4,0.10050839930772781
19,11,5,0.05037431791424751
19,11,6,0.06226285919547081
20,0,2,0.1939159333705902
20,0,3,0.12268185615539551
20,0,4,0.07291922718286514
20,0,5,0.048328738659620285
20,0,6,0.05961262807250023
20,1,2,0.21682624518871307
20,1,3,0.12447959184646606
20,1,4,0.09734157472848892
20,1,5,0.06451515853404999
20,1,6,0.045897889882326126
20,2,2,0.1631508767604828
20,2,3,0.08013688772916794
20,2,4,0.047631505876779556
20,2,5,0.03156876936554909
20,2,6,0.022458910942077637
20,3,2,0.15088491141796112
20,3,3,0.07889305055141449
20,3,4,0.07976576685905457
20,3,5,0.05286642163991928
20,3,6,0.03761066496372223
20,4,2,0.1658601611852646
20,4,3,0.08477573096752167
20,4,4,0.08605730533599854
20,4,5,0.05703626200556755
20,4,6,0.040577203035354614
20,5,2,0.16045546531677246
20,5,3,0.11965233087539673
20,5,4,0.07347618043422699
20,5,5,0.04694978520274162
20,5,6,0.03734209015965462
20,6,2,0.23535823822021484
20,6,3,0.14240409433841705
20,6,4,0.08287063986063004
20,6,5,0.05295264720916748
20,6,6,0.03675881400704384
20,7,2,0.16647092998027802
20,7,3,0.09506872296333313
20,7,4,0.05650664120912552
20,7,5,0.03745094686746597
20,7,6,0.06209748238325119
20,8,2,0.13942696154117584
20,8,3,0.1345110684633255
20,8,4,0.079950250685215
20,8,5,0.0529886856675148
20,8,6,0.037697646766901016
20,9,2,0.12338463962078094
20,9,3,0.1414726823568344
20,9,4,0.0900891125202179
20,9,5,0.06289391964673996
20,9,6,0.04843553155660629
20,10,2,0.17242856323719025
20,10,3,0.1384122222661972
20,10,4,0.0716918408870697
20,10,5,0.060196757316589355
20,10,6,0.07522743195295334
20,11,2,0.1892155557870865
20,11,3,0.10807934403419495
20,11,4,0.09062851220369339
20,11,5,0.06006592884659767
20,11,6,0.05221084877848625
21,0,2,0.12594851851463318
21,0,3,0.15039107203483582
21,0,4,0.10019437223672867
21,0,5,0.06402216851711273
21,0,6,0.050609733909368515
21,1,2,0.11456772685050964
21,1,3,0.07600030303001404
21,1,4,0.04402203485369682
21,1,5,0.04045455530285835
21,1,6,0.04441427066922188
21,2,2,0.05927655100822449
21,2,3,0.029115615412592888
21,2,4,0.0173056498169899
21,2,5,0.011469672434031963
21,2,6,0.008159852586686611
21,3,2,0.1395869255065918
21,3,3,0.10872972756624222
21,3,4,0.085964635014534
21,3,5,0.05697484314441681
21,3,6,0.05865789204835892
21,4,2,0.22374635934829712
21,4,3,0.10511943697929382
21,4,4,0.09793134033679962
21,4,5,0.06647339463233948
21,4,6,0.02917734906077385
21,5,2,0.1118539571762085
21,5,3,0.09617862850427628
21,5,4,0.057166341692209244
21,5,5,0.03788817673921585
21,5,6,0.02695471979677677
21,6,2,0.1199222132563591
21,6,3,0.13670407235622406
21,6,4,0.07648007571697235
21,6,5,0.048869211226701736
21,6,6,0.0339241623878479
21,7,2,0.23726269602775574
21,7,3,0.14128665626049042
21,7,4,0.07904383540153503
21,7,5,0.050507400184869766
21,7,6,0.035061370581388474
21,8,2,0.1767607033252716
21,8,3,0.07602795958518982
21,8,4,0.049003586173057556
21,8,5,0.03247814252972603
21,8,6,0.023105869069695473
21,9,2,0.24427106976509094
21,9,3,0.13653554022312164
21,9,4,0.13155187666416168
21,9,5,0.08405895531177521
21,9,6,0.058352287858724594
21,10,2,0.09187480807304382
21,10,3,0.07354649156332016
21,10,4,0.10551022738218307
21,10,5,0.06337681412696838
21,10,6,0.04149598255753517
21,11,2,0.14567315578460693
21,11,3,0.09165623039007187
21,11,4,0.12463613599538803
21,11,5,0.067298524081707
21,11,6,0.07966136932373047
22,0,2,0.13136635720729828
22,0,3,0.08619214594364166
22,0,4,0.03499038890004158
22,0,5,0.05497442185878754
22,0,6,0.04961193725466728
22,1,2,0.1258094608783722
22,1,3,0.09740649908781052
22,1,4,0.106815867125988
22,1,5,0.1079346165060997
22,1,6,0.07492634654045105
22,2,2,0.10807636380195618
22,2,3,0.05308523774147034
22,2,4,0.03155263513326645
22,2,5,0.0393066331744194
22,2,6,0.01658329926431179
22,3,2,0.18785607814788818
22,3,3,0.13744083046913147
22,3,4,0.0864027738571167
22,3,5,0.05897614732384682
22,3,6,0.06453894823789597
22,4,2,0.13790902495384216
22,4,3,0.07236828655004501
22,4,4,0.17193244397640228
22,4,5,0.10020295530557632
22,4,6,0.0676114559173584
22,5,2,0.15259750187397003
22,5,3,0.09711042791604996
22,5,4,0.05529328063130379
22,5,5,0.036646775901317596
22,5,6,0.026071544736623764
22,6,2,0.18036706745624542
22,6,3,0.07070336490869522
22,6,4,0.07339056581258774
22,6,5,0.04421915113925934
22,6,6,0.04957610368728638
22,7,2,0.10562413185834885
22,7,3,0.0775030106306076
22,7,4,0.12387081235647202
22,7,5,0.07745221257209778
22,7,6,0.052260495722293854
22,8,2,0.134403258562088
22,8,3,0.08469459414482117
22,8,4,0.1184881404042244
22,8,5,0.0757654532790184
22,8,6,0.05967085063457489
22,9,2,0.13390882313251495
22,9,3,0.09542427957057953
22,9,4,0.049478720873594284
22,9,5,0.0502343624830246
22,9,6,0.03262459114193916
22,10,2,0.10950873047113419
22,10,3,0.12550951540470123
22,10,4,0.09373418986797333
22,10,5,0.062196921557188034
22,10,6,0.0525299496948719
22,11,2,0.1279643028974533
22,11,3,0.11160098016262054
22,11,4,0.05823329836130142
22,11,5,0.07621324807405472
22,11,6,0.0559161975979805
23,0,2,0.16990050673484802
23,0,3,0.09326954185962677
23,0,4,0.0749470517039299
23,0,5,0.06574895232915878
23,0,6,0.06134689226746559
23,1,2,0.1406441628932953
23,1,3,0.09822092950344086
23,1,4,0.08994382619857788
23,1,5,0.058065786957740784
23,1,6,0.04303634539246559
23,2,2,0.0791715458035469
23,2,3,0.09263556450605392
23,2,4,0.12430010735988617
23,2,5,0.07942522317171097
23,2,6,0.07603242993354797
23,3,2,0.16786418855190277
23,3,3,0.12587092816829681
23,3,4,0.07743817567825317
23,3,5,0.056346625089645386
23,3,6,0.04426008090376854
23,4,2,0.15506598353385925
23,4,3,0.11444500833749771
23,4,4,0.05991319566965103
23,4,5,0.10160301625728607
23,4,6,0.07053106278181076
23,5,2,0.15964195132255554
23,5,3,0.11149141937494278
23,5,4,0.06643947958946228
23,5,5,0.05210959538817406
23,5,6,0.04203430935740471
23,6,2,0.1460925042629242
23,6,3,0.14846819639205933
23,6,4,0.09211362153291702
23,6,5,0.09598230570554733
23,6,6,0.06798192113637924
23,7,2,0.14124912023544312
23,7,3,0.16131529211997986
23,7,4,0.09290321916341782
23,7,5,0.07213841378688812
23,7,6,0.044701214879751205
23,8,2,0.19783590734004974
23,8,3,0.10036538541316986
23,8,4,0.15663282573223114
23,8,5,0.09737567603588104
23,8,6,0.07927501201629639
23,9,2,0.14706721901893616
23,9,3,0.11802256107330322
23,9,4,0.12100108712911606
23,9,5,0.07293274253606796
23,9,6,0.06885271519422531
23,10,2,0.11618862301111221
23,10,3,0.09013428539037704
23,10,4,0.06530529260635376
23,10,5,0.0621834322810173
23,10,6,0.05667604133486748
23,11,2,0.09142693877220154
23,11,3,0.12893426418304443
23,11,4,0.08366315066814423
23,11,5,0.06290698796510696
23,11,6,0.050371985882520676
24,0,2,0.14609383046627045
24,0,3,0.09586142748594284
24,0,4,0.05363035947084427
24,0,5,0.03426871448755264
24,0,6,0.02378874458372593
24,1,2,0.1350507140159607
24,1,3,0.08923214673995972
24,1,4,0.05303751677274704
24,1,5,0.03515171259641647
24,1,6,0.08917161822319031
24,2,2,0.11565547436475754
24,2,3,0.062487829476594925
24,2,4,0.03714131563901901
24,2,5,0.02461617812514305
24,2,6,0.017512641847133636
24,3,2,0.17624321579933167
24,3,3,0.09006237983703613
24,3,4,0.06567828357219696
24,3,5,0.04156933352351189
24,3,6,0.02957359328866005
24,4,2,0.13030150532722473
24,4,3,0.09279272705316544
24,4,4,0.055153850466012955
24,4,5,0.036554355174303055
24,4,6,0.02600579895079136
24,5,2,0.14776864647865295
24,5,3,0.0795135349035263
24,5,4,0.05169808864593506
24,5,5,0.0342639796435833
24,5,6,0.024376356974244118
24,6,2,0.14732645452022552
24,6,3,0.09881771355867386
24,6,4,0.0587349534034729
24,6,5,0.03892780840396881
24,6,6,0.02769434079527855
24,7,2,0.17189660668373108
24,7,3,0.10703935474157333
24,7,4,0.0789208933711052
24,7,5,0.06100544333457947
24,7,6,0.04340098798274994
24,8,2,0.1154012605547905
24,8,3,0.10434460639953613
24,8,4,0.054333899170160294
24,8,5,0.03909821808338165
24,8,6,0.02588605508208275
24,9,2,0.18824009597301483
24,9,3,0.09367823600769043
24,9,4,0.07311900705099106
24,9,5,0.04846113175153732
24,9,6,0.034476619213819504
24,10,2,0.18803007900714874
24,10,3,0.09235712140798569
24,10,4,0.05489492416381836
24,10,5,0.03638274967670441
24,10,6,0.025883713737130165
24,11,2,0.1622096598148346
24,11,3,0.0868915542960167
24,11,4,0.1082945317029953
24,11,5,0.06692411005496979
24,11,6,0.047611694782972336
25,0,2,0.1675087958574295
25,0,3,0.1150168851017952
25,0,4,0.06836336106061935
25,0,5,0.04530923813581467
25,0,6,0.03223427012562752
25,1,2,0.12846694886684418
25,1,3,0.08272077143192291
25,1,4,0.07356899976730347
25,1,5,0.03802216425538063
25,1,6,0.04166969284415245
25,2,2,0.12167977541685104
25,2,3,0.05976700410246849
25,2,4,0.03552411496639252
25,2,5,0.023544346913695335
25,2,6,0.01675010845065117
25,3,2,0.1492939591407776
25,3,3,0.10961925983428955
25,3,4,0.08441139757633209
25,3,5,0.05594540387392044
25,3,6,0.03980113938450813
25,4,2,0.12675561010837555
25,4,3,0.062260162085294724
25,4,4,0.03700599446892738
25,4,5,0.02452648989856243
25,4,6,0.01744883693754673
25,5,2,0.15396471321582794
25,5,3,0.09092825651168823
25,5,4,0.05683596432209015
25,5,5,0.037669215351343155
25,5,6,0.026798943057656288
25,6,2,0.14450760185718536
25,6,3,0.06635945290327072
25,6,4,0.07032205909490585
25,6,5,0.05499649420380592
25,6,6,0.03817761689424515
25,7,2,0.09604337811470032
25,7,3,0.0471748448908329
25,7,4,0.028039630502462387
25,7,5,0.01858384720981121
25,7,6,0.0132210748270154
25,8,2,0.1329536736011505
25,8,3,0.12550637125968933
25,8,4,0.07459807395935059
25,8,5,0.07749349623918533
25,8,6,0.055131059139966965
25,9,2,0.12062840163707733
25,9,3,0.13089916110038757
25,9,4,0.07965510338544846
25,9,5,0.052793074399232864
25,9,6,0.037558481097221375
25,10,2,0.11003624647855759
25,10,3,0.0666617602109909
25,10,4,0.08490423858165741
25,10,5,0.060473740100860596
25,10,6,0.05862565338611603
25,11,2,0.09872143715620041
25,11,3,0.0898786410689354
25,11,4,0.05342177301645279
25,11,5,0.035406388342380524
25,11,6,0.025189103558659554
26,0,2,0.1574692577123642
26,0,3,0.10026805847883224
26,0,4,0.08211592584848404
26,0,5,0.05442403256893158
26,0,6,0.03871879726648331
26,1,2,0.1542157232761383
26,1,3,0.06708458811044693
26,1,4,0.03753095492720604
26,1,5,0.02398151531815529
26,1,6,0.016647551208734512
26,2,2,0.1217980682849884
26,2,3,0.059825096279382706
26,2,4,0.035558655858039856
26,2,5,0.023567231371998787
26,2,6,0.016766395419836044
26,3,2,0.12215457111597061
26,3,3,0.060000211000442505
26,3,4,0.05188026279211044
26,3,5,0.03438472002744675
26,3,6,0.02446225844323635
26,4,2,0.1259884089231491
26,4,3,0.058033932000398636
26,4,4,0.0471399687230587
26,4,5,0.031242992728948593
26,4,6,0.022227145731449127
26,5,2,0.11222198605537415
26,5,3,0.0670679435133934
26,5,4,0.03986363112926483
26,5,5,0.02642044983804226
26,5,6,0.018796252086758614
26,6,2,0.15376605093479156
26,6,3,0.1113731786608696
26,6,4,0.10037682205438614
26,6,5,0.06632135808467865
26,6,6,0.046039141714572906
26,7,2,0.10961752384901047
26,7,3,0.06637894362211227
26,7,4,0.039454102516174316
26,7,5,0.026149021461606026
26,7,6,0.01860314980149269
26,8,2,0.19691456854343414
26,8,3,0.09765905886888504
26,8,4,0.0711706280708313
26,8,5,0.06730087846517563
26,8,6,0.047879740595817566
26,9,2,0.13616953790187836
26,9,3,0.06649993360042572
26,9,4,0.07265084236860275
26,9,5,0.03592456132173538
26,9,6,0.052711233496665955
26,10,2,0.12805412709712982
26,10,3,0.06289796531200409
26,10,4,0.04439420998096466
26,10,5,0.044742412865161896
26,10,6,0.018280794844031334
26,11,2,0.11460413783788681
26,11,3,0.07777006924152374
26,11,4,0.04818297550082207
26,11,5,0.05257251858711243
26,11,6,0.03298281133174896
27,0,2,0.12077716737985611
27,0,3,0.12122806906700134
27,0,4,0.11258473247289658
27,0,5,0.07461787015199661
27,0,6,0.05308525636792183
27,1,2,0.20285341143608093
27,1,3,0.08737535029649734
27,1,4,0.059114970266819
27,1,5,0.06345748156309128
27,1,6,0.045365314930677414
27,2,2,0.14303410053253174
27,2,3,0.09780583530664444
27,2,4,0.05813351646065712
27,2,5,0.03852919489145279
27,2,6,0.027410756796598434
27,3,2,0.224534809589386
27,3,3,0.09782212972640991
27,3,4,0.08647270500659943
27,3,5,0.05731156840920448
27,3,6,0.04077307879924774
27,4,2,0.20472688972949982
27,4,3,0.11469517648220062
27,4,4,0.07188757508993149
27,4,5,0.04764499142765999
27,4,6,0.033895984292030334
27,5,2,0.2295798510313034
27,5,3,0.12522225081920624
27,5,4,0.0878649577498436
27,5,5,0.05614391341805458
27,5,6,0.05317734554409981
27,6,2,0.1817263513803482
27,6,3,0.0974813774228096
27,6,4,0.10675550252199173
27,6,5,0.07371485978364944
27,6,6,0.04973874241113663
27,7,2,0.18903715908527374
27,7,3,0.11741441488265991
27,7,4,0.0872415155172348
27,7,5,0.0578211285173893
27,7,6,0.041135575622320175
27,8,2,0.16883741319179535
27,8,3,0.12311610579490662
27,8,4,0.07317734509706497
27,8,5,0.08139936625957489
27,8,6,0.057909805327653885
27,9,2,0.11456748098134995
27,9,3,0.1367277204990387
27,9,4,0.0994013324379921
27,9,5,0.08519016206264496
27,9,6,0.06060668081045151
27,10,2,0.1986684799194336
27,10,3,0.09565505385398865
27,10,4,0.06375879049301147
27,10,5,0.05732986703515053
27,10,6,0.047904398292303085
27,11,2,0.14237487316131592
27,11,3,0.11470966041088104
27,11,4,0.07550797611474991
27,11,5,0.07131572812795639
27,11,6,0.07102459669113159
28,0,2,0.18467873334884644
28,0,3,0.1268230378627777
28,0,4,0.08850502967834473
28,0,5,0.08548812568187714
28,0,6,0.07043789327144623
28,1,2,0.14913876354694366
28,1,3,0.15030306577682495
28,1,4,0.12984617054462433
28,1,5,0.08594786375761032
28,1,6,0.06137051805853844
28,2,2,0.14005397260189056
28,2,3,0.09061307460069656
28,2,4,0.06399157643318176
28,2,5,0.04292714595794678
28,2,6,0.05876864492893219
28,3,2,0.2082749903202057
28,3,3,0.09675773233175278
28,3,4,0.08271673321723938
28,3,5,0.08954676985740662
28,3,6,0.06370609998703003
28,4,2,0.12194482982158661
28,4,3,0.06569952517747879
28,4,4,0.04808950051665306
28,4,5,0.04506487771868706
28,4,6,0.032060422003269196
28,5,2,0.11218542605638504
28,5,3,0.16165389120578766
28,5,4,0.10654879361391068
28,5,5,0.06808250397443771
28,5,6,0.0531281977891922
28,6,3,0.11183052510023117
28,6,4,0.20350304245948792
28,6,5,0.1252685934305191
28,6,6,0.12506596744060516
28,7,2,0.12224101275205612
28,7,3,0.10636631399393082
28,7,4,0.07477843761444092
28,7,5,0.05619194358587265
28,7,6,0.033398497849702835
28,8,2,0.12315875291824341
28,8,3,0.08508287370204926
28,8,4,0.08075666427612305
28,8,5,0.05647299066185951
28,8,6,0.07536472380161285
28,9,2,0.1589503139257431
28,9,3,0.15031789243221283
28,9,4,0.10625038295984268
28,9,5,0.08002075552940369
28,9,6,0.05110565200448036
28,10,2,0.1489325761795044
28,10,3,0.10706004500389099
28,10,4,0.12024332582950592
28,10,5,0.07179976999759674
28,10,6,0.0655050128698349
28,11,2,0.19375745952129364
28,11,3,0.17617924511432648
28,11,4,0.10941832512617111
28,11,5,0.11679045110940933
28,11,6,0.09095699340105057
29,0,2,0.1491355150938034
29,0,3,0.09256085753440857
29,0,4,0.0781463086605072
29,0,5,0.04993390664458275
29,0,6,0.03466325253248215
29,1,2,0.20339642465114594
29,1,3,0.08847843110561371
29,1,4,0.04949989169836044
29,1,5,0.031629424542188644
29,1,6,0.02195660211145878
29,2,2,0.14221271872520447
29,2,3,0.06985242664813995
29,2,4,0.04151865467429161
29,2,5,0.027517354115843773
29,2,6,0.019576620310544968
29,3,2,0.10444357246160507
29,3,3,0.09343942999839783
29,3,4,0.055538225919008255
29,3,5,0.03680911287665367
29,3,6,0.02618703991174698
29,4,2,0.12801094353199005
29,4,3,0.10028869658708572
29,4,4,0.059609271585941315
29,4,5,0.03950727730989456
29,4,6,0.028106600046157837
29,5,2,0.11237700283527374
29,5,3,0.05732884258031845
29,5,4,0.048888083547353745
29,5,5,0.032401591539382935
29,5,6,0.023051409050822258
29,6,2,0.18687960505485535
29,6,3,0.12211483716964722
29,6,4,0.06831802427768707
29,6,5,0.04365382343530655
29,6,6,0.030303729698061943
29,7,2,0.14056961238384247
29,7,3,0.08520081639289856
29,7,4,0.08392328023910522
29,7,5,0.05562189593911171
29,7,6,0.0500851534307003
29,8,2,0.15994663536548615
29,8,3,0.08121921867132187
29,8,4,0.045438673347234726
29,8,5,0.029034385457634926
29,8,6,0.04491323232650757
29,9,2,0.14560674130916595
29,9,3,0.07151950895786285
29,9,4,0.0425095371901989
29,9,5,0.02817407436668873
29,9,6,0.04850219562649727
29,10,2,0.10083062946796417
29,10,3,0.0771607831120491
29,10,4,0.05747782438993454
29,10,5,0.038094621151685715
29,10,6,0.027101587504148483
29,11,2,0.11954490095376968
29,11,3,0.05750102549791336
29,11,4,0.0341772735118866
29,11,5,0.02265169471502304
29,11,6,0.016115056350827217
30,0,2,0.2331818789243698
30,0,3,0.10153461247682571
30,0,4,0.07669877260923386
30,0,5,0.050833702087402344
30,0,6,0.0361645333468914
30,1,2,0.2739962935447693
30,1,3,0.1362326294183731
30,1,4,0.09850649535655975
30,1,5,0.08934745192527771
30,1,6,0.0712040588259697
30,2,2,0.12575925886631012
30,2,3,0.0738224983215332
30,2,4,0.04442574828863144
30,2,5,0.029444091022014618
30,2,6,0.022872844710946083
30,3,2,0.20269300043582916
30,3,3,0.13587872684001923
30,3,4,0.08833922445774078
30,3,5,0.09935352951288223
30,3,6,0.05609672889113426
30,4,2,0.1559830754995346
30,4,3,0.08936814218759537
30,4,4,0.07132670283317566
30,4,5,0.047273244708776474
30,4,6,0.03363152593374252
30,5,2,0.09914074838161469
30,5,3,0.1548232138156891
30,5,4,0.10101917386054993
30,5,5,0.05846768245100975
30,5,6,0.05212569981813431
30,6,2,0.1563592553138733
30,6,3,0.11618132889270782
30,6,4,0.07848776876926422
30,6,5,0.052019402384757996
30,6,6,0.03700806573033333
30,7,2,0.30001404881477356
30,7,3,0.14237302541732788
30,7,4,0.11342265456914902
30,7,5,0.07526273280382156
30,7,6,0.06281174719333649
30,8,2,0.15577290952205658
30,8,3,0.10326024144887924
30,8,4,0.0808362141251564
30,8,5,0.05357588082551956
30,8,6,0.03811539337038994
30,9,2,0.20229347050189972
30,9,3,0.19265249371528625
30,9,4,0.11768696457147598
30,9,5,0.07519956678152084
30,9,6,0.048807982355356216
30,10,2,0.12269143015146255
30,10,3,0.1272905319929123
30,10,4,0.16346998512744904
30,10,5,0.10445398837327957
30,10,6,0.07251016050577164
30,11,2,0.1768006682395935
30,11,3,0.09476923942565918
30,11,4,0.08755631744861603
30,11,5,0.06070038303732872
30,11,6,0.04479566588997841
31,0,2,0.16772298514842987
31,0,3,0.09263104945421219
31,0,4,0.055057741701602936
31,0,5,0.03649066016077995
31,0,6,0.02596048265695572
31,1,2,0.1155785322189331
31,1,3,0.062261492013931274
31,1,4,0.0839449092745781
31,1,5,0.05171848088502884
31,1,6,0.035902075469493866
31,2,2,0.19842813909053802
31,2,3,0.09746447205543518
31,2,4,0.057930611073970795
31,2,5,0.03839471563696861
31,2,6,0.027315083891153336
31,3,2,0.20555616915225983
31,3,3,0.11546612530946732
31,3,4,0.10408377647399902
31,3,5,0.06650741398334503
31,3,6,0.04616830497980118
31,4,2,0.14539536833763123
31,4,3,0.09309475123882294
31,4,4,0.0760200098156929
31,4,5,0.05038383603096008
31,4,6,0.035844478756189346
31,5,2,0.07383160293102264
31,5,3,0.06881394982337952
31,5,4,0.10843923687934875
31,5,5,0.08890406787395477
31,5,6,0.06324887275695801
31,6,2,0.13566884398460388
31,6,3,0.13485804200172424
31,6,4,0.0604361928999424
31,6,5,0.08395735919475555
31,6,6,0.06095322221517563
31,7,2,0.147272527217865
31,7,3,0.14641094207763672
31,7,4,0.07547540962696075
31,7,5,0.046159010380506516
31,7,6,0.031145567074418068
31,8,2,0.07789390534162521
31,8,3,0.038260139524936676
31,8,4,0.022740932181477547
31,8,5,0.01507202722132206
31,8,6,0.010722668841481209
31,9,2,0.17803163826465607
31,9,3,0.10837667435407639
31,9,4,0.04626460745930672
31,9,5,0.053886547684669495
31,9,6,0.06067677587270737
31,10,2,0.08342969417572021
31,10,3,0.09361789375543594
31,10,4,0.048490218818187714
31,10,5,0.029655490070581436
31,10,6,0.05263160169124603
31,11,2,0.16468508541584015
31,11,3,0.11524804681539536
31,11,4,0.06447634845972061
31,11,5,0.04119906947016716
31,11,6,0.028599688783288002
32,0,2,0.09914282709360123
32,0,3,0.08138375729322433
32,0,4,0.06922876834869385
32,0,5,0.045882806181907654
32,0,6,0.03188866749405861
32,1,2,0.15583740174770355
32,1,3,0.1366424262523651
32,1,4,0.0655699372291565
32,1,5,0.0776229202747345
32,1,6,0.05915737897157669
32,2,2,0.11246924102306366
32,2,3,0.07248906791210175
32,2,4,0.037991397082805634
32,2,5,0.025179581716656685
32,2,6,0.017913468182086945
32,3,2,0.12854161858558655
32,3,3,0.2104114145040512
32,3,4,0.09579728543758392
32,3,5,0.06034768745303154
32,3,6,0.04331721365451813
32,4,2,0.14881156384944916
32,4,3,0.09571033716201782
32,4,4,0.060295578092336655
32,4,5,0.07022907584905624
32,4,6,0.0373089425265789
32,5,2,0.1836632788181305
32,5,3,0.10556519031524658
32,5,4,0.07162689417600632
32,5,5,0.04837570711970329
32,5,6,0.03878718614578247
32,6,2,0.1170639917254448
32,6,3,0.14420144259929657
32,6,4,0.0849468931555748
32,6,5,0.036398474127054214
32,6,6,0.049498241394758224
32,7,2,0.1686600297689438
32,7,3,0.0991707369685173
32,7,4,0.07618280500173569
32,7,5,0.06874370574951172
32,7,6,0.04890620708465576
32,8,2,0.13747471570968628
32,8,3,0.10559535771608353
32,8,4,0.06854840368032455
32,8,5,0.05573158338665962
32,8,6,0.0366683229804039
32,9,2,0.09111487865447998
32,9,3,0.1343260258436203
32,9,4,0.09060706943273544
32,9,5,0.06527597457170486
32,9,6,0.07116513699293137
32,10,2,0.18880701065063477
32,10,3,0.08074812591075897
32,10,4,0.12268125265836716
32,10,5,0.09894639253616333
32,10,6,0.05174390226602554
32,11,2,0.11960449069738388
32,11,3,0.08164983242750168
32,11,4,0.09534668177366257
32,11,5,0.1775863617658615
32,11,6,0.040259212255477905
33,0,2,0.1275089532136917
33,0,3,0.08397943526506424
33,0,4,0.04991542547941208
33,0,5,0.04637710750102997
33,0,6,0.03299397975206375
33,1,2,0.15606853365898132
33,1,3,0.12560556828975677
33,1,4,0.0832689180970192
33,1,5,0.06510341167449951
33,1,6,0.04631640017032623
33,2,2,0.12972383201122284
33,2,3,0.10626376420259476
33,2,4,0.06316071003675461
33,2,5,0.04186106473207474
33,2,6,0.02978115901350975
33,3,2,0.1516748070716858
33,3,3,0.08081703633069992
33,3,4,0.048035766929388046
33,3,5,0.04696151986718178
33,3,6,0.024165483191609383
33,4,2,0.12406190484762192
33,4,3,0.0609370581805706
33,4,4,0.03621957451105118
33,4,5,0.02400527149438858
33,4,6,0.017078028991818428
33,5,2,0.12982726097106934
33,5,3,0.10706700384616852
33,5,4,0.06363813579082489
33,5,5,0.04217749089002609
33,5,6,0.030006255954504013
33,6,2,0.17839637398719788
33,6,3,0.10766992717981339
33,6,4,0.09468252956867218
33,6,5,0.05005533993244171
33,6,6,0.03432093560695648
33,7,2,0.19237972795963287
33,7,3,0.12843549251556396
33,7,4,0.07633907347917557
33,7,5,0.05059531331062317
33,7,6,0.03599492087960243
33,8,2,0.08197049796581268
33,8,3,0.08936421573162079
33,8,4,0.0633973553776741
33,8,5,0.03946837782859802
33,8,6,0.027398262172937393
33,9,2,0.17766119539737701
33,9,3,0.09848615527153015
33,9,4,0.05853788182139397
33,9,5,0.038797199726104736
33,9,6,0.027601415291428566
33,10,2,0.17295381426811218
33,10,3,0.10375424474477768
33,10,4,0.06824107468128204
33,10,5,0.04522819444537163
33,10,6,0.032176610082387924
33,11,2,0.1302640438079834
33,11,3,0.08370905369520187
33,11,4,0.04876299947500229
33,11,5,0.03231869265437126
33,11,6,0.02299242839217186
34,0,2,0.16565388441085815
34,0,3,0.0904296487569809
34,0,4,0.05374927818775177
34,0,5,0.0356234610080719
34,0,6,0.0253435205668211
34,1,2,0.14552244544029236
34,1,3,0.06330297887325287
34,1,4,0.10253724455833435
34,1,5,0.06551920622587204
34,1,6,0.04548230767250061
34,2,2,0.1490345299243927
34,2,3,0.0732031837105751
34,2,4,0.043510276824235916
34,2,5,0.028837334364652634
34,2,6,0.020515689626336098
34,3,2,0.17597201466560364
34,3,3,0.07654868066310883
34,3,4,0.04282571002840996
34,3,5,0.02736475318670273
34,3,6,0.018996143713593483
34,4,2,0.08103088289499283
34,4,3,0.11542163044214249
34,4,4,0.05181403085589409
34,4,5,0.03434083238244057
34,4,6,0.024431029334664345
34,5,2,0.10094668716192245
34,5,3,0.063111811876297
34,5,4,0.037512194365262985
34,5,5,0.024861985817551613
34,5,6,0.017687516286969185
34,6,2,0.21625776588916779
34,6,3,0.12670253217220306
34,6,4,0.07088464498519897
34,6,5,0.04529384523630142
34,6,6,0.04836951568722725
34,7,2,0.1611863523721695
34,7,3,0.07011685520410538
34,7,4,0.039227377623319626
34,7,5,0.02506549283862114
34,7,6,0.08743651211261749
34,8,2,0.14749294519424438
34,8,3,0.07244598865509033
34,8,4,0.10940393805503845
34,8,5,0.07250973582267761
34,8,6,0.051585469394922256
34,9,2,0.11507387459278107
34,9,3,0.05005769804120064
34,9,4,0.028005141764879227
34,9,5,0.01789471134543419
34,9,6,0.05987171456217766
34,10,2,0.19869710505008698
34,10,3,0.08210086822509766
34,10,4,0.04593191668391228
34,10,5,0.029349561780691147
34,10,6,0.020373960956931114
34,11,2,0.15721702575683594
34,11,3,0.14773234724998474
34,11,4,0.059395454823970795
34,11,5,0.03936557099223137
34,11,6,0.028005780652165413
35,0,2,0.21284961700439453
35,0,3,0.09268500655889511
35,0,4,0.07709772139787674
35,0,5,0.07590868324041367
35,0,6,0.05400357395410538
35,1,2,0.1473361998796463
35,1,3,0.12391327321529388
35,1,4,0.1354411542415619
35,1,5,0.0963379442691803
35,1,6,0.08897589892148972
35,2,2,0.1351599395275116
35,2,3,0.06638821959495544
35,2,4,0.03945961967110634
35,2,5,0.026152681559324265
35,2,6,0.07359526306390762
35,3,2,0.14896400272846222
35,3,3,0.08017219603061676
35,3,4,0.06896862387657166
35,3,5,0.04665489122271538
35,3,6,0.051157932728528976
35,4,2,0.17500324547290802
35,4,3,0.14045551419258118
35,4,4,0.0834834948182106
35,4,5,0.055330418050289154
35,4,6,0.039363618940114975
35,5,2,0.08448836952447891
35,5,3,0.053441256284713745
35,5,4,0.03176423907279968
35,5,5,0.04419722780585289
35,5,6,0.05316488444805145
35,6,2,0.18591339886188507
35,6,3,0.08643876761198044
35,6,4,0.1131819412112236
35,6,5,0.07851972430944443
35,6,6,0.06783754378557205
35,7,2,0.1484454721212387
35,7,3,0.13835155963897705
35,7,4,0.07780203968286514
35,7,5,0.0679551437497139
35,7,6,0.048345208168029785
35,8,2,0.09845543652772903
35,8,3,0.11480088531970978
35,8,4,0.10425101965665817
35,8,5,0.08331167697906494
35,8,6,0.05927027761936188
35,9,2,0.10830084979534149
35,9,3,0.10738063603639603
35,9,4,0.07118881493806839
35,9,5,0.0471818633377552
35,9,6,0.04124194756150246
35,10,2,0.15321967005729675
35,10,3,0.10562211275100708
35,10,4,0.09392518550157547
35,10,5,0.06262268871068954
35,10,6,0.0445515401661396
35,11,2,0.08758261799812317
35,11,3,0.1079997718334198
35,11,4,0.05447996035218239
35,11,5,0.057090796530246735
35,11,6,0.0434265173971653
36,0,2,0.1490151435136795
36,0,3,0.11808225512504578
36,0,4,0.0701853558421135
36,0,5,0.04651680216193199
36,0,6,0.03309335932135582
36,1,2,0.20410925149917603
36,1,3,0.11143513768911362
36,1,4,0.06623445451259613
36,1,5,0.043898262083530426
36,1,6,0.031230458989739418
36,2,2,0.13934743404388428
36,2,3,0.08647966384887695
36,2,4,0.05140149965882301
36,2,5,0.034067410975694656
36,2,6,0.024236518889665604
36,3,2,0.11818300187587738
36,3,3,0.1157190203666687
36,3,4,0.08425431698560715
36,3,5,0.0760321170091629
36,3,6,0.037411466240882874
36,4,2,0.16361676156520844
36,4,3,0.09676681458950043
36,4,4,0.0708538219332695
36,4,5,0.046959854662418365
36,4,6,0.033408548682928085
36,5,2,0.09579353779554367
36,5,3,0.05290083587169647
36,5,4,0.031443022191524506
36,5,5,0.03514205291867256
36,5,6,0.02500104159116745
36,6,2,0.18016502261161804
36,6,3,0.11271557211875916
36,6,4,0.08411061763763428
36,6,5,0.05574605613946915
36,6,6,0.03965931758284569
36,7,2,0.13955435156822205
36,7,3,0.046366844326257706
36,7,4,0.08921632170677185
36,7,5,0.04006586968898773
36,7,6,0.02799035795032978
36,8,2,0.18214870989322662
36,8,3,0.11742544919252396
36,8,4,0.06979495286941528
36,8,5,0.046258050948381424
36,8,6,0.03290928527712822
36,9,2,0.16891808807849884
36,9,3,0.08296964317560196
36,9,4,0.04931522533297539
36,9,5,0.03268469125032425
36,9,6,0.023252813145518303
36,10,2,0.19116944074630737
36,10,3,0.10323832184076309
36,10,4,0.07506779581308365
36,10,5,0.053325992077589035
36,10,6,0.05675094202160835
36,11,2,0.09854400157928467
36,11,3,0.07808595150709152
36,11,4,0.03696591407060623
36,11,5,0.03094330243766308
36,11,6,0.022013938054442406
37,0,2,0.1530187577009201
37,0,3,0.084783174097538
37,0,4,0.1251031756401062
37,0,5,0.0799383819103241
37,0,6,0.055491842329502106
37,1,2,0.12872222065925598
37,1,3,0.14250171184539795
37,1,4,0.1079399362206459
37,1,5,0.0753050222992897
37,1,6,0.05227544903755188
37,2,2,0.09226208180189133
37,2,3,0.10150288045406342
37,2,4,0.126748189330101
37,2,5,0.11473129689693451
37,2,6,0.0674510970711708
37,3,2,0.09591547399759293
37,3,3,0.08471357077360153
37,3,4,0.1263609677553177
37,3,5,0.08074208348989487
37,3,6,0.0678645595908165
37,4,2,0.13771122694015503
37,4,3,0.09628865122795105
37,4,4,0.11453878879547119
37,4,5,0.0759129598736763
37,4,6,0.05400662496685982
37,5,2,0.15038582682609558
37,5,3,0.14071081578731537
37,5,4,0.10831809043884277
37,5,5,0.07179006189107895
37,5,6,0.051073476672172546
37,6,2,0.17119081318378448
37,6,3,0.07648101449012756
37,6,4,0.11731994897127151
37,6,5,0.09781184047460556
37,6,6,0.06599806249141693
37,7,2,0.15700186789035797
37,7,3,0.09847962111234665
37,7,4,0.11011270433664322
37,7,5,0.0805845707654953
37,7,6,0.057330138981342316
37,8,2,0.1559077501296997
37,8,3,0.1283383071422577
37,8,4,0.1094132512807846
37,8,5,0.07251590490341187
37,8,6,0.05158986151218414
37,9,2,0.11397761851549149
37,9,3,0.11600713431835175
37,9,4,0.13105107843875885
37,9,5,0.08014781028032303
37,9,6,0.054079338908195496
37,10,2,0.13356612622737885
37,10,3,0.14398932456970215
37,10,4,0.12836997210979462
37,10,5,0.07850810885429382
37,10,6,0.05297296866774559
37,11,2,0.16281414031982422
37,11,3,0.09787628054618835
37,11,4,0.07526582479476929
37,11,5,0.08634994179010391
37,11,6,0.058264199644327164
38,0,2,0.15497906506061554
38,0,3,0.146152064204216
38,0,4,0.14984165132045746
38,0,5,0.09007679671049118
38,0,6,0.06252974271774292
38,1,2,0.1588040590286255
38,1,3,0.12011072039604187
38,1,4,0.0671968013048172
38,1,5,0.04293738678097725
38,1,6,0.02980639785528183
38,2,2,0.17781995236873627
38,2,3,0.10750304907560349
38,2,4,0.06389731913805008
38,2,5,0.04234927147626877
38,2,6,0.030128462240099907
38,3,2,0.14360694587230682
38,3,3,0.09655611962080002
38,3,4,0.08792503923177719
38,3,5,0.05424247309565544
38,3,6,0.04611557349562645
38,4,2,0.16134315729141235
38,4,3,0.0908336490392685
38,4,4,0.10427670925855637
38,4,5,0.10636430978775024
38,4,6,0.07567057013511658
38,5,2,0.1775558888912201
38,5,3,0.07979748398065567
38,5,4,0.14594081044197083
38,5,5,0.09672529995441437
38,5,6,0.06881310790777206
38,6,2,0.16369862854480743
38,6,3,0.1635468304157257
38,6,4,0.09781406819820404
38,6,5,0.07835378497838974
38,6,6,0.05574307590723038
38,7,2,0.10496018081903458
38,7,3,0.10350804030895233
38,7,4,0.0579083114862442
38,7,5,0.03700223192572594
38,7,6,0.025686312466859818
38,8,2,0.09368696808815002
38,8,3,0.09970202296972275
38,8,4,0.10353846848011017
38,8,5,0.06332171708345413
38,8,6,0.04272603243589401
38,9,2,0.14248228073120117
38,9,3,0.18175135552883148
38,9,4,0.11434008181095123
38,9,5,0.07578127086162567
38,9,6,0.053912922739982605
38,10,2,0.1619294434785843
38,10,3,0.17225536704063416
38,10,4,0.10804323107004166
38,10,5,0.07160789519548416
38,10,6,0.05324350669980049
38,11,2,0.2114451378583908
38,11,3,0.14045347273349762
38,11,4,0.08568833768367767
38,11,5,0.056791726499795914
38,11,6,0.04040323197841644
39,0,2,0.09314969927072525
39,0,3,0.0890948474407196
39,0,4,0.052955906838178635
39,0,5,0.035097625106573105
39,0,6,0.024969439953565598
39,1,2,0.12812598049640656
39,1,3,0.09636832773685455
39,1,4,0.07489992678165436
39,1,5,0.06977985054254532
39,1,6,0.05249274522066116
39,2,2,0.17257140576839447
39,2,3,0.08476408571004868
39,2,4,0.075236015021801
39,2,5,0.049864232540130615
39,2,6,0.04386046156287193
39,3,2,0.1575823277235031
39,3,3,0.10801460593938828
39,3,4,0.0661349892616272
39,3,5,0.04383234307169914
39,3,6,0.03118356131017208
39,4,2,0.06606853753328323
39,4,3,0.03532253950834274
39,4,4,0.020994897931814194
39,4,5,0.013914803974330425
39,4,6,0.009899383410811424
39,5,2,0.0645100325345993
39,5,3,0.0883755162358284
39,5,4,0.05252835527062416
39,5,5,0.0348142571747303
39,5,6,0.03897102177143097
39,6,2,0.10012160986661911
39,6,3,0.1300201565027237
39,6,4,0.07728096842765808
39,6,5,0.05121956020593643
39,6,6,0.04272501543164253
39,7,2,0.11519351601600647
39,7,3,0.06545478105545044
39,7,4,0.058511313050985336
39,7,5,0.03877958655357361
39,7,6,0.027588890865445137
39,8,2,0.205612912774086
39,8,3,0.10099349915981293
39,8,4,0.09583767503499985
39,8,5,0.0772097110748291
39,8,6,0.054929159581661224
39,9,2,0.11367398500442505
39,9,3,0.07200854271650314
39,9,4,0.07638787478208542
39,9,5,0.05805904418230057
39,9,6,0.04130484163761139
39,10,2,0.09621977061033249
39,10,3,0.07401984930038452
39,10,4,0.043995678424835205
39,10,5,0.03333839774131775
39,10,6,0.05839310586452484
39,11,2,0.11034656316041946
39,11,3,0.0598270520567894
39,11,4,0.06066228076815605
39,11,5,0.038761965930461884
39,11,6,0.034300774335861206
40,0,2,0.21714037656784058
40,0,3,0.10225602984428406
40,0,4,0.07873596251010895
40,0,5,0.04097728058695793
40,0,6,0.028445720672607422
40,1,2,0.19157840311527252
40,1,3,0.0940999910235405
40,1,4,0.08746467530727386
40,1,5,0.05796903371810913
40,1,6,0.04124079644680023
40,2,2,0.10287714749574661
40,2,3,0.07318446785211563
40,2,4,0.04349914565682411
40,2,5,0.028829962015151978
40,2,6,0.04830438643693924
40,3,2,0.18421030044555664
40,3,3,0.0801323726773262
40,3,4,0.04483063519001007
40,3,5,0.02864585630595684
40,3,6,0.019885465502738953
40,4,2,0.15864576399326324
40,4,3,0.07792405039072037
40,4,4,0.0463162437081337
40,4,5,0.03069705329835415
40,4,6,0.021838746964931488
40,5,2,0.11620958149433136
40,5,3,0.12415509670972824
40,5,4,0.0737949088215828
40,5,5,0.04890910163521767
40,5,6,0.041495490819215775
40,6,2,0.1474219709634781
40,6,3,0.10559959709644318
40,6,4,0.05907844752073288
40,6,5,0.03774992749094963
40,6,6,0.02620534785091877
40,7,2,0.12098657339811325
40,7,3,0.07715719193220139
40,7,4,0.07485858350992203
40,7,5,0.047833118587732315
40,7,6,0.03320491686463356
40,8,2,0.11076527088880539
40,8,3,0.14550165832042694
40,8,4,0.0753638744354248
40,8,5,0.06638956815004349
40,8,6,0.04479603096842766
40,9,2,0.16699765622615814
40,9,3,0.07292559742927551
40,9,4,0.040798746049404144
40,9,5,0.02606956660747528
40,9,6,0.0180970449000597
40,10,2,0.09081952273845673
40,10,3,0.14819136261940002
40,10,4,0.11017458885908127
40,10,5,0.08118950575590134
40,10,6,0.061720531433820724
40,11,2,0.19656816124916077
40,11,3,0.10437466204166412
40,11,4,0.08508367836475372
40,11,5,0.05532841384410858
40,11,6,0.0697033628821373
41,0,2,0.14343787729740143
41,0,3,0.11592382192611694
41,0,4,0.10741308331489563
41,0,5,0.07087364792823792
41,0,6,0.0640987977385521
41,1,2,0.17495408654212952
41,1,3,0.12893734872341156
41,1,4,0.09726360440254211
41,1,5,0.06347522139549255
41,1,6,0.06823603063821793
41,2,2,0.1601296216249466
41,2,3,0.16727890074253082
41,2,4,0.11930812150239944
41,2,5,0.07907392829656601
41,2,6,0.05625542625784874
41,3,2,0.2088344544172287
41,3,3,0.10572651028633118
41,3,4,0.10522688925266266
41,3,5,0.09200162440538406
41,3,6,0.05896599590778351
41,4,2,0.1726900339126587
41,4,3,0.10171757638454437
41,4,4,0.06548160314559937
41,4,5,0.043581727892160416
41,4,6,0.03907742723822594
41,5,2,0.1263466626405716
41,5,3,0.0948801264166832
41,5,4,0.09145008027553558
41,5,5,0.10068228840827942
41,5,6,0.06662095338106155
41,6,2,0.16683366894721985
41,6,3,0.1050335094332695
41,6,4,0.07642694562673569
41,6,5,0.051971543580293655
41,6,6,0.04445319250226021
41,7,2,0.13932713866233826
41,7,3,0.07511335611343384
41,7,4,0.07935591042041779
41,7,5,0.0593394935131073
41,7,6,0.04794991388916969
41,8,2,0.1697520613670349
41,8,3,0.10732222348451614
41,8,4,0.06851937621831894
41,8,5,0.06840983778238297
41,8,6,0.04866868630051613
41,9,2,0.16559870541095734
41,9,3,0.1311432123184204
41,9,4,0.0869268998503685
41,9,5,0.07189399003982544
41,9,6,0.05072643980383873
41,10,2,0.18382856249809265
41,10,3,0.13517460227012634
41,10,4,0.09900439530611038
41,10,5,0.0788649246096611
41,10,6,0.058535136282444
41,11,2,0.13618694245815277
41,11,3,0.0750897154211998
41,11,4,0.05479938164353371
41,11,5,0.059645023196935654
41,11,6,0.055123794823884964
42,0,2,0.1717490702867508
42,0,3,0.11186900734901428
42,0,4,0.07263399660587311
42,0,5,0.04813969135284424
42,0,6,0.03424793481826782
42,1,2,0.1729220747947693
42,1,3,0.12998361885547638
42,1,4,0.10511798411607742
42,1,5,0.07984195649623871
42,1,6,0.06947603821754456
42,2,2,0.1942698359489441
42,2,3,0.11830377578735352
42,2,4,0.07031701505184174
42,2,5,0.04660406336188316
42,2,6,0.03315544128417969
42,3,2,0.16772614419460297
42,3,3,0.14842283725738525
42,3,4,0.12876573204994202
42,3,5,0.08877004683017731
42,3,6,0.06162263825535774
42,4,2,0.12011520564556122
42,4,3,0.09971076250076294
42,4,4,0.059265755116939545
42,4,5,0.062204938381910324
42,4,6,0.04425434395670891
42,5,2,0.12521378695964813
42,5,3,0.09814293682575226
42,5,4,0.05089602246880531
42,5,5,0.08792990446090698
42,5,6,0.06255581229925156
42,6,2,0.1840182989835739
42,6,3,0.11442039161920547
42,6,4,0.07174953818321228
42,6,5,0.03296568989753723
42,6,6,0.050463322550058365
42,7,2,0.10222853720188141
42,7,3,0.08821310102939606
42,7,4,0.051367733627557755
42,7,5,0.09129706770181656
42,7,6,0.06495130062103271
42,8,2,0.22565528750419617
42,8,3,0.12069663405418396
42,8,4,0.07236257940530777
42,8,5,0.06549005210399628
42,8,6,0.046591464430093765
42,9,2,0.1544404923915863
42,9,3,0.080111563205719
42,9,4,0.08170105516910553
42,9,5,0.05358591675758362
42,9,6,0.03812253102660179
42,10,2,0.1806156039237976
42,10,3,0.14573240280151367
42,10,4,0.11629524827003479
42,10,5,0.08911459892988205
42,10,6,0.06339862942695618
42,11,2,0.1533762663602829
42,11,3,0.18013283610343933
42,11,4,0.11893102526664734
42,11,5,0.08709750324487686
42,11,6,0.0637458935379982
43,0,2,0.12570121884346008
43,0,3,0.07487886399030685
43,0,4,0.04806879535317421
43,0,5,0.030714981257915497
43,0,6,0.033868614584207535
43,1,2,0.18509416282176971
43,1,3,0.09091504663228989
43,1,4,0.05403778702020645
43,1,5,0.035814668983221054
43,1,6,0.02547956258058548
43,2,2,0.1775456964969635
43,2,3,0.09036656469106674
43,2,4,0.05371179059147835
43,2,5,0.03559860214591026
43,2,6,0.025325851514935493
43,3,2,0.1445159912109375
43,3,3,0.11459971219301224
43,3,4,0.06811539828777313
43,3,5,0.04514490067958832
43,3,6,0.03211735188961029
43,4,2,0.09498996287584305
43,4,3,0.04665742442011833
43,4,4,0.027732091024518013
43,4,5,0.018380019813776016
43,4,6,0.013076062314212322
43,5,2,0.12880229949951172
43,5,3,0.09708613902330399
43,5,4,0.05770574137568474
43,5,5,0.045975372195243835
43,5,6,0.03270817548036575
43,6,2,0.1896173059940338
43,6,3,0.09071408212184906
43,6,4,0.05395885556936264
43,6,5,0.03447860851883888
43,6,6,0.05110333114862442
43,7,2,0.09755625575780869
43,7,3,0.05730770155787468
43,7,4,0.03406237065792084
43,7,5,0.02257554605603218
43,7,6,0.02543819695711136
43,8,2,0.199424147605896
43,8,3,0.09795369952917099
43,8,4,0.058221399784088135
43,8,5,0.03858744353055954
43,8,6,0.04849524050951004
43,9,2,0.10826287418603897
43,9,3,0.0669805034995079
43,9,4,0.03669464960694313
43,9,5,0.03200802952051163
43,9,6,0.03137360140681267
43,10,2,0.08144078403711319
43,10,3,0.07923263311386108
43,10,4,0.07384926080703735
43,10,5,0.0809180960059166
43,10,6,0.035517603158950806
43,11,2,0.08436121791601181
43,11,3,0.050781745463609695
43,11,4,0.030183492228388786
43,11,5,0.02000473439693451
43,11,6,0.017011452466249466
44,0,2,0.11060846596956253
44,0,3,0.07938876748085022
44,0,4,0.044217031449079514
44,0,5,0.029305748641490936
44,0,6,0.020848941057920456
44,1,2,0.1286783069372177
44,1,3,0.10569683462381363
44,1,4,0.06706483662128448
44,1,5,0.03349974378943443
44,1,6,0.02383265644311905
44,2,2,0.09375493973493576
44,2,3,0.08591505140066147
44,2,4,0.04768562316894531
44,2,5,0.03160463646054268
44,2,6,0.02248443104326725
44,3,2,0.12804459035396576
44,3,3,0.1293211430311203
44,3,4,0.0885387435555458
44,3,5,0.0618332214653492
44,3,6,0.05500561743974686
44,4,2,0.12880448997020721
44,4,3,0.07430807501077652
44,4,4,0.044166985899209976
44,4,5,0.02927258238196373
44,4,6,0.07297801971435547
44,5,2,0.12288010865449905
44,5,3,0.10487723350524902
44,5,4,0.06363756209611893
44,5,5,0.04857125133275986
44,5,6,0.03455495461821556
44,6,2,0.1778567135334015
44,6,3,0.1616911143064499
44,6,4,0.08386538177728653
44,6,5,0.06492830812931061
44,6,6,0.06105480715632439
44,7,2,0.08338511735200882
44,7,3,0.040957316756248474
44,7,4,0.024344084784388542
44,7,5,0.01613454334437847
44,7,6,0.011478569358587265
44,8,2,0.17640839517116547
44,8,3,0.11023500561714172
44,8,4,0.06552112847566605
44,8,5,0.043425481766462326
44,8,6,0.030894113704562187
44,9,2,0.11537995934486389
44,9,3,0.05667264014482498
44,9,4,0.033684901893138885
44,9,5,0.022325368598103523
44,9,6,0.025473549962043762
44,10,2,0.1445983201265335
44,10,3,0.08724049478769302
44,10,4,0.060280971229076385
44,10,5,0.063162662088871
44,10,6,0.02952846884727478
44,11,2,0.14975598454475403
44,11,3,0.07605461776256561
44,11,4,0.05685944855213165
44,11,5,0.043097399175167084
44,11,6,0.03455788642168045
45,0,2,0.16151049733161926
45,0,3,0.12250608950853348
45,0,4,0.11228897422552109
45,0,5,0.07442184537649155
45,0,6,0.06226397678256035
45,1,2,0.1592518389225006
45,1,3,0.16382041573524475
45,1,4,0.0861508771777153
45,1,5,0.0526878796517849
45,1,6,0.03555088862776756
45,2,2,0.16496145725250244
45,2,3,0.08912565559148788
45,2,4,0.052974212914705276
45,2,5,0.03510977327823639
45,2,6,0.02497808448970318
45,3,2,0.169047549366951
45,3,3,0.18819066882133484
45,3,4,0.11185615509748459
45,3,5,0.07413499802350998
45,3,6,0.05274172127246857
45,4,2,0.15005449950695038
45,4,3,0.09443935006856918
45,4,4,0.09605675935745239
45,4,5,0.05487576872110367
45,4,6,0.03904016315937042
45,5,2,0.14242684841156006
45,5,3,0.0868445411324501
45,5,4,0.062245290726423264
45,5,5,0.041254349052906036
45,5,6,0.02934950217604637
45,6,2,0.1588248908519745
45,6,3,0.12689225375652313
45,6,4,0.060938913375139236
45,6,5,0.050889868289232254
45,6,6,0.034337688237428665
45,7,2,0.2059909999370575
45,7,3,0.10117921233177185
45,7,4,0.06013857200741768
45,7,5,0.03985808417201042
45,7,6,0.028356168419122696
45,8,2,0.1719144731760025
45,8,3,0.0964217334985733
45,8,4,0.09066224098205566
45,8,5,0.06008828431367874
45,8,6,0.042748503386974335
45,9,2,0.18630030751228333
45,9,3,0.17289501428604126
45,9,4,0.13792677223682404
45,9,5,0.1191430613398552
45,9,6,0.08039120584726334
45,10,2,0.2059241086244583
45,10,3,0.16205720603466034
45,10,4,0.11263996362686157
45,10,5,0.08504103869199753
45,10,6,0.05794595554471016
45,11,2,0.12414956837892532
45,11,3,0.15140527486801147
45,11,4,0.1422526240348816
45,11,5,0.07445546239614487
45,11,6,0.051727402955293655
46,0,2,0.1495317667722702
46,0,3,0.10349162667989731
46,0,4,0.08993656933307648
46,0,5,0.07579666376113892
46,0,6,0.0627475157380104
46,1,2,0.1800481379032135
46,1,3,0.1007482185959816
46,1,4,0.0796956941485405
46,1,5,0.08930759876966476
46,1,6,0.06353595107793808
46,2,2,0.1987050324678421
46,2,3,0.09760046750307083
46,2,4,0.05801144614815712
46,2,5,0.03844829276204109
46,2,6,0.027353202924132347
46,3,2,0.1291794627904892
46,3,3,0.1064552366733551
46,3,4,0.10492923110723495
46,3,5,0.06954402476549149
46,3,6,0.05188070237636566
46,4,2,0.13567766547203064
46,4,3,0.1076163500547409
46,4,4,0.08741363137960434
46,4,5,0.06311298161745071
46,4,6,0.06276068836450577
46,5,2,0.20101065933704376
46,5,3,0.11056435108184814
46,5,4,0.06570713222026825
46,5,5,0.0485551655292511
46,5,6,0.06190056353807449
46,6,2,0.18070319294929504
46,6,3,0.09284596890211105
46,6,4,0.06146553158760071
46,6,5,0.051148295402526855
46,6,6,0.04044372960925102
46,7,2,0.20525628328323364
46,7,3,0.17880789935588837
46,7,4,0.12069176137447357
46,7,5,0.11131718009710312
46,7,6,0.06913617998361588
46,8,2,0.17038297653198242
46,8,3,0.10055167227983475
46,8,4,0.05350920557975769
46,8,5,0.04884057864546776
46,8,6,0.03474656865000725
46,9,2,0.1347574144601822
46,9,3,0.08844967931509018
46,9,4,0.0672493651509285
46,9,5,0.06097825989127159
46,9,6,0.06648500263690948
46,10,2,0.20452967286109924
46,10,3,0.10615503787994385
46,10,4,0.06722298264503479
46,10,5,0.061583299189805984
46,10,6,0.03780243173241615
46,11,2,0.16281604766845703
46,11,3,0.11238255351781845
46,11,4,0.09590601176023483
46,11,5,0.06354640424251556
46,11,6,0.057112909853458405
47,0,2,0.16612355411052704
47,0,3,0.11680559068918228
47,0,4,0.09153781086206436
47,0,5,0.06066858023405075
47,0,6,0.043161340057849884
47,1,2,0.16231480240821838
47,1,3,0.09023178368806839
47,1,4,0.1134856790304184
47,1,5,0.07865095138549805
47,1,6,0.06428329646587372
47,2,2,0.1216086894273758
47,2,3,0.11228286474943161
47,2,4,0.0667383223772049
47,2,5,0.044232212007045746
47,2,6,0.031468041241168976
47,3,2,0.1515890210866928
47,3,3,0.13092750310897827
47,3,4,0.08574353158473969
47,3,5,0.06750039011240005
47,3,6,0.04959484562277794
47,4,2,0.17700397968292236
47,4,3,0.13762851059436798
47,4,4,0.09215875715017319
47,4,5,0.06108013167977333
47,4,6,0.05355182662606239
47,5,2,0.19011840224266052
47,5,3,0.08374205231666565
47,5,4,0.05979882925748825
47,5,5,0.08548789471387863
47,5,6,0.0612635537981987
47,6,2,0.13784314692020416
47,6,3,0.11337875574827194
47,6,4,0.0713210329413414
47,6,5,0.043564461171627045
47,6,6,0.055082857608795166
47,7,2,0.15950153768062592
47,7,3,0.08085835725069046
47,7,4,0.0675579160451889
47,7,5,0.04477541521191597
47,7,6,0.03635523468255997
47,8,2,0.14777255058288574
47,8,3,0.10686880350112915
47,8,4,0.06451284140348434
47,8,5,0.042757224291563034
47,8,6,0.04862039163708687
47,9,2,0.17282119393348694
47,9,3,0.12447059154510498
47,9,4,0.07398241758346558
47,9,5,0.07431434839963913
47,9,6,0.05286932364106178
47,10,2,0.13699443638324738
47,10,3,0.09762000292539597
47,10,4,0.08873067796230316
47,10,5,0.06007673591375351
47,10,6,0.04274028539657593
47,11,2,0.1726941168308258
47,11,3,0.15273348987102509
47,11,4,0.0669536143541336
47,11,5,0.05729299783706665
47,11,6,0.0378333255648613
48,0,2,0.16094093024730682
48,0,3,0.09770865738391876
48,0,4,0.06227285414934158
48,0,5,0.03621485084295273
48,0,6,0.04736645519733429
48,1,2,0.16442766785621643
48,1,3,0.08106937259435654
48,1,4,0.06165686622262001
48,1,5,0.03416029363870621
48,1,6,0.05802101641893387
48,2,2,0.12574121356010437
48,2,3,0.09783244132995605
48,2,4,0.06905541568994522
48,2,5,0.08502432703971863
48,2,6,0.03882008045911789
48,3,2,0.10335575044155121
48,3,3,0.08789905160665512
48,3,4,0.056448403745889664
48,3,5,0.03814034163951874
48,3,6,0.048096999526023865
48,4,2,0.10854455083608627
48,4,3,0.07860509306192398
48,4,4,0.04510657116770744
48,4,5,0.029895314946770668
48,4,6,0.021268371492624283
48,5,2,0.14047518372535706
48,5,3,0.09234002232551575
48,5,4,0.04712884500622749
48,5,5,0.03750350698828697
48,5,6,0.08855730295181274
48,6,2,0.11933034658432007
48,6,3,0.10128923505544662
48,6,4,0.037771519273519516
48,6,5,0.04262717068195343
48,6,6,0.05014251172542572
48,7,2,0.13468778133392334
48,7,3,0.0661562979221344
48,7,4,0.10226808488368988
48,7,5,0.05449145287275314
48,7,6,0.025026831775903702
48,8,2,0.12013624608516693
48,8,3,0.07049936056137085
48,8,4,0.08471288532018661
48,8,5,0.05614522472023964
48,8,6,0.03994329273700714
48,9,2,0.09214410930871964
48,9,3,0.10031446069478989
48,9,4,0.05510601028800011
48,9,5,0.06893335282802582
48,9,6,0.04651243984699249
48,10,2,0.14395806193351746
48,10,3,0.08055281639099121
48,10,4,0.06521696597337723
48,10,5,0.03797900304198265
48,10,6,0.031596798449754715
48,11,2,0.15227290987968445
48,11,3,0.09871648997068405
48,11,4,0.07943369448184967
48,11,5,0.04794900119304657
48,11,6,0.04800061136484146
49,0,2,0.1282723844051361
49,0,3,0.1778561919927597
49,0,4,0.09950292110443115
49,0,5,0.06358034163713455
49,0,6,0.044136375188827515
49,1,2,0.15973205864429474
49,1,3,0.1274755597114563
49,1,4,0.08921923488378525
49,1,5,0.05913190171122551
49,1,6,0.04206809774041176
49,2,2,0.1701052039861679
49,2,3,0.08355273306369781
49,2,4,0.12291748076677322
49,2,5,0.08146611601114273
49,2,6,0.05795729160308838
49,3,2,0.20202316343784332
49,3,3,0.15184523165225983
49,3,4,0.082122802734375
49,3,5,0.06452663242816925
49,3,6,0.04590605944395065
49,4,2,0.1194535493850708
49,4,3,0.09790556877851486
49,4,4,0.058192793279886246
49,4,5,0.03856847807765007
49,4,6,0.027438707649707794
49,5,2,0.12938238680362701
49,5,3,0.16560927033424377
49,5,4,0.09843429923057556
49,5,5,0.06523937731981277
49,5,6,0.046413127332925797
49,6,2,0.14627818763256073
49,6,3,0.09830494225025177
49,6,4,0.09585478901863098
49,6,5,0.10659098625183105
49,6,6,0.07399362325668335
49,7,2,0.1725921630859375
49,7,3,0.10955485701560974
49,7,4,0.07602845132350922
49,7,5,0.09417063742876053
49,7,6,0.06537163257598877
49,8,2,0.1680913269519806
49,8,3,0.13877081871032715
49,8,4,0.08248214423656464
49,8,5,0.054666753858327866
49,8,6,0.038891468197107315
49,9,2,0.13214688003063202
49,9,3,0.08730696886777878
49,9,4,0.11363079398870468
49,9,5,0.07531116902828217
49,9,6,0.053578488528728485
49,10,2,0.15734221041202545
49,10,3,0.12185806035995483
49,10,4,0.13309346139431
49,10,5,0.09554298967123032
49,10,6,0.041936956346035004
49,11,2,0.09734337031841278
49,11,3,0.14049974083900452
49,11,4,0.08085933327674866
49,11,5,0.049451690167188644
49,11,6,0.033367279917001724
50,0,2,0.16221128404140472
50,0,3,0.10389852523803711
50,0,4,0.08669459819793701
50,0,5,0.05745864659547806
50,0,6,0.040877699851989746
50,1,2,0.16236384212970734
50,1,3,0.1269589513540268
50,1,4,0.07524222880601883
50,1,5,0.056395381689071655
50,1,6,0.040121257305145264
50,2,2,0.165455624461174
50,2,3,0.10802000015974045
50,2,4,0.08624163269996643
50,2,5,0.04911327734589577
50,2,6,0.03409358859062195
50,3,2,0.17026236653327942
50,3,3,0.11502646654844284
50,3,4,0.0683690533041954
50,3,5,0.04531301558017731
50,3,6,0.03223694860935211
50,4,2,0.1494414359331131
50,4,3,0.07340304553508759
50,4,4,0.04362906143069267
50,4,5,0.028916064649820328
50,4,6,0.02057170867919922
50,5,2,0.1420443058013916
50,5,3,0.08469617366790771
50,5,4,0.07195870578289032
50,5,5,0.04769212380051613
50,5,6,0.05770605802536011
50,6,2,0.14250542223453522
50,6,3,0.1041250079870224
50,6,4,0.07418326288461685
50,6,5,0.04916650056838989
50,6,6,0.03497842326760292
50,7,2,0.12399338185787201
50,7,3,0.09933079034090042
50,7,4,0.05903991684317589
50,7,5,0.03912992775440216
50,7,6,0.02783813513815403
50,8,2,0.13414263725280762
50,8,3,0.10220474749803543
50,8,4,0.060677669942379
50,8,5,0.06838136911392212
50,8,6,0.04864842817187309
50,9,2,0.16158045828342438
50,9,3,0.1050998717546463
50,9,4,0.06246892362833023
50,9,5,0.04140257090330124
50,9,6,0.02945495769381523
50,10,2,0.17009180784225464
50,10,3,0.10010698437690735
50,10,4,0.06614509224891663
50,10,5,0.0462627075612545
50,10,6,0.03235979378223419
50,11,2,0.15362094342708588
50,11,3,0.08077330142259598
50,11,4,0.08460144698619843
50,11,5,0.056071363389492035
50,11,6,0.039890751242637634
51,0,2,0.0667942613363266
51,0,3,0.053902436047792435
51,0,4,0.06846208870410919
51,0,5,0.041482824832201004
51,0,6,0.04403214901685715
51,1,2,0.13130460679531097
51,1,3,0.09422837942838669
51,1,4,0.06650963425636292
51,1,5,0.044080641120672226
51,1,6,0.031360216438770294
51,2,2,0.07143007218837738
51,2,3,0.07196541130542755
51,2,4,0.03654639795422554
51,2,5,0.024221882224082947
51,2,6,0.037202782928943634
51,3,2,0.1817142367362976
51,3,3,0.10173095762729645
51,3,4,0.06396891176700592
51,3,5,0.05102185904979706
51,3,6,0.0344456322491169
51,4,2,0.10685878247022629
51,4,3,0.11520980298519135
51,4,4,0.07301650196313858
51,4,5,0.04839320480823517
51,4,6,0.03442828729748726
51,5,2,0.1212974488735199
51,5,3,0.055165600031614304
51,5,4,0.05447625368833542
51,5,5,0.055212583392858505
51,5,6,0.03927979618310928
51,6,2,0.14150597155094147
51,6,3,0.06950527429580688
51,6,4,0.0413123220205307
51,6,5,0.027380604296922684
51,6,6,0.019479328766465187
51,7,2,0.13953468203544617
51,7,3,0.08749207109212875
51,7,4,0.03436466306447983
51,7,5,0.036127522587776184
51,7,6,0.03699173778295517
51,8,2,0.10153278708457947
51,8,3,0.061847276985645294
51,8,4,0.051630035042762756
51,8,5,0.040443941950798035
51,8,6,0.028772970661520958
51,9,2,0.13227765262126923
51,9,3,0.0712570920586586
51,9,4,0.04112081602215767
51,9,5,0.04238627851009369
51,9,6,0.04238663986325264
51,10,2,0.11944636702537537
51,10,3,0.08415466547012329
51,10,4,0.0710601881146431
51,10,5,0.05576912313699722
51,10,6,0.05271045118570328
51,11,2,0.12369859218597412
51,11,3,0.1100955605506897
51,11,4,0.08626437187194824
51,11,5,0.05006779730319977
51,11,6,0.06073737144470215
52,0,2,0.18079733848571777
52,0,3,0.10415257513523102
52,0,4,0.07558435201644897
52,0,5,0.04829685762524605
52,0,6,0.03352684900164604
52,1,2,0.12256132811307907
52,1,3,0.09838268160820007
52,1,4,0.10476262122392654
52,1,5,0.06407039612531662
52,1,6,0.043231189250946045
52,2,2,0.09388899803161621
52,2,3,0.0727912187576294
52,2,4,0.043265409767627716
52,2,5,0.028675049543380737
52,2,6,0.020400235429406166
52,3,2,0.16294288635253906
52,3,3,0.07753922790288925
52,3,4,0.04608751833438873
52,3,5,0.03054545260965824
52,3,6,0.021730901673436165
52,4,2,0.14085714519023895
52,4,3,0.1425902098417282
52,4,4,0.08475230634212494
52,4,5,0.0596318282186985
52,4,6,0.04242376238107681
52,5,2,0.16565367579460144
52,5,3,0.08560235053300858
52,5,4,0.05088004469871521
52,5,5,0.06250110268592834
52,5,6,0.045985981822013855
52,6,2,0.16159072518348694
52,6,3,0.09500706940889359
52,6,4,0.05315238609910011
52,6,5,0.033963292837142944
52,6,6,0.023576732724905014
52,7,2,0.1591259092092514
52,7,3,0.0781598836183548
52,7,4,0.046456433832645416
52,7,5,0.030789952725172043
52,7,6,0.04317871853709221
52,8,2,0.20671723783016205
52,8,3,0.10153592377901077
52,8,4,0.06035059317946434
52,8,5,0.039998609572649
52,8,6,0.02845614030957222
52,9,2,0.11152610182762146
52,9,3,0.12618887424468994
52,9,4,0.09907783567905426
52,9,5,0.060593701899051666
52,9,6,0.04088530316948891
52,10,2,0.11232508718967438
52,10,3,0.09758803993463516
52,10,4,0.09296528249979019
52,10,5,0.06701292842626572
52,10,6,0.05875471234321594
52,11,2,0.12100349366664886
52,11,3,0.10199707001447678
52,11,4,0.060624685138463974
52,11,5,0.0401802696287632
52,11,6,0.07560738921165466
53,0,2,0.15616551041603088
53,0,3,0.1091076135635376
53,0,4,0.06485103815793991
53,0,5,0.04321141541004181
53,0,6,0.03303058072924614
53,1,2,0.17275011539459229
53,1,3,0.15178559720516205
53,1,4,0.09021781384944916
53,1,5,0.05979373678565025
53,1,6,0.042538948357105255
53,2,2,0.11550144851207733
53,2,3,0.07909709960222244
53,2,4,0.06527901440858841
53,2,5,0.05103585869073868
53,2,6,0.08109529316425323
53,3,2,0.16856695711612701
53,3,3,0.14756454527378082
53,3,4,0.08770892769098282
53,3,5,0.06769103556871414
53,3,6,0.04360996186733246
53,4,2,0.15717445313930511
53,4,3,0.07720137387514114
53,4,4,0.08101792633533478
53,4,5,0.05369631201028824
53,4,6,0.038201071321964264
53,5,2,0.19357751309871674
53,5,3,0.11497623473405838
53,5,4,0.06833919882774353
53,5,5,0.048672471195459366
53,5,6,0.08074328303337097
53,6,2,0.13148996233940125
53,6,3,0.11686688661575317
53,6,4,0.06946296244859695
53,6,5,0.04603802040219307
53,6,6,0.04639726132154465
53,7,2,0.13049520552158356
53,7,3,0.15717408061027527
53,7,4,0.09342062473297119
53,7,5,0.0762898251414299
53,7,6,0.04740481823682785
53,8,2,0.13922254741191864
53,8,3,0.11537670344114304
53,8,4,0.06857722252607346
53,8,5,0.045450977981090546
53,8,6,0.032335106283426285
53,9,2,0.16148889064788818
53,9,3,0.15007184445858002
53,9,4,0.08894646167755127
53,9,5,0.058951109647750854
53,9,6,0.04193948581814766
53,10,2,0.29685327410697937
53,10,3,0.11054182052612305
53,10,4,0.12851963937282562
53,10,5,0.08212143182754517
53,10,6,0.057007282972335815
53,11,2,0.11251717060804367
53,11,3,0.10904249548912048
53,11,4,0.082843117415905
53,11,5,0.05490599945187569
53,11,6,0.03906167671084404
54,0,2,0.13580912351608276
54,0,3,0.059077631682157516
54,0,4,0.03305140882730484
54,0,5,0.021119173616170883
54,0,6,0.014660566113889217
54,1,2,0.16988523304462433
54,1,3,0.05644426867365837
54,1,4,0.1160363033413887
54,1,5,0.06092115119099617
54,1,6,0.04229040443897247
54,2,2,0.09352367371320724
54,2,3,0.04593720659613609
54,2,4,0.027304014191031456
54,2,5,0.01809629425406456
54,2,6,0.012874218635261059
54,3,2,0.20320600271224976
54,3,3,0.10688577592372894
54,3,4,0.06353041529655457
54,3,5,0.04210610315203667
54,3,6,0.02995547093451023
54,4,2,0.12845413386821747
54,4,3,0.06309445202350616
54,4,4,0.037501875311136246
54,4,5,0.024855146184563637
54,4,6,0.017682649195194244
54,5,2,0.12080734968185425
54,5,3,0.09130091965198517
54,5,4,0.05426714941859245
54,5,5,0.035966675728559494
54,5,6,0.025587713345885277
54,6,2,0.10163488984107971
54,6,3,0.04992130026221275
54,6,4,0.029672052711248398
54,6,5,0.045068126171827316
54,6,6,0.020003220066428185
54,7,2,0.08712267130613327
54,7,3,0.0427931472659111
54,7,4,0.025435253977775574
54,7,5,0.01685773953795433
54,7,6,0.011993071995675564
54,8,2,0.15686993300914764
54,8,3,0.17227062582969666
54,8,4,0.09637803584337234
54,8,5,0.06158360466361046
54,8,6,0.042750272899866104
54,9,2,0.09579230844974518
54,9,3,0.05748852342367172
54,9,4,0.05777043104171753
54,9,5,0.03533105552196503
54,9,6,0.02383945696055889
54,10,2,0.08143043518066406
54,10,3,0.08933757990598679
54,10,4,0.07399272918701172
54,10,5,0.08189956098794937
54,10,6,0.06990602612495422
54,11,2,0.12154516577720642
54,11,3,0.03620592877268791
54,11,4,0.036383457481861115
54,11,5,0.022251291200518608
54,11,6,0.046149250119924545
55,0,2,0.14925427734851837
55,0,3,0.07388800382614136
55,0,4,0.07313631474971771
55,0,5,0.03628950193524361
55,0,6,0.025817370042204857
55,1,2,0.18134644627571106
55,1,3,0.16385048627853394
55,1,4,0.09166732430458069
55,1,5,0.05857355520129204
55,1,6,0.04066075384616852
55,2,2,0.1865621954202652
55,2,3,0.09163612127304077
55,2,4,0.054466377943754196
55,2,5,0.036098726093769073
55,2,6,0.07529221475124359
55,3,2,0.1845802217721939
55,3,3,0.10484255105257034
55,3,4,0.06524943560361862
55,3,5,0.056162819266319275
55,3,6,0.05179111659526825
55,4,2,0.12642018496990204
55,4,3,0.0792618989944458
55,4,4,0.047111425548791885
55,4,5,0.031224071979522705
55,4,6,0.022213689982891083
55,5,2,0.13323533535003662
55,5,3,0.10738556832075119
55,5,4,0.06382749229669571
55,5,5,0.042302995920181274
55,5,6,0.03009553998708725
55,6,2,0.16824311017990112
55,6,3,0.1271478533744812
55,6,4,0.07557372003793716
55,6,5,0.050088051706552505
55,6,6,0.03563405200839043
55,7,2,0.1662300080060959
55,7,3,0.10844012349843979
55,7,4,0.06445428729057312
55,7,5,0.042718421667814255
55,7,6,0.030391085892915726
55,8,2,0.09731261432170868
55,8,3,0.08721400052309036
55,8,4,0.03594648092985153
55,8,5,0.042269136756658554
55,8,6,0.03284794092178345
55,9,2,0.18456633388996124
55,9,3,0.10710663348436356
55,9,4,0.06366168707609177
55,9,5,0.042193103581666946
55,9,6,0.030017368495464325
55,10,2,0.13952584564685822
55,10,3,0.13930743932724
55,10,4,0.08618517220020294
55,10,5,0.05438375473022461
55,10,6,0.037752263247966766
55,11,2,0.182965949177742
55,11,3,0.11295273900032043
55,11,4,0.0671364888548851
55,11,5,0.04449610039591789
55,11,6,0.031655777245759964
56,0,2,0.19584400951862335
56,0,3,0.12837998569011688
56,0,4,0.082176573574543
56,0,5,0.05066114291548729
56,0,6,0.03604176640510559
56,1,2,0.16758662462234497
56,1,3,0.07770803570747375
56,1,4,0.0727475956082344
56,1,5,0.04821497201919556
56,1,6,0.03430149331688881
56,2,2,0.11869364976882935
56,2,3,0.058300260454416275
56,2,4,0.03465231880545616
56,2,5,0.022966546937823296
56,2,6,0.016339045017957687
56,3,2,0.12709690630435944
56,3,3,0.06242779642343521
56,3,4,0.037105631083250046
56,3,5,0.024592528119683266
56,3,6,0.017495818436145782
56,4,2,0.19188296794891357
56,4,3,0.08710914105176926
56,4,4,0.0875362977385521
56,4,5,0.062336452305316925
56,4,6,0.040291860699653625
56,5,2,0.15992704033851624
56,5,3,0.12443599104881287
56,5,4,0.06953161954879761
56,5,5,0.046083517372608185
56,5,6,0.032785121351480484
56,6,2,0.10814245790243149
56,6,3,0.08476056158542633
56,6,4,0.050379712134599686
56,6,5,0.03339020162820816
56,6,6,0.02835046499967575
56,7,2,0.13849736750125885
56,7,3,0.10171706974506378
56,7,4,0.060458261519670486
56,7,5,0.04006996750831604
56,7,6,0.03393639624118805
56,8,2,0.1063232272863388
56,8,3,0.08015298843383789
56,8,4,0.07862580567598343
56,8,5,0.04802456125617027
56,8,6,0.05971434339880943
56,9,2,0.1740627884864807
56,9,3,0.09469297528266907
56,9,4,0.06056791543960571
56,9,5,0.040142640471458435
56,9,6,0.03573606163263321
56,10,2,0.16493187844753265
56,10,3,0.0749598816037178
56,10,4,0.07170940935611725
56,10,5,0.045820850878953934
56,10,6,0.03857244551181793
56,11,2,0.10298949480056763
56,11,3,0.0799059271812439
56,11,4,0.08664984256029129
56,11,5,0.05627446621656418
56,11,6,0.035699211061000824
57,0,2,0.17493128776550293
57,0,3,0.07396358996629715
57,0,4,0.04684952273964882
57,0,5,0.03105049394071102
57,0,6,0.022186698392033577
57,1,2,0.1588381677865982
57,1,3,0.1275128275156021
57,1,4,0.0795409306883812
57,1,5,0.05875542387366295
57,1,6,0.0441148467361927
57,2,3,0.122260183095932
57,2,4,0.07898824661970139
57,2,5,0.05748669430613518
57,2,6,0.031169159337878227
57,3,2,0.18373966217041016
57,3,3,0.08401785045862198
57,3,4,0.06561718136072159
57,3,5,0.0447671040892601
57,3,6,0.03184857591986656
57,4,2,0.15669205784797668
57,4,3,0.11100646108388901
57,4,4,0.08160685747861862
57,4,5,0.05456103757023811
57,4,6,0.03815881907939911
57,5,2,0.180994912981987
57,5,3,0.09109930694103241
57,5,4,0.056604187935590744
57,5,5,0.0367983840405941
57,5,6,0.026179412379860878
57,6,2,0.16541630029678345
57,6,3,0.08829919993877411
57,6,4,0.05248299241065979
57,6,5,0.03478419408202171
57,6,6,0.024746455252170563
57,7,2,0.16130058467388153
57,7,3,0.08208610862493515
57,7,4,0.04879007861018181
57,7,5,0.03233663737773895
57,7,6,0.02300519496202469
57,8,2,0.18802757561206818
57,8,3,0.10984347760677338
57,8,4,0.06311696767807007
57,8,5,0.04945208132266998
57,8,6,0.03556346148252487
57,9,2,0.16253189742565155
57,9,3,0.10811921954154968
57,9,4,0.06426355242729187
57,9,5,0.04259200394153595
57,9,6,0.030301155522465706
57,10,2,0.17063221335411072
57,10,3,0.1383386254310608
57,10,4,0.13511663675308228
57,10,5,0.06204390153288841
57,10,6,0.06504935771226883
57,11,2,0.13362140953540802
57,11,3,0.0638771802186966
57,11,4,0.09660203009843826
57,11,5,0.08042718470096588
57,11,6,0.06750249862670898
58,0,2,0.09990586340427399
58,0,3,0.07895819842815399
58,0,4,0.08566775918006897
58,0,5,0.03618813306093216
58,0,6,0.042166706174612045
58,1,2,0.12080659717321396
58,1,3,0.0570654459297657
58,1,4,0.1294250786304474
58,1,5,0.0532652772963047
58,1,6,0.0753398984670639
58,2,2,0.16821733117103577
58,2,3,0.09138756990432739
58,2,4,0.10624145716428757
58,2,5,0.07276787608861923
58,2,6,0.056620676070451736
58,3,2,0.1756708323955536
58,3,3,0.13308173418045044
58,3,4,0.10265818983316422
58,3,5,0.07372884452342987
58,3,6,0.050146546214818954
58,4,2,0.16772884130477905
58,4,3,0.10707301646471024
58,4,4,0.06521742790937424
58,4,5,0.045473966747522354
58,4,6,0.03536146879196167
58,5,2,0.14279025793075562
58,5,3,0.11814561486244202
58,5,4,0.07932107150554657
58,5,5,0.0770443007349968
58,5,6,0.04551493003964424
58,6,2,0.14353367686271667
58,6,3,0.14668616652488708
58,6,4,0.1075923815369606
58,6,5,0.07755675166845322
58,6,6,0.05732422322034836
58,7,2,0.26277679204940796
58,7,3,0.1241985633969307
58,7,4,0.165268674492836
58,7,5,0.11115512996912003
58,7,6,0.0999232679605484
58,8,2,0.23244589567184448
58,8,3,0.09898681938648224
58,8,4,0.1039949506521225
58,8,5,0.06645064800977707
58,8,6,0.04612889885902405
58,9,2,0.18483179807662964
58,9,3,0.1496458500623703
58,9,4,0.11920813471078873
58,9,5,0.07565879076719284
58,9,6,0.07176703214645386
58,10,2,0.15266720950603485
58,10,3,0.13772934675216675
58,10,4,0.08570203930139542
58,10,5,0.1420535296201706
58,10,6,0.06194613128900528
58,11,2,0.20048034191131592
58,11,3,0.18653152883052826
58,11,4,0.10729723423719406
58,11,5,0.08706389367580414
58,11,6,0.06408340483903885
59,0,2,0.1658806949853897
59,0,3,0.1294495165348053
59,0,4,0.09856387227773666
59,0,5,0.060860008001327515
59,0,6,0.04338753968477249
59,1,2,0.08868258446455002
59,1,3,0.07547960430383682
59,1,4,0.06797955930233002
59,1,5,0.06516054272651672
59,1,6,0.02876594290137291
59,2,2,0.0919489786028862
59,2,3,0.0634271651506424
59,2,4,0.03816239535808563
59,2,5,0.05787147209048271
59,2,6,0.017061937600374222
59,3,2,0.2111697643995285
59,3,3,0.15888600051403046
59,3,4,0.09169819205999374
59,3,5,0.11459936201572418
59,3,6,0.0824054554104805
59,4,2,0.11690366268157959
59,4,3,0.05742105096578598
59,4,4,0.03412974253296852
59,4,5,0.022620191797614098
59,4,6,0.01609264314174652
59,5,2,0.1388031542301178
59,5,3,0.13337461650371552
59,5,4,0.12005434185266495
59,5,5,0.07251285016536713
59,5,6,0.05422713980078697
59,6,2,0.12436791509389877
59,6,3,0.10485668480396271
59,6,4,0.0791846439242363
59,6,5,0.05246882885694504
59,6,6,0.041098300367593765
59,7,2,0.18828538060188293
59,7,3,0.12435583770275116
59,7,4,0.08135209232568741
59,7,5,0.08337510377168655
59,7,6,0.053377170115709305
59,8,2,0.13957040011882782
59,8,3,0.11700408160686493
59,8,4,0.06304012984037399
59,8,5,0.06019684299826622
59,8,6,0.040105078369379044
59,9,2,0.06288778781890869
59,9,3,0.0492493137717247
59,9,4,0.02927265129983425
59,9,5,0.019401052966713905
59,9,6,0.013802464120090008
59,10,2,0.16079260408878326
59,10,3,0.10214973986148834
59,10,4,0.0723794475197792
59,10,5,0.04489404335618019
59,10,6,0.03116466850042343
59,11,2,0.16967055201530457
59,11,3,0.11690440773963928
59,11,4,0.10533931851387024
59,11,5,0.05611814185976982
59,11,6,0.06426043808460236
60,0,2,0.1697302758693695
60,0,3,0.07870423793792725
60,0,4,0.06917285174131393
60,0,5,0.046243660151958466
60,0,6,0.03224734216928482
60,1,2,0.20398758351802826
60,1,3,0.13652673363685608
60,1,4,0.08114831894636154
60,1,5,0.053782735019922256
60,1,6,0.03826255351305008
60,2,2,0.12523983418941498
60,2,3,0.09719383716583252
60,2,4,0.057769760489463806
60,2,5,0.06966365873813629
60,2,6,0.04956069588661194
60,3,2,0.12407632172107697
60,3,3,0.10069358348846436
60,3,4,0.059849925339221954
60,3,5,0.03966677933931351
60,3,6,0.05217837169766426
60,4,2,0.12353061884641647
60,4,3,0.06254344433546066
60,4,4,0.037174370139837265
60,4,5,0.024638088420033455
60,4,6,0.0175282284617424
60,5,2,0.105184406042099
60,5,3,0.08201184123754501
60,5,4,0.05675254762172699
60,5,5,0.037613920867443085
60,5,6,0.04592817276716232
60,6,2,0.11129271984100342
60,6,3,0.058963533490896225
60,6,4,0.0613684356212616
60,6,5,0.044830769300460815
60,6,6,0.04208078980445862
60,7,2,0.12022274732589722
60,7,3,0.07607229799032211
60,7,4,0.04869462549686432
60,7,5,0.032085858285427094
60,7,6,0.02282678708434105
60,8,2,0.10518655925989151
60,8,3,0.08062463998794556
60,8,4,0.045119889080524445
60,8,5,0.034562475979328156
60,8,6,0.02458871901035309
60,9,2,0.10747738182544708
60,9,3,0.09853535145521164
60,9,4,0.054871752858161926
60,9,5,0.035870227962732315
60,9,6,0.027622854337096214
60,10,2,0.11399120092391968
60,10,3,0.10440663993358612
60,10,4,0.06591732800006866
60,10,5,0.040266141295433044
60,10,6,0.037735581398010254
60,11,2,0.07752419263124466
60,11,3,0.06766802072525024
60,11,4,0.08264588564634323
60,11,5,0.05280904099345207
60,11,6,0.036659125238657
61,0,2,0.10468893498182297
61,0,3,0.05665374919772148
61,0,4,0.07276147603988647
61,0,5,0.08119325339794159
61,0,6,0.053818508982658386
61,1,2,0.13520272076129913
61,1,3,0.07866597920656204
61,1,4,0.05518818646669388
61,1,5,0.07286319881677628
61,1,6,0.07254982739686966
61,2,2,0.15819059312343597
61,2,3,0.08935973048210144
61,2,4,0.08974867314100266
61,2,5,0.06847407668828964
61,2,6,0.04456142336130142
61,3,2,0.11550004780292511
61,3,3,0.08359310775995255
61,3,4,0.054769691079854965
61,3,5,0.034717757254838943
61,3,6,0.024699199944734573
61,4,2,0.1930190920829773
61,4,3,0.08957577496767044
61,4,4,0.07830628007650375
61,4,5,0.05373034253716469
61,4,6,0.05736556276679039
61,5,2,0.11063934862613678
61,5,3,0.10377389937639236
61,5,4,0.0531383641064167
61,5,5,0.08308813720941544
61,5,6,0.06455288827419281
61,6,2,0.14638935029506683
61,6,3,0.08007828891277313
61,6,4,0.04743347316980362
61,6,5,0.05288167670369148
61,6,6,0.06456466019153595
61,7,2,0.12658971548080444
61,7,3,0.0782988965511322
61,7,4,0.1446753889322281
61,7,5,0.06191973015666008
61,7,6,0.0799442008137703
61,8,2,0.10010673105716705
61,8,3,0.06378302723169327
61,8,4,0.06302207708358765
61,8,5,0.053944867104291916
61,8,6,0.041963621973991394
61,9,2,0.11348730325698853
61,9,3,0.08511999994516373
61,9,4,0.04816244915127754
61,9,5,0.07898087054491043
61,9,6,0.055029142647981644
61,10,2,0.1410752683877945
61,10,3,0.07211882621049881
61,10,4,0.11681785434484482
61,10,5,0.0986257791519165
61,10,6,0.03831634670495987
61,11,2,0.16502632200717926
61,11,3,0.12133847922086716
61,11,4,0.08824722468852997
61,11,5,0.08215084671974182
61,11,6,0.05439130589365959
62,0,2,0.12031004577875137
62,0,3,0.1057751327753067
62,0,4,0.12274863570928574
62,0,5,0.08773849904537201
62,0,6,0.06980884820222855
62,1,2,0.10672784596681595
62,1,3,0.1555272936820984
62,1,4,0.08164798468351364
62,1,5,0.057009320706129074
62,1,6,0.041054125875234604
62,2,2,0.11869703978300095
62,2,3,0.10262545198202133
62,2,4,0.10105319321155548
62,2,5,0.05489097163081169
62,2,6,0.04486304894089699
62,3,2,0.10764570534229279
62,3,3,0.09650213271379471
62,3,4,0.11210507154464722
62,3,5,0.08020543307065964
62,3,6,0.07122164964675903
62,4,2,0.13729652762413025
62,4,3,0.14787207543849945
62,4,4,0.06111662834882736
62,4,5,0.040506310760974884
62,4,6,0.036691248416900635
62,5,2,0.1807394176721573
62,5,3,0.0868886262178421
62,5,4,0.05842414125800133
62,5,5,0.04835499823093414
62,5,6,0.03199191763997078
62,6,2,0.1624104529619217
62,6,3,0.10732751339673996
62,6,4,0.08826890587806702
62,6,5,0.10834410786628723
62,6,6,0.056891173124313354
62,7,2,0.12351967394351959
62,7,3,0.14159943163394928
62,7,4,0.062387704849243164
62,7,5,0.09947765618562698
62,7,6,0.0825415700674057
62,8,2,0.12202712148427963
62,8,3,0.13805925846099854
62,8,4,0.12157333642244339
62,8,5,0.08998092263936996
62,8,6,0.06346514075994492
62,9,2,0.13474507629871368
62,9,3,0.08843815326690674
62,9,4,0.11522593349218369
62,9,5,0.08747496455907822
62,9,6,0.054494548588991165
62,10,2,0.13322165608406067
62,10,3,0.10015294700860977
62,10,4,0.09052897989749908
62,10,5,0.10799402743577957
62,10,6,0.07894674688577652
62,11,2,0.18278425931930542
62,11,3,0.09863915294408798
62,11,4,0.10725098103284836
62,11,5,0.09742467850446701
62,11,6,0.07434766739606857
63,0,2,0.2485295832157135
63,0,3,0.16030654311180115
63,0,4,0.0896846279501915
63,0,5,0.05730666592717171
63,0,6,0.039781294763088226
63,1,2,0.1679529845714569
63,1,3,0.1601153463125229
63,1,4,0.08957768231630325
63,1,5,0.05723831430077553
63,1,6,0.039733853191137314
63,2,2,0.1724725365638733
63,2,3,0.11407075077295303
63,2,4,0.0781252458691597
63,2,5,0.0517791323363781
63,2,6,0.0368371345102787
63,3,2,0.19896554946899414
63,3,3,0.13747364282608032
63,3,4,0.07691061496734619
63,3,5,0.04914431646466255
63,3,6,0.03411513939499855
63,4,2,0.1792738139629364
63,4,3,0.08805619180202484
63,4,4,0.052338551729917526
63,4,5,0.05762552097439766
63,4,6,0.028154447674751282
63,5,2,0.12400761246681213
63,5,3,0.09622261673212051
63,5,4,0.06332895904779434
63,5,5,0.0419725701212883
63,5,6,0.02986047975718975
63,6,2,0.20709381997585297
63,6,3,0.20470304787158966
63,6,4,0.1523408740758896
63,6,5,0.09316814690828323
63,6,6,0.07888089120388031
63,7,2,0.1575901061296463
63,7,3,0.12364554405212402
63,7,4,0.0691743865609169
63,7,5,0.04420102387666702
63,7,6,0.03068358823657036
63,8,2,0.16814440488815308
63,8,3,0.11243606358766556
63,8,4,0.0668293833732605
63,8,5,0.04429255798459053
63,8,6,0.03151097521185875
63,9,2,0.1625373810529709
63,9,3,0.08964459598064423
63,9,4,0.07201606035232544
63,9,5,0.06959789246320724
63,9,6,0.04951390251517296
63,10,2,0.18760515749454498
63,10,3,0.1521172970533371
63,10,4,0.08784272521734238
63,10,5,0.03796767443418503
63,10,6,0.046991005539894104
63,11,2,0.21333691477775574
63,11,3,0.14626911282539368
63,11,4,0.08451417088508606
63,11,5,0.05443601310253143
63,11,6,0.03778854012489319
64,0,2,0.1732945591211319
64,0,3,0.0712403804063797
64,0,4,0.11581993103027344
64,0,5,0.060282524675130844
64,0,6,0.04869814217090607
64,1,2,0.19114024937152863
64,1,3,0.1505175232887268
64,1,4,0.0882187932729721
64,1,5,0.07177440822124481
64,1,6,0.07629978656768799
64,2,2,0.09040814638137817
64,2,3,0.10553118586540222
64,2,4,0.06069418042898178
64,2,5,0.04022632911801338
64,2,6,0.06412138789892197
64,3,2,0.193749338388443
64,3,3,0.09516631811857224
64,3,4,0.07905586808919907
64,3,5,0.09645462036132812
64,3,6,0.08172324299812317
64,4,2,0.13060052692890167
64,4,3,0.07182413339614868
64,4,4,0.07011563330888748
64,4,5,0.04117802157998085
64,4,6,0.02929520606994629
64,5,2,0.10514365881681442
64,5,3,0.10743921995162964
64,5,4,0.08857990056276321
64,5,5,0.054094139486551285
64,5,6,0.043517306447029114
64,6,2,0.12260480970144272
64,6,3,0.10903315246105194
64,6,4,0.06771612912416458
64,6,5,0.07969005405902863
64,6,6,0.03609967976808548
64,7,2,0.16492722928524017
64,7,3,0.13559722900390625
64,7,4,0.08059584349393845
64,7,5,0.060932423919439316
64,7,6,0.04185199737548828
64,8,2,0.14596326649188995
64,8,3,0.07202547788619995
64,8,4,0.04986342415213585
64,8,5,0.04246532917022705
64,8,6,0.041062161326408386
64,9,2,0.14365644752979279
64,9,3,0.09351621568202972
64,9,4,0.06857635080814362
64,9,5,0.08278344571590424
64,9,6,0.05471084266901016
64,10,2,0.2286553829908371
64,10,3,0.10526379197835922
64,10,4,0.0649663582444191
64,10,5,0.06914893537759781
64,10,6,0.06107387691736221
64,11,2,0.1982235312461853
64,11,3,0.12825754284858704
64,11,4,0.0673527717590332
64,11,5,0.0724828839302063
64,11,6,0.08145831525325775
65,0,2,0.15758265554904938
65,0,3,0.12256647646427155
65,0,4,0.07449521124362946
65,0,5,0.06900691241025925
65,0,6,0.06024935096502304
65,1,2,0.1519869565963745
65,1,3,0.120238296687603
65,1,4,0.08373165130615234
65,1,5,0.0698949322104454
65,1,6,0.06473861634731293
65,2,2,0.10746284574270248
65,2,3,0.10754051804542542
65,2,4,0.07058902829885483
65,2,5,0.059412650763988495
65,2,6,0.04374063387513161
65,3,2,0.1592111587524414
65,3,3,0.0893251895904541
65,3,4,0.0722360610961914
65,3,5,0.04787594825029373
65,3,6,0.034060291945934296
65,4,2,0.1523158848285675
65,4,3,0.0987369567155838
65,4,4,0.058686960488557816
65,4,5,0.038895998150110245
65,4,6,0.027671711519360542
65,5,2,0.15757857263088226
65,5,3,0.1124470978975296
65,5,4,0.06633539497852325
65,5,5,0.07767879962921143
65,5,6,0.055262885987758636
65,6,2,0.17294694483280182
65,6,3,0.08676666021347046
65,6,4,0.05157208815217018
65,6,5,0.034180473536252975
65,6,6,0.024316949769854546
65,7,2,0.1796150505542755
65,7,3,0.088091641664505
65,7,4,0.07360251247882843
65,7,5,0.0588625930249691
65,7,6,0.04099247604608536
65,8,2,0.1389169543981552
65,8,3,0.08851125836372375
65,8,4,0.08641419559717178
65,8,5,0.05727280676364899
65,8,6,0.040745481848716736
65,9,2,0.1799536943435669
65,9,3,0.10594084113836288
65,9,4,0.08944837003946304
65,9,5,0.07678569108247757
65,9,6,0.05462750419974327
65,10,2,0.12449958920478821
65,10,3,0.11502254754304886
65,10,4,0.09258078783750534
65,10,5,0.08340724557638168
65,10,6,0.06318209320306778
65,11,2,0.19951683282852173
65,11,3,0.10087604820728302
65,11,4,0.05426473915576935
65,11,5,0.07347049564123154
65,11,6,0.06102960184216499
66,0,2,0.19475089013576508
66,0,3,0.1389303356409073
66,0,4,0.08074413985013962
66,0,5,0.0899367406964302
66,0,6,0.06708773970603943
66,1,2,0.20513199269771576
66,1,3,0.07557680457830429
66,1,4,0.07225687056779861
66,1,5,0.06433985382318497
66,1,6,0.02744964510202408
66,2,2,0.15194445848464966
66,2,3,0.09855695068836212
66,2,4,0.05670520290732384
66,2,5,0.04634223133325577
66,2,6,0.042852334678173065
66,3,2,0.1657596081495285
66,3,3,0.1254480630159378
66,3,4,0.09623900800943375
66,3,5,0.08332781493663788
66,3,6,0.034712981432676315
66,4,2,0.16081051528453827
66,4,3,0.07898734509944916
66,4,4,0.04694824293255806
66,4,5,0.031115921214222908
66,4,6,0.0669628158211708
66,5,2,0.09140404313802719
66,5,3,0.07374826073646545
66,5,4,0.03933418169617653
66,5,5,0.05874064564704895
66,5,6,0.04178975149989128
66,6,2,0.09820664674043655
66,6,3,0.054388903081417084
66,6,4,0.052038658410310745
66,6,5,0.03448969125747681
66,6,6,0.024536939337849617
66,7,2,0.07619383931159973
66,7,3,0.08755934238433838
66,7,4,0.11434769630432129
66,7,5,0.05829968303442001
66,7,6,0.10135893523693085
66,8,2,0.15931330621242523
66,8,3,0.08592619001865387
66,8,4,0.05107252672314644
66,8,5,0.03838994726538658
66,8,6,0.03587518632411957
66,9,2,0.12104909867048264
66,9,3,0.097412109375
66,9,4,0.047989826649427414
66,9,5,0.06360215693712234
66,9,6,0.042422160506248474
66,10,2,0.15934930741786957
66,10,3,0.055797040462493896
66,10,4,0.07106060534715652
66,10,5,0.06607544422149658
66,10,6,0.04424220696091652
66,11,2,0.17860625684261322
66,11,3,0.13318867981433868
66,11,4,0.08078272640705109
66,11,5,0.05356484279036522
66,11,6,0.0634269267320633
67,0,2,0.1346459835767746
67,0,3,0.11270389705896378
67,0,4,0.06698857992887497
67,0,5,0.046313926577568054
67,0,6,0.05391780659556389
67,1,2,0.12927129864692688
67,1,3,0.15864187479019165
67,1,4,0.0791768878698349
67,1,5,0.052476126700639725
67,1,6,0.03733275085687637
67,2,2,0.25254586338996887
67,2,3,0.12346690148115158
67,2,4,0.06934268772602081
67,2,5,0.06169058755040169
67,2,6,0.05920352414250374
67,3,2,0.23331700265407562
67,3,3,0.12240830808877945
67,3,4,0.08314923197031021
67,3,5,0.05510888248682022
67,3,6,0.03920600935816765
67,4,2,0.13640066981315613
67,4,3,0.06699763983488083
67,4,4,0.039821844547986984
67,4,5,0.06528496742248535
67,4,6,0.046445563435554504
67,5,2,0.14808779954910278
67,5,3,0.08900435268878937
67,5,4,0.04979412257671356
67,5,5,0.03181742876768112
67,5,6,0.022087110206484795
67,6,2,0.18797381222248077
67,6,3,0.13756205141544342
67,6,4,0.11754368245601654
67,6,5,0.06801047176122665
67,6,6,0.10134493559598923
67,7,2,0.18971961736679077
67,7,3,0.11057256162166595
67,7,4,0.07732607424259186
67,7,5,0.05124945938587189
67,7,6,0.03646031394600868
67,8,2,0.20495803654193878
67,8,3,0.10067184269428253
67,8,4,0.05983699858188629
67,8,5,0.03965821489691734
67,8,6,0.028213972225785255
67,9,2,0.2045963853597641
67,9,3,0.11100578308105469
67,9,4,0.07671863585710526
67,9,5,0.06658245623111725
67,9,6,0.06562834233045578
67,10,2,0.18685844540596008
67,10,3,0.16051582992076874
67,10,4,0.08946547657251358
67,10,5,0.05716661736369133
67,10,6,0.039684079587459564
67,11,2,0.1882057785987854
67,11,3,0.1278345286846161
67,11,4,0.0798630341887474
67,11,5,0.05060112476348877
67,11,6,0.035126425325870514
68,0,2,0.15038253366947174
68,0,3,0.07415914535522461
68,0,4,0.058358464390039444
68,0,5,0.038678284734487534
68,0,6,0.035391915589571
68,1,2,0.16147655248641968
68,1,3,0.1106603741645813
68,1,4,0.06577395647764206
68,1,5,0.04359305277466774
68,1,6,0.031013328582048416
68,2,2,0.10338303446769714
68,2,3,0.066855289041996
68,2,4,0.03973722830414772
68,2,5,0.0263366736471653
68,2,6,0.01873665116727352
68,3,2,0.25385528802871704
68,3,3,0.12468931078910828
68,3,4,0.09310557693243027
68,3,5,0.06170765310525894
68,3,6,0.043900564312934875
68,4,2,0.16237874329090118
68,4,3,0.053950246423482895
68,4,4,0.07400719076395035
68,4,5,0.04728908836841583
68,4,6,0.03282726928591728
68,5,2,0.18588276207447052
68,5,3,0.08434619009494781
68,5,4,0.07818713784217834
68,5,5,0.049621548503637314
68,5,6,0.03444641828536987
68,6,2,0.2378188669681549
68,6,3,0.10394654422998428
68,6,4,0.058153633028268814
68,6,5,0.03715899586677551
68,6,6,0.02579512633383274
68,7,2,0.14312094449996948
68,7,3,0.08167367428541183
68,7,4,0.04854493588209152
68,7,5,0.032174162566661835
68,7,6,0.03256809338927269
68,8,2,0.11697669327259064
68,8,3,0.06582184880971909
68,8,4,0.07598599791526794
68,8,5,0.04266318306326866
68,8,6,0.0303517933934927
68,9,2,0.12762272357940674
68,9,3,0.06268607079982758
68,9,4,0.06544023007154465
68,9,5,0.032912712544202805
68,9,6,0.023415036499500275
68,10,2,0.17772355675697327
68,10,3,0.08514653146266937
68,10,4,0.0730707198381424
68,10,5,0.04669070616364479
68,10,6,0.04239143058657646
68,11,2,0.11762689799070358
68,11,3,0.1096632182598114
68,11,4,0.0757216364145279
68,11,5,0.05323019623756409
68,11,6,0.03786946088075638
69,0,2,0.16047559678554535
69,0,3,0.09675556421279907
69,0,4,0.07900048792362213
69,0,5,0.0523592047393322
69,0,6,0.03724982589483261
69,1,2,0.15954822301864624
69,1,3,0.13479012250900269
69,1,4,0.0748697891831398
69,1,5,0.08947402983903885
69,1,6,0.089809849858284
69,2,2,0.19967180490493774
69,2,3,0.10933727025985718
69,2,4,0.06807171553373337
69,2,5,0.04349644482135773
69,2,6,0.030194483697414398
69,3,2,0.16123144328594208
69,3,3,0.11618490517139435
69,3,4,0.10743657499551773
69,3,5,0.08938145637512207
69,3,6,0.05475935339927673
69,4,2,0.14743058383464813
69,4,3,0.07289158552885056
69,4,4,0.06771220266819
69,4,5,0.04487767443060875
69,4,6,0.03192724660038948
69,5,2,0.22458216547966003
69,5,3,0.11707214266061783
69,5,4,0.10811228305101395
69,5,5,0.07544130831956863
69,5,6,0.05971430614590645
69,6,2,0.13427579402923584
69,6,3,0.10484212636947632
69,6,4,0.10866303741931915
69,6,5,0.07369574904441833
69,6,6,0.06956630945205688
69,7,2,0.16668502986431122
69,7,3,0.08187280595302582
69,7,4,0.04866328835487366
69,7,5,0.032252609729766846
69,7,6,0.0687040463089943
69,8,2,0.12954694032669067
69,8,3,0.1263955682516098
69,8,4,0.08442915976047516
69,8,5,0.06946758180856705
69,8,6,0.05872061848640442
69,9,2,0.11327500641345978
69,9,3,0.10515184700489044
69,9,4,0.10564012080430984
69,9,5,0.09641705453395844
69,9,6,0.06693105399608612
69,10,2,0.1627185195684433
69,10,3,0.10845278948545456
69,10,4,0.06856808811426163
69,10,5,0.04544492065906525
69,10,6,0.062191374599933624
69,11,2,0.10484152287244797
69,11,3,0.11912659555673599
69,11,4,0.07531649619340897
69,11,5,0.09663001447916031
69,11,6,0.0674215704202652
70,0,2,0.17094607651233673
70,0,3,0.11533947288990021
70,0,4,0.080002561211586
70,0,5,0.05302335321903229
70,0,6,0.03772231191396713
70,1,2,0.10061861574649811
70,1,3,0.16230222582817078
70,1,4,0.09646866470575333
70,1,5,0.06393661350011826
70,1,6,0.04548630863428116
70,2,2,0.14138372242450714
70,2,3,0.07222902029752731
70,2,4,0.0707019492983818
70,2,5,0.04685918614268303
70,2,6,0.03333694860339165
70,3,2,0.2007380574941635
70,3,3,0.10867684334516525
70,3,4,0.06459499150514603
70,3,5,0.042811669409275055
70,3,6,0.050199661403894424
70,4,2,0.145282581448555
70,4,3,0.07136029005050659
70,4,4,0.06882136315107346
70,4,5,0.04561278596520424
70,4,6,0.032450221478939056
70,5,2,0.12081380933523178
70,5,3,0.1047455295920372
70,5,4,0.058931902050971985
70,5,5,0.05290798097848892
70,5,6,0.03764022886753082
70,6,2,0.16580049693584442
70,6,3,0.0814383253455162
70,6,4,0.048405054956674576
70,6,5,0.03208145126700401
70,6,6,0.022823646664619446
70,7,2,0.14849676191806793
70,7,3,0.08408822119235992
70,7,4,0.05856068804860115
70,7,5,0.038812313228845596
70,7,6,0.027612173929810524
70,8,2,0.15467381477355957
70,8,3,0.07597310096025467
70,8,4,0.0761890709400177
70,8,5,0.05049588531255722
70,8,6,0.03592419624328613
70,9,2,0.1459193080663681
70,9,3,0.09901672601699829
70,9,4,0.07267404347658157
70,9,5,0.055670760571956635
70,9,6,0.03960574045777321
70,10,2,0.08895570784807205
70,10,3,0.04369350150227547
70,10,4,0.025970401242375374
70,10,5,0.06371551007032394
70,10,6,0.045329004526138306
70,11,2,0.126068115234375
70,11,3,0.061922479420900345
70,11,4,0.0890224352478981
70,11,5,0.05900147557258606
70,11,6,0.04197530075907707
71,0,2,0.1412682682275772
71,0,3,0.08958019316196442
71,0,4,0.05452989786863327
71,0,5,0.05383007228374481
71,0,6,0.03811561316251755
71,1,2,0.15444815158843994
71,1,3,0.1028948724269867
71,1,4,0.06901780515909195
71,1,5,0.06449266523122787
71,1,6,0.04588190093636513
71,2,2,0.14851531386375427
71,2,3,0.09055909514427185
71,2,4,0.0538262203335762
71,2,5,0.04749511927366257
71,2,6,0.028907710686326027
71,3,2,0.12906602025032043
71,3,3,0.12550200521945953
71,3,4,0.09781045466661453
71,3,5,0.0857202410697937
71,3,6,0.05485214293003082
71,4,2,0.08522286266088486
71,4,3,0.0518387109041214
71,4,4,0.04965589940547943
71,4,5,0.03291047737002373
71,4,6,0.023413436487317085
71,5,2,0.16226065158843994
71,5,3,0.09417253732681274
71,5,4,0.05382058396935463
71,5,5,0.04392508417367935
71,5,6,0.03124953992664814
71,6,2,0.19528138637542725
71,6,3,0.11541754007339478
71,6,4,0.06860149651765823
71,6,5,0.0808466374874115
71,6,6,0.05751657858490944
71,7,2,0.1156826764345169
71,7,3,0.08435547351837158
71,7,4,0.055971983820199966
71,7,5,0.0493885837495327
71,7,6,0.035136424005031586
71,8,2,0.16276782751083374
71,8,3,0.1104927584528923
71,8,4,0.06102513521909714
71,8,5,0.05233133211731911
71,8,6,0.04161391779780388
71,9,2,0.1426842361688614
71,9,3,0.0756605789065361
71,9,4,0.10387992858886719
71,9,5,0.07113540172576904
71,9,6,0.04969796910881996
71,10,2,0.14238230884075165
71,10,3,0.1184258759021759
71,10,4,0.08696164190769196
71,10,5,0.06649217754602432
71,10,6,0.057167261838912964
71,11,2,0.13689856231212616
71,11,3,0.08236142247915268
71,11,4,0.07084468752145767
71,11,5,0.06442531943321228
71,11,6,0.02944164350628853
72,0,2,0.18284067511558533
72,0,3,0.08980817347764969
72,0,4,0.05337989330291748
72,0,5,0.035378631204366684
72,0,6,0.025169359520077705
72,1,2,0.1676403135061264
72,1,3,0.1535942405462265
72,1,4,0.08592939376831055
72,1,5,0.05490713566541672
72,1,6,0.03811558708548546
72,2,2,0.1944250762462616
72,2,3,0.0954982340335846
72,2,4,0.056761935353279114
72,2,5,0.037620142102241516
72,2,6,0.02676403522491455
72,3,2,0.18280182778835297
72,3,3,0.13582001626491547
72,3,4,0.08336593955755234
72,3,5,0.05525251105427742
72,3,6,0.05085081234574318
72,4,2,0.15037409961223602
72,4,3,0.06746789067983627
72,4,4,0.040101345628499985
72,4,5,0.02657800167798996
72,4,6,0.018908340483903885
72,5,2,0.165569469332695
72,5,3,0.08554615825414658
72,5,4,0.058750540018081665
72,5,5,0.03893813490867615
72,5,6,0.027701687067747116
72,6,2,0.1758141815662384
72,6,3,0.08635687828063965
72,6,4,0.051328521221876144
72,6,5,0.034019045531749725
72,6,6,0.02420210838317871
72,7,2,0.13179489970207214
72,7,3,0.10448853671550751
72,7,4,0.062105558812618256
72,7,5,0.04116174206137657
72,7,6,0.02928362600505352
72,8,2,0.18316352367401123
72,8,3,0.08996675163507462
72,8,4,0.053474146872758865
72,8,5,0.03544110059738159
72,8,6,0.02521379292011261
72,9,2,0.2101050764322281
72,9,3,0.1429266333580017
72,9,4,0.08495226502418518
72,9,5,0.056303877383470535
72,9,6,0.04005616158246994
72,10,2,0.17890238761901855
72,10,3,0.09304798394441605
72,10,4,0.05221990495920181
72,10,5,0.034609828144311905
72,10,6,0.0377652570605278
72,11,2,0.1651327759027481
72,11,3,0.0699794664978981
72,11,4,0.04159417375922203
72,11,5,0.02756739966571331
72,11,6,0.01961222104728222
73,0,2,0.11173489689826965
73,0,3,0.10004061460494995
73,0,4,0.05596844106912613
73,0,5,0.05389093980193138
73,0,6,0.05934658646583557
73,1,2,0.10266626626253128
73,1,3,0.08774186670780182
73,1,4,0.06724385172128677
73,1,5,0.03550475835800171
73,1,6,0.03610445186495781
73,2,2,0.18612638115882874
73,2,3,0.09142205119132996
73,2,4,0.05433914065361023
73,2,5,0.03601439669728279
73,2,6,0.025621656328439713
73,3,2,0.14912381768226624
73,3,3,0.08750265091657639
73,3,4,0.08045945316553116
73,3,5,0.0514119528234005
73,3,6,0.03673909977078438
73,4,2,0.09764496982097626
73,4,3,0.11344820261001587
73,4,4,0.06642881035804749
73,4,5,0.04402707517147064
73,4,6,0.03132210299372673
73,5,2,0.10353788733482361
73,5,3,0.08859826624393463
73,5,4,0.07911746203899384
73,5,5,0.052436742931604385
73,5,6,0.02408314310014248
73,6,2,0.14886580407619476
73,6,3,0.12074211239814758
73,6,4,0.07176630944013596
73,6,5,0.04756460338830948
73,6,6,0.03383880853652954
73,7,2,0.1191888153553009
73,7,3,0.10498391091823578
73,7,4,0.06239999458193779
73,7,5,0.0413568913936615
73,7,6,0.02942245826125145
73,8,2,0.17894335091114044
73,8,3,0.08789388090372086
73,8,4,0.05224207416176796
73,8,5,0.03462452068924904
73,8,6,0.024632858112454414
73,9,2,0.12117049098014832
73,9,3,0.09995850175619125
73,9,4,0.05646173655986786
73,9,5,0.0227628406137228
73,9,6,0.0469953678548336
73,10,2,0.17646288871765137
73,10,3,0.11293068528175354
73,10,4,0.04390966519713402
73,10,5,0.05114364251494408
73,10,6,0.03550303354859352
73,11,2,0.12596474587917328
73,11,3,0.1268848329782486
73,11,4,0.0754174068570137
73,11,5,0.04998445510864258
73,11,6,0.03556034713983536
74,0,2,0.13846814632415771
74,0,3,0.12899288535118103
74,0,4,0.08731847256422043
74,0,5,0.05579472333192825
74,0,6,0.038731735199689865
74,1,2,0.1968071460723877
74,1,3,0.14943112432956696
74,1,4,0.10336674749851227
74,1,5,0.0660492479801178
74,1,6,0.045850250869989395
74,2,2,0.15590769052505493
74,2,3,0.10615552961826324
74,2,4,0.07391586899757385
74,2,5,0.048989277333021164
74,2,6,0.03485235199332237
74,3,2,0.15269777178764343
74,3,3,0.13181279599666595
74,3,4,0.14360180497169495
74,3,5,0.09517508000135422
74,3,6,0.06771022826433182
74,4,2,0.13312296569347382
74,4,3,0.07832428067922592
74,4,4,0.057510968297719955
74,4,5,0.03497213125228882
74,4,6,0.02488016150891781
74,5,2,0.2325119823217392
74,5,3,0.1424221396446228
74,5,4,0.10439146310091019
74,5,5,0.08326582610607147
74,5,6,0.05923765152692795
74,6,2,0.18330071866512299
74,6,3,0.08847229927778244
74,6,4,0.05258587747812271
74,6,5,0.052595868706703186
74,6,6,0.053112853318452835
74,7,2,0.19681957364082336
74,7,3,0.0966743677854538
74,7,4,0.057461000978946686
74,7,5,0.03808347135782242
74,7,6,0.02709365449845791
74,8,2,0.12450013309717178
74,8,3,0.06115231290459633
74,8,4,0.036347512155771255
74,8,5,0.02409006468951702
74,8,6,0.01713835634291172
74,9,2,0.11588167399168015
74,9,3,0.11342865973711014
74,9,4,0.06345847994089127
74,9,5,0.1364482194185257
74,9,6,0.09472000598907471
74,10,2,0.24371369183063507
74,10,3,0.14241577684879303
74,10,4,0.08464862406253815
74,10,5,0.056102629750967026
74,10,6,0.04959964007139206
74,11,2,0.1812855452299118
74,11,3,0.2096468061208725
74,11,4,0.13003042340278625
74,11,5,0.08618035912513733
74,11,6,0.06131114065647125
75,0,2,0.1446446180343628
75,0,3,0.11815974861383438
75,0,4,0.07932021468877792
75,0,5,0.05633249133825302
75,0,6,0.04971221089363098
75,1,2,0.15267404913902283
75,1,3,0.07157617807388306
75,1,4,0.0697750523686409
75,1,5,0.05807843431830406
75,1,6,0.051858313381671906
75,2,2,0.14919301867485046
75,2,3,0.07328102737665176
75,2,4,0.04355654492974281
75,2,5,0.028867993503808975
75,2,6,0.02053751051425934
75,3,2,0.11592569947242737
75,3,3,0.11825567483901978
75,3,4,0.07028841972351074
75,3,5,0.04658510908484459
75,3,6,0.03314196318387985
75,4,2,0.18307049572467804
75,4,3,0.09074284881353378
75,4,4,0.0767424926161766
75,4,5,0.05086268112063408
75,4,6,0.03618514910340309
75,5,2,0.0986594706773758
75,5,3,0.11599133163690567
75,5,4,0.06489218026399612
75,5,5,0.05147906765341759
75,5,6,0.03573588281869888
75,6,2,0.1568094938993454
75,6,3,0.07451540231704712
75,6,4,0.052642032504081726
75,6,5,0.04180757328867912
75,6,6,0.029451455920934677
75,7,2,0.2175629585981369
75,7,3,0.11211524903774261
75,7,4,0.03876611962914467
75,7,5,0.04636203125119209
75,7,6,0.04254506900906563
75,8,2,0.05595557764172554
75,8,3,0.05600852146744728
75,8,4,0.043016623705625534
75,8,5,0.05260135978460312
75,8,6,0.024652432650327682
75,9,2,0.16110292077064514
75,9,3,0.07449129223823547
75,9,4,0.07655066251754761
75,9,5,0.056373290717601776
75,9,6,0.06832359731197357
75,10,2,0.15784691274166107
75,10,3,0.11938619613647461
75,10,4,0.06679145991802216
75,10,5,0.042678382247686386
75,10,6,0.029626600444316864
75,11,2,0.09433577954769135
75,11,3,0.11188492178916931
75,11,4,0.06794710457324982
75,11,5,0.06668949127197266
75,11,6,0.0449984036386013
76,0,2,0.12131655216217041
76,0,3,0.12387662380933762
76,0,4,0.12304363399744034
76,0,5,0.08154971152544022
76,0,6,0.05801676958799362
76,1,2,0.15114779770374298
76,1,3,0.07424118369817734
76,1,4,0.04296517372131348
76,1,5,0.028476053848862648
76,1,6,0.020258668810129166
76,2,2,0.13754652440547943
76,2,3,0.08513730764389038
76,2,4,0.05060363560914993
76,2,5,0.033538613468408585
76,2,6,0.023860307410359383
76,3,2,0.14138083159923553
76,3,3,0.1133727952837944
76,3,4,0.09019628912210464
76,3,5,0.05763358995318413
76,3,6,0.040008243173360825
76,4,2,0.21202154457569122
76,4,3,0.0922304093837738
76,4,4,0.08507054299116135
76,4,5,0.0543583407998085
76,4,6,0.03773462772369385
76,5,2,0.11548322439193726
76,5,3,0.101829394698143
76,5,4,0.0689341202378273
76,5,5,0.04568751901388168
76,5,6,0.04675237461924553
76,6,2,0.13811418414115906
76,6,3,0.08556219935417175
76,6,4,0.07071488350629807
76,6,5,0.04686775803565979
76,6,6,0.03334304317831993
76,7,3,0.1350000649690628
76,7,4,0.07443953305482864
76,7,5,0.08262389898300171
76,7,6,0.06260782480239868
76,8,2,0.22523462772369385
76,8,3,0.12189120054244995
76,8,4,0.06819290667772293
76,8,5,0.04357387498021126
76,8,6,0.03024822659790516
76,9,3,0.16827243566513062
76,9,4,0.0790061429142952
76,9,5,0.10862196981906891
76,9,6,0.060464393347501755
76,10,3,0.13705866038799286
76,10,4,0.0792783573269844
76,10,5,0.06943964958190918
76,10,6,0.04437052085995674
76,11,2,0.16597771644592285
76,11,3,0.09682005643844604
76,11,4,0.04271836206316948
76,11,5,0.062464214861392975
76,11,6,0.04699871316552162
77,0,2,0.11553841084241867
77,0,3,0.08132980018854141
77,0,4,0.057386480271816254
77,0,5,0.03884848207235336
77,0,6,0.030548954382538795
77,1,2,0.17734992504119873
77,1,3,0.08434192091226578
77,1,4,0.0806780681014061
77,1,5,0.056907668709754944
77,1,6,0.04433409124612808
77,2,2,0.11519110947847366
77,2,3,0.11302157491445541
77,2,4,0.0885736271739006
77,2,5,0.05870400369167328
77,2,6,0.04176368936896324
77,3,2,0.19741708040237427
77,3,3,0.14498455822467804
77,3,4,0.10202208906412125
77,3,5,0.06519001722335815
77,3,6,0.04525379464030266
77,4,2,0.10271937400102615
77,4,3,0.11448787152767181
77,4,4,0.084426648914814
77,4,5,0.054363053292036057
77,4,6,0.04584288224577904
77,5,2,0.158057302236557
77,5,3,0.11417217552661896
77,5,4,0.0733744204044342
77,5,5,0.06127002835273743
77,5,6,0.042446110397577286
77,6,2,0.11087539792060852
77,6,3,0.0747075155377388
77,6,4,0.08901361376047134
77,6,5,0.049190156161785126
77,6,6,0.06223937124013901
77,7,2,0.14908930659294128
77,7,3,0.10099869221448898
77,7,4,0.07398579269647598
77,7,5,0.07005005329847336
77,7,6,0.05074593052268028
77,8,2,0.1512439250946045
77,8,3,0.09148478507995605
77,8,4,0.05437643453478813
77,8,5,0.036039113998413086
77,8,6,0.025639234110713005
77,9,2,0.15578734874725342
77,9,3,0.08061223477125168
77,9,4,0.06723427772521973
77,9,5,0.07310539484024048
77,9,6,0.0587417297065258
77,10,2,0.10731083899736404
77,10,3,0.08671144396066666
77,10,4,0.12048807740211487
77,10,5,0.06984361261129379
77,10,6,0.045584745705127716
77,11,2,0.15636827051639557
77,11,3,0.1082381084561348
77,11,4,0.08838798850774765
77,11,5,0.07710986584424973
77,11,6,0.05485813319683075
78,0,2,0.09558788686990738
78,0,3,0.08530595153570175
78,0,4,0.05732537433505058
78,0,5,0.02966785989701748
78,0,6,0.028992092236876488
78,1,2,0.12245071679353714
78,1,3,0.06836221367120743
78,1,4,0.040087465196847916
78,1,5,0.03728117048740387
78,1,6,0.04721355438232422
78,2,2,0.19220606982707977
78,2,3,0.09262225776910782
78,2,4,0.09774774312973022
78,2,5,0.06478436291217804
78,2,6,0.04612031951546669
78,3,2,0.07179214060306549
78,3,3,0.060992319136857986
78,3,4,0.02398505061864853
78,3,5,0.06458383798599243
78,3,6,0.03618527203798294
78,4,2,0.08340387046337128
78,4,3,0.04096653684973717
78,4,4,0.024349551647901535
78,4,5,0.01613817736506462
78,4,6,0.011481151916086674
78,5,2,0.13403639197349548
78,5,3,0.10752900689840317
78,5,4,0.03700466454029083
78,5,5,0.06406917423009872
78,5,6,0.04447571188211441
78,6,2,0.1877536177635193
78,6,3,0.09913715720176697
78,6,4,0.08013773709535599
78,6,5,0.05989200621843338
78,6,6,0.04157600551843643
78,7,2,0.09785383194684982
78,7,3,0.07509686052799225
78,7,4,0.0446358248591423
78,7,5,0.06904402375221252
78,7,6,0.03898577019572258
78,8,2,0.10398176312446594
78,8,3,0.07535751163959503
78,8,4,0.04164070263504982
78,8,5,0.04554612562060356
78,8,6,0.02091842144727707
78,9,2,0.09363669902086258
78,9,3,0.053416330367326736
78,9,4,0.0317494235932827
78,9,5,0.02104259468615055
78,9,6,0.014970289543271065
78,10,2,0.09306516498327255
78,10,3,0.06068498641252518
78,10,4,0.07835066318511963
78,10,5,0.06363740563392639
78,10,6,0.03492889553308487
78,11,2,0.13767613470554352
78,11,3,0.06762413680553436
78,11,4,0.04922143742442131
78,11,5,0.022028490900993347
78,11,6,0.0626419186592102
79,0,2,0.12844929099082947
79,0,3,0.11045484989881516
79,0,4,0.08009450882673264
79,0,5,0.060837529599666595
79,0,6,0.03877280652523041
79,1,2,0.08993536233901978
79,1,3,0.12828876078128815
79,1,4,0.05209365487098694
79,1,5,0.05549884960055351
79,1,6,0.05436070263385773
79,2,2,0.12360332906246185
79,2,3,0.10180845856666565
79,2,4,0.07331948727369308
79,2,5,0.05707469582557678
79,2,6,0.04149891063570976
79,3,2,0.1398790031671524
79,3,3,0.07823964208364487
79,3,4,0.06631119549274445
79,3,5,0.045258693397045135
79,3,6,0.04616650566458702
79,4,2,0.09152859449386597
79,4,3,0.04204753786325455
79,4,4,0.02499207854270935
79,4,5,0.01656401716172695
79,4,6,0.05957792326807976
79,5,2,0.16922016441822052
79,5,3,0.09777094423770905
79,5,4,0.059227295219898224
79,5,5,0.059844423085451126
79,5,6,0.04713628068566322
79,6,2,0.22073033452033997
79,6,3,0.07702954113483429
79,6,4,0.09093958139419556
79,6,5,0.08692409098148346
79,6,6,0.060341205447912216
79,7,2,0.17128628492355347
79,7,3,0.08253031224012375
79,7,4,0.050427909940481186
79,7,5,0.06269694119691849
79,7,6,0.04844980686903
79,8,2,0.08577209711074829
79,8,3,0.08703311532735825
79,8,4,0.049450017511844635
79,8,5,0.05984031781554222
79,8,6,0.032696448266506195
79,9,2,0.16528983414173126
79,9,3,0.0862545520067215
79,9,4,0.05126770958304405
79,9,5,0.03397873416543007
79,9,6,0.0241734329611063
79,10,2,0.1585542857646942
79,10,3,0.06353071331977844
79,10,4,0.0664629116654396
79,10,5,0.06321947276592255
79,10,6,0.04241764917969704
79,11,2,0.1460523009300232
79,11,3,0.09544211626052856
79,11,4,0.06158509477972984
79,11,5,0.07006566971540451
79,11,6,0.04984669387340546
80,0,2,0.11440394818782806
80,0,3,0.06347250938415527
80,0,4,0.05170756205916405
80,0,5,0.025630321353673935
80,0,6,0.02065529115498066
80,1,2,0.126776784658432
80,1,3,0.07357454299926758
80,1,4,0.050020504742860794
80,1,5,0.06402640789747238
80,1,6,0.04944370687007904
80,2,2,0.12559936940670013
80,2,3,0.07222099602222443
80,2,4,0.07023914158344269
80,2,5,0.05438308045268059
80,2,6,0.03954131528735161
80,3,2,0.11875467747449875
80,3,3,0.08912958949804306
80,3,4,0.07881256937980652
80,3,5,0.05237274616956711
80,3,6,0.051634762436151505
80,4,2,0.13754026591777802
80,4,3,0.06957321614027023
80,4,4,0.04861629754304886
80,4,5,0.032221466302871704
80,4,6,0.03766453266143799
80,5,2,0.08599887788295746
80,5,3,0.09645237773656845
80,5,4,0.03489827737212181
80,5,5,0.06571965664625168
80,5,6,0.04001275822520256
80,6,2,0.16349895298480988
80,6,3,0.07190117239952087
80,6,4,0.04900296404957771
80,6,5,0.06349405646324158
80,6,6,0.045774973928928375
80,7,2,0.10284353792667389
80,7,3,0.06657913327217102
80,7,4,0.045220520347356796
80,7,5,0.0354042686522007
80,7,6,0.025187598541378975
80,8,2,0.04385082796216011
80,8,3,0.08535192906856537
80,8,4,0.060293879359960556
80,8,5,0.03327024728059769
80,8,6,0.06989569962024689
80,9,2,0.10257501155138016
80,9,3,0.07908302545547485
80,9,4,0.03156644105911255
80,9,5,0.04807956516742706
80,9,6,0.030168849974870682
80,10,2,0.1140456274151802
80,10,3,0.09987762570381165
80,10,4,0.07971788197755814
80,10,5,0.058394063264131546
80,10,6,0.04056568071246147
80,11,2,0.1085415929555893
80,11,3,0.0384528711438179
80,11,4,0.060097113251686096
80,11,5,0.04080897569656372
80,11,6,0.034553077071905136
81,0,2,0.1000916138291359
81,0,3,0.10491097718477249
81,0,4,0.10395419597625732
81,0,5,0.10187263786792755
81,0,6,0.07384780049324036
81,1,2,0.1177736222743988
81,1,3,0.21071769297122955
81,1,4,0.11606421321630478
81,1,5,0.09669862687587738
81,1,6,0.05522115156054497
81,2,2,0.19091801345348358
81,2,3,0.11604044586420059
81,2,4,0.07526059448719025
81,2,5,0.04988051578402519
81,2,6,0.035486407577991486
81,3,2,0.12579233944416046
81,3,3,0.1187087818980217
81,3,4,0.03985229879617691
81,3,5,0.08883514255285263
81,3,6,0.05066845938563347
81,4,2,0.11224064230918884
81,4,3,0.11488521844148636
81,4,4,0.09655417501926422
81,4,5,0.0434240885078907
81,4,6,0.030893122777342796
81,5,2,0.06837327778339386
81,5,3,0.1498093605041504
81,5,4,0.08176357299089432
81,5,5,0.07485838234424591
81,5,6,0.05196540057659149
81,6,2,0.19258950650691986
81,6,3,0.09904413670301437
81,6,4,0.13861311972141266
81,6,5,0.08134837448596954
81,6,6,0.06534573435783386
81,7,2,0.16115160286426544
81,7,3,0.11918023228645325
81,7,4,0.08368890732526779
81,7,5,0.08754044771194458
81,7,6,0.05517271161079407
81,8,2,0.07062516361474991
81,8,3,0.03468985855579376
81,8,4,0.020618844777345657
81,8,5,0.01366556715220213
81,8,6,0.009722070768475533
81,9,2,0.08241573721170425
81,9,3,0.04048118367791176
81,9,4,0.06852871179580688
81,9,5,0.024110527709126472
81,9,6,0.06288253515958786
81,10,2,0.26026371121406555
81,10,3,0.09716476500034332
81,10,4,0.1120464876294136
81,10,5,0.08915960043668747
81,10,6,0.063664011657238
81,11,2,0.11411783844232559
81,11,3,0.1240721344947815
81,11,4,0.08926422148942947
81,11,5,0.043738238513469696
81,11,6,0.05301010608673096
82,0,2,0.1344374567270279
82,0,3,0.10584990680217743
82,0,4,0.06291472166776657
82,0,5,0.041698046028614044
82,0,6,0.029665157198905945
82,1,2,0.15566807985305786
82,1,3,0.08097964525222778
82,1,4,0.0653144046664238
82,1,5,0.07866464555263519
82,1,6,0.06276252865791321
82,2,2,0.14585380256175995
82,2,3,0.07791556417942047
82,2,4,0.057798273861408234
82,2,5,0.03770018741488457
82,2,6,0.033042214810848236
82,3,2,0.19120603799819946
82,3,3,0.21693581342697144
82,3,4,0.12136627733707428
82,3,5,0.07755059003829956
82,3,6,0.053834281861782074
82,4,2,0.17563512921333313
82,4,3,0.10657820105552673
82,4,4,0.10178189724683762
82,4,5,0.06745807081460953
82,4,6,0.047991566359996796
82,5,2,0.18911334872245789
82,5,3,0.0909702330827713
82,5,4,0.07336556166410446
82,5,5,0.07457936555147171
82,5,6,0.07647217810153961
82,6,2,0.11266526579856873
82,6,3,0.10555272549390793
82,6,4,0.0736989825963974
82,6,5,0.06931950896978378
82,6,6,0.04524268954992294
82,7,2,0.147762268781662
82,7,3,0.09989284723997116
82,7,4,0.06824105978012085
82,7,5,0.045228179544210434
82,7,6,0.03217659518122673
82,8,2,0.12231916189193726
82,8,3,0.11669693142175674
82,8,4,0.06487516313791275
82,8,5,0.06041915714740753
82,8,6,0.04048651456832886
82,9,2,0.07950367033481598
82,9,3,0.14115077257156372
82,9,4,0.07574695348739624
82,9,5,0.06846937537193298
82,9,6,0.04753025621175766
82,10,2,0.11261186748743057
82,10,3,0.27380940318107605
82,10,4,0.10247239470481873
82,10,5,0.06791570782661438
82,10,6,0.12463358044624329
82,11,2,0.1553112268447876
82,11,3,0.1094055101275444
82,11,4,0.08993730694055557
82,11,5,0.05960782244801521
82,11,6,0.042406678199768066
