game_id,image_id,rep_num,step_size
0,0,2,0.17986509203910828
0,0,3,0.1108103021979332
0,0,4,0.0641387552022934
0,0,5,0.041823867708444595
0,0,6,0.029428880661725998
0,1,2,0.2037075161933899
0,1,3,0.11543061584234238
0,1,4,0.07693229615688324
0,1,5,0.07846350222826004
0,1,6,0.05655078962445259
0,2,2,0.1657232642173767
0,2,3,0.07730253785848618
0,2,4,0.06954141706228256
0,2,5,0.03422507271170616
0,2,6,0.024082081392407417
0,3,2,0.17801158130168915
0,3,3,0.08303448557853699
0,3,4,0.04806167259812355
0,3,5,0.031340256333351135
0,3,6,0.022052209824323654
0,4,2,0.11452896147966385
0,4,3,0.05342266708612442
0,4,4,0.030921882018446922
0,4,5,0.020163672044873238
0,4,6,0.014187940396368504
0,5,2,0.18508367240428925
0,5,3,0.13843192160129547
0,5,4,0.0877651795744896
0,5,5,0.057230282574892044
0,5,6,0.040269430726766586
0,6,2,0.18604236841201782
0,6,3,0.09380611032247543
0,6,4,0.10224728286266327
0,6,5,0.06667383760213852
0,6,6,0.044636063277721405
0,7,2,0.11126407980918884
0,7,3,0.0852024033665657
0,7,4,0.06609342992305756
0,7,5,0.07502401620149612
0,7,6,0.055694129317998886
0,8,2,0.14964033663272858
0,8,3,0.11320330947637558
0,8,4,0.06552386283874512
0,8,5,0.04272707179188728
0,8,6,0.03006441332399845
0,9,2,0.1742560714483261
0,9,3,0.12380713224411011
0,9,4,0.06842795759439468
0,9,5,0.04462078586220741
0,9,6,0.058016423135995865
0,10,2,0.18572211265563965
0,10,3,0.08663111180067062
0,10,4,0.06129365786910057
0,10,5,0.039696644991636276
0,10,6,0.02793208695948124
0,11,2,0.17965292930603027
0,11,3,0.09495072811841965
0,11,4,0.05739162862300873
0,11,5,0.03742416948080063
0,11,6,0.026333089917898178
1,0,2,0.1587207019329071
1,0,3,0.07403615117073059
1,0,4,0.04285329207777977
1,0,5,0.02794395200908184
1,0,6,0.05348126217722893
1,1,2,0.23971974849700928
1,1,3,0.04791950434446335
1,1,4,0.09406217932701111
1,1,5,0.08311231434345245
1,1,6,0.06613503396511078
1,2,2,0.22609394788742065
1,2,3,0.15040971338748932
1,2,4,0.08705950528383255
1,2,5,0.05677013844251633
1,2,6,0.05525533854961395
1,3,2,0.11953902244567871
1,3,3,0.1094115599989891
1,3,4,0.07716496288776398
1,3,5,0.07956040650606155
1,3,6,0.018624959513545036
1,4,2,0.15869079530239105
1,4,3,0.08138998597860336
1,4,4,0.09665563702583313
1,4,5,0.06854631006717682
1,4,6,0.0482318252325058
1,5,2,0.10367907583713531
1,5,3,0.09434224665164948
1,5,4,0.05460678040981293
1,5,5,0.035608213394880295
1,5,6,0.02505531534552574
1,6,2,0.29021045565605164
1,6,3,0.044605839997529984
1,6,4,0.043615516275167465
1,6,5,0.16612839698791504
1,6,6,0.11872930079698563
1,7,2,0.3165284991264343
1,7,3,0.24015392363071442
1,7,4,0.11995852738618851
1,7,5,0.08280667662620544
1,7,6,0.056632645428180695
1,8,2,0.23491217195987701
1,8,3,0.1419348120689392
1,8,4,0.08262130618095398
1,8,5,0.06281744688749313
1,8,6,0.055674728006124496
1,9,2,0.14320848882198334
1,9,3,0.10202296078205109
1,9,4,0.07415863871574402
1,9,5,0.04835767671465874
1,9,6,0.04665170609951019
1,10,2,0.16189126670360565
1,10,3,0.2157507836818695
1,10,4,0.14341571927070618
1,10,5,0.11051338165998459
1,10,6,0.07944151014089584
1,11,2,0.129135861992836
1,11,3,0.2575138807296753
1,11,4,0.056918587535619736
1,11,5,0.05764824524521828
1,11,6,0.15810826420783997
2,0,2,0.12399982661008835
2,0,3,0.1128196194767952
2,0,4,0.04787905141711235
2,0,5,0.031221166253089905
2,0,6,0.0219684187322855
2,1,2,0.07894514501094818
2,1,3,0.1256236433982849
2,1,4,0.020011410117149353
2,1,5,0.09131912142038345
2,1,6,0.01843978650867939
2,2,2,0.08608610183000565
2,2,3,0.04198271781206131
2,2,4,0.031020795926451683
2,2,5,0.06870119273662567
2,2,6,0.07318692654371262
2,3,2,0.05500710755586624
2,3,3,0.05527839809656143
2,3,4,0.04571392014622688
2,3,5,0.11806119978427887
2,3,6,0.06548608094453812
2,4,2,0.1231614276766777
2,4,3,0.07069065421819687
2,4,4,0.03811493515968323
2,4,5,0.041630819439888
2,4,6,0.01180300023406744
2,5,2,0.06112460792064667
2,5,3,0.13679032027721405
2,5,4,0.05975979194045067
2,5,5,0.07077713310718536
2,5,6,0.06072130426764488
2,6,2,0.09812900424003601
2,6,3,0.07431051880121231
2,6,4,0.1370011270046234
2,6,5,0.02327815070748329
2,6,6,0.08506817370653152
2,7,2,0.14399448037147522
2,7,3,0.10912369191646576
2,7,4,0.1363544464111328
2,7,5,0.08002907782793045
2,7,6,0.06216675788164139
2,8,2,0.1067696139216423
2,8,3,0.06066090241074562
2,8,4,0.029250241816043854
2,8,5,0.02583772875368595
2,8,6,0.03738878294825554
2,9,2,0.23235420882701874
2,9,3,0.036981161683797836
2,9,4,0.12146304547786713
2,9,5,0.08362913876771927
2,9,6,0.06921762973070145
2,10,2,0.17669546604156494
2,10,3,0.03718425706028938
2,10,4,0.04493493586778641
2,10,5,0.10412905365228653
2,10,6,0.10415031015872955
2,11,2,0.04424319416284561
2,11,3,0.06329848617315292
2,11,4,0.033337198197841644
2,11,5,0.12959809601306915
2,11,6,0.08458500355482101
3,0,2,0.16178828477859497
3,0,3,0.0970391258597374
3,0,4,0.06548015773296356
3,0,5,0.04464710131287575
3,0,6,0.059302132576704025
3,1,2,0.20018179714679718
3,1,3,0.15096986293792725
3,1,4,0.0861155092716217
3,1,5,0.0746695026755333
3,1,6,0.04976330325007439
3,2,2,0.18901489675045013
3,2,3,0.08816704154014587
3,2,4,0.051032476127147675
3,2,5,0.033277466893196106
3,2,6,0.023415308445692062
3,3,2,0.1389380246400833
3,3,3,0.12841705977916718
3,3,4,0.07432982325553894
3,3,5,0.04846929386258125
3,3,6,0.03410486504435539
3,4,2,0.13617375493049622
3,4,3,0.11863620579242706
3,4,4,0.07181379944086075
3,4,5,0.04682863876223564
3,4,6,0.03295043855905533
3,5,2,0.04428568482398987
3,5,3,0.053591564297676086
3,5,4,0.11771500110626221
3,5,5,0.07814053446054459
3,5,6,0.06411650776863098
3,6,2,0.18468184769153595
3,6,3,0.16452011466026306
3,6,4,0.09657201915979385
3,6,5,0.057912733405828476
3,6,6,0.03859580308198929
3,7,2,0.15216967463493347
3,7,3,0.12972988188266754
3,7,4,0.0750897005200386
3,7,5,0.04896479845046997
3,7,6,0.03445352241396904
3,8,2,0.06020714342594147
3,8,3,0.15802162885665894
3,8,4,0.1289561539888382
3,8,5,0.0773329958319664
3,8,6,0.051538385450839996
3,9,2,0.1995447725057602
3,9,3,0.12926267087459564
3,9,4,0.07481927424669266
3,9,5,0.048788465559482574
3,9,6,0.034329451620578766
3,10,2,0.10108368843793869
3,10,3,0.06633742153644562
3,10,4,0.053332533687353134
3,10,5,0.03477730229496956
3,10,6,0.024470651522278786
3,11,2,0.17191343009471893
3,11,3,0.13186857104301453
3,11,4,0.06586924940347672
3,11,5,0.03950076922774315
3,11,6,0.026325184851884842
4,0,2,0.16314205527305603
4,0,3,0.09013889729976654
4,0,4,0.07529938220977783
4,0,5,0.051079895347356796
4,0,6,0.03991049528121948
4,1,2,0.22236837446689606
4,1,3,0.12765859067440033
4,1,4,0.08832959830760956
4,1,5,0.07407333701848984
4,1,6,0.06532864272594452
4,2,2,0.17382419109344482
4,2,3,0.13518333435058594
4,2,4,0.07824624329805374
4,2,5,0.051023148000240326
4,2,6,0.06596944481134415
4,3,2,0.0951569601893425
4,3,3,0.14320716261863708
4,3,4,0.11348855495452881
4,3,5,0.10326727479696274
4,3,6,0.05889813229441643
4,4,2,0.16115398705005646
4,4,3,0.16245536506175995
4,4,4,0.10068413615226746
4,4,5,0.05720801651477814
4,4,6,0.04240676388144493
4,5,2,0.23187962174415588
4,5,3,0.17585279047489166
4,5,4,0.09055820852518082
4,5,5,0.06368719041347504
4,5,6,0.061237357556819916
4,6,2,0.08863628655672073
4,6,3,0.21290349960327148
4,6,4,0.11711549013853073
4,6,5,0.07185472548007965
4,6,6,0.04797857254743576
4,7,2,0.09852480888366699
4,7,3,0.2084096223115921
4,7,4,0.14490316808223724
4,7,5,0.10366246104240417
4,7,6,0.06031624600291252
4,8,2,0.11654122173786163
4,8,3,0.1109614297747612
4,8,4,0.07396530359983444
4,8,5,0.06402404606342316
4,8,6,0.04504978656768799
4,9,2,0.15565036237239838
4,9,3,0.133400559425354
4,9,4,0.07067088037729263
4,9,5,0.04608335718512535
4,9,6,0.032426025718450546
4,10,2,0.2745782136917114
4,10,3,0.15872709453105927
4,10,4,0.08315274119377136
4,10,5,0.04986540228128433
4,10,6,0.06025760620832443
4,11,2,0.1895943433046341
4,11,3,0.13248060643672943
4,11,4,0.07781200110912323
4,11,5,0.05061560124158859
4,11,6,0.052235182374715805
5,0,2,0.1559833288192749
5,0,3,0.08268386870622635
5,0,4,0.08337576687335968
5,0,5,0.059317175298929214
5,0,6,0.04173785448074341
5,1,2,0.2642798125743866
5,1,3,0.059302013367414474
5,1,4,0.04008428379893303
5,1,5,0.03974125534296036
5,1,6,0.028120195493102074
5,2,2,0.11906994879245758
5,2,3,0.11054589599370956
5,2,4,0.06398571282625198
5,2,5,0.06363119184970856
5,2,6,0.03188605606555939
5,3,2,0.1522226631641388
5,3,3,0.16993924975395203
5,3,4,0.11399982869625092
5,3,5,0.07610616087913513
5,3,6,0.06366764008998871
5,4,2,0.14303261041641235
5,4,3,0.10705719888210297
5,4,4,0.07013411074876785
5,4,5,0.04573334380984306
5,4,6,0.03217974305152893
5,5,2,0.2799696922302246
5,5,3,0.17374974489212036
5,5,4,0.024407783523201942
5,5,5,0.08578154444694519
5,5,6,0.05856262892484665
5,6,2,0.09137824177742004
5,6,3,0.06399033218622208
5,6,4,0.1383904367685318
5,6,5,0.08441060781478882
5,6,6,0.08870743960142136
5,7,2,0.1133778914809227
5,7,3,0.23179011046886444
5,7,4,0.13871237635612488
5,7,5,0.0904521495103836
5,7,6,0.09105632454156876
5,8,2,0.25597330927848816
5,8,3,0.22437332570552826
5,8,4,0.10620612651109695
5,8,5,0.06805883347988129
5,8,6,0.02168377861380577
5,9,2,0.10065055638551712
5,9,3,0.15594908595085144
5,9,4,0.09414618462324142
5,9,5,0.078140027821064
5,9,6,0.05498233065009117
5,10,2,0.1596856564283371
5,10,3,0.18155638873577118
5,10,4,0.09530682861804962
5,10,5,0.0762924998998642
5,10,6,0.015193097293376923
5,11,2,0.1248055249452591
5,11,3,0.03828221559524536
5,11,4,0.09595729410648346
5,11,5,0.024612123146653175
5,11,6,0.08602346479892731
6,0,2,0.20348043739795685
6,0,3,0.08524700999259949
6,0,4,0.09072598069906235
6,0,5,0.056964725255966187
6,0,6,0.0721045583486557
6,1,2,0.19129237532615662
6,1,3,0.0749199166893959
6,1,4,0.08487293124198914
6,1,5,0.05089697614312172
6,1,6,0.009601600468158722
6,2,2,0.11854656040668488
6,2,3,0.068174809217453
6,2,4,0.0478924922645092
6,2,5,0.031229929998517036
6,2,6,0.021974584087729454
6,3,2,0.14378172159194946
6,3,3,0.04780113324522972
6,3,4,0.04293270781636238
6,3,5,0.06858230382204056
6,3,6,0.0691729262471199
6,4,2,0.1347300410270691
6,4,3,0.08462310582399368
6,4,4,0.06915003061294556
6,4,5,0.04509163647890091
6,4,6,0.03172821179032326
6,5,2,0.21880361437797546
6,5,3,0.11725118011236191
6,5,4,0.0767272412776947
6,5,5,0.07777845859527588
6,5,6,0.02334909699857235
6,6,2,0.18566066026687622
6,6,3,0.08660244941711426
6,6,4,0.09229033440351486
6,6,5,0.06018105894327164
6,6,6,0.04234571382403374
6,7,2,0.09241799265146255
6,7,3,0.04692033305764198
6,7,4,0.027158232405781746
6,7,5,0.023739781230688095
6,7,6,0.016704218462109566
6,8,2,0.05637672543525696
6,8,3,0.02629723772406578
6,8,4,0.07402855157852173
6,8,5,0.04393559321761131
6,8,6,0.036028407514095306
6,9,2,0.15182676911354065
6,9,3,0.07082044333219528
6,9,4,0.05621451139450073
6,9,5,0.03665658086538315
6,9,6,0.06653964519500732
6,10,2,0.05372941121459007
6,10,3,0.025062376633286476
6,10,4,0.014506499283015728
6,10,5,0.009459464810788631
6,10,6,0.04007769748568535
6,11,2,0.14114154875278473
6,11,3,0.06859622150659561
6,11,4,0.03819255158305168
6,11,5,0.024904755875468254
6,11,6,0.02109750732779503
7,0,2,0.18032236397266388
7,0,3,0.09682705998420715
7,0,4,0.09284448623657227
7,0,5,0.06054241210222244
7,0,6,0.04259997606277466
7,1,2,0.09923629462718964
7,1,3,0.1981290727853775
7,1,4,0.12905065715312958
7,1,5,0.07714218646287918
7,1,6,0.07751768827438354
7,2,2,0.147624209523201
7,2,3,0.10779859125614166
7,2,4,0.08566932380199432
7,2,5,0.05586360767483711
7,2,6,0.039307788014411926
7,3,2,0.13464859127998352
7,3,3,0.05576740950345993
7,3,4,0.07762767374515533
7,3,5,0.046939097344875336
7,3,6,0.04495210573077202
7,4,2,0.18173402547836304
7,4,3,0.11090872436761856
7,4,4,0.06419571489095688
7,4,5,0.06869015842676163
7,4,6,0.05897757411003113
7,5,2,0.1564100831747055
7,5,3,0.07295835763216019
7,5,4,0.062252167612314224
7,5,5,0.0363374799489975
7,5,6,0.06140997260808945
7,6,2,0.23765990138053894
7,6,3,0.05094271898269653
7,6,4,0.06277895718812943
7,6,5,0.128449484705925
7,6,6,0.023997658863663673
7,7,2,0.15259021520614624
7,7,3,0.11023717373609543
7,7,4,0.06380701810121536
7,7,5,0.04160754382610321
7,7,6,0.02927667833864689
7,8,2,0.17373956739902496
7,8,3,0.08104179054498672
7,8,4,0.046908266842365265
7,8,5,0.030588138848543167
7,8,6,0.021522991359233856
7,9,2,0.18922054767608643
7,9,3,0.11405818909406662
7,9,4,0.0827101618051529
7,9,5,0.05393398553133011
7,9,6,0.04626486822962761
7,10,2,0.24171622097492218
7,10,3,0.13524816930294037
7,10,4,0.020602816715836525
7,10,5,0.0640195831656456
7,10,6,0.0470508448779583
7,11,2,0.19918937981128693
7,11,3,0.10401681065559387
7,11,4,0.07518019527196884
7,11,5,0.01819445565342903
7,11,6,0.03958648815751076
8,0,2,0.11492062360048294
8,0,3,0.0872354805469513
8,0,4,0.0504932776093483
8,0,5,0.032925862818956375
8,0,6,0.06177093833684921
8,1,2,0.21180500090122223
8,1,3,0.10609805583953857
8,1,4,0.06141122803092003
8,1,5,0.08192626386880875
8,1,6,0.05764647573232651
8,2,2,0.05701800808310509
8,2,3,0.026596369221806526
8,2,4,0.015394399873912334
8,2,5,0.01003844104707241
8,2,6,0.06197388097643852
8,3,2,0.2428879290819168
8,3,3,0.13052932918071747
8,3,4,0.0865040197968483
8,3,5,0.05195685103535652
8,3,6,0.06044872850179672
8,4,2,0.05445992201566696
8,4,3,0.025403134524822235
8,4,4,0.014703736640512943
8,4,5,0.009588071145117283
8,4,6,0.06161273643374443
8,5,2,0.12829150259494781
8,5,3,0.09076898545026779
8,5,4,0.05212739482522011
8,5,5,0.03399144858121872
8,5,6,0.05264599248766899
8,6,2,0.17582453787326813
8,6,3,0.08201432973146439
8,6,4,0.04747118800878525
8,6,5,0.03095521405339241
8,6,6,0.04333288595080376
8,7,2,0.22384461760520935
8,7,3,0.10441356152296066
8,7,4,0.06043621897697449
8,7,5,0.03940949589014053
8,7,6,0.057555004954338074
8,8,2,0.062123749405145645
8,8,3,0.028977971524000168
8,8,4,0.016772903501987457
8,8,5,0.05341409519314766
8,8,6,0.03758421912789345
8,9,2,0.2581315338611603
8,9,3,0.14194847643375397
8,9,4,0.07997104525566101
8,9,5,0.08045373111963272
8,9,6,0.05361820012331009
8,10,2,0.3653746247291565
8,10,3,0.21994321048259735
8,10,4,0.11765511333942413
8,10,5,0.08418697863817215
8,10,6,0.05610619857907295
8,11,2,0.22840841114521027
8,11,3,0.15019820630550385
8,11,4,0.08693709224462509
8,11,5,0.05669029802083969
8,11,6,0.05785693600773811
9,0,2,0.0676545724272728
9,0,3,0.09230116009712219
9,0,4,0.03525090217590332
9,0,5,0.022986557334661484
9,0,6,0.016174225136637688
9,1,2,0.31223300099372864
9,1,3,0.10380382835865021
9,1,4,0.05185071751475334
9,1,5,0.031094064936041832
9,1,6,0.020722564309835434
9,2,2,0.1898583322763443
9,2,3,0.08856046944856644
9,2,4,0.05126020684838295
9,2,5,0.0334259569644928
9,2,6,0.02351979911327362
9,3,2,0.08862490952014923
9,3,3,0.05732552334666252
9,3,4,0.03318091854453087
9,3,5,0.02163674682378769
9,3,6,0.015224453061819077
9,4,2,0.11730130761861801
9,4,3,0.0547158420085907
9,4,4,0.03167039528489113
9,4,5,0.020651763305068016
9,4,6,0.014531375840306282
9,5,2,0.09737419337034225
9,5,3,0.047040898352861404
9,5,4,0.027228016406297684
9,5,5,0.01775495894253254
9,5,6,0.01249307207763195
9,6,2,0.22853538393974304
9,6,3,0.211476668715477
9,6,4,0.10563404113054276
9,6,5,0.06334708631038666
9,6,6,0.04221751168370247
9,7,2,0.19659191370010376
9,7,3,0.06535820662975311
9,7,4,0.03264688327908516
9,7,5,0.019577819854021072
9,7,6,0.01304758619517088
9,8,2,0.08464296907186508
9,8,3,0.054305773228406906
9,8,4,0.031433042138814926
9,8,5,0.02049698494374752
9,8,6,0.03624723106622696
9,9,2,0.11991546303033829
9,9,3,0.11780589073896408
9,9,4,0.0681879073381424
9,9,5,0.04446425288915634
9,9,6,0.03128676488995552
9,10,2,0.19276867806911469
9,10,3,0.08991802483797073
9,10,4,0.05204597860574722
9,10,5,0.03393835201859474
9,10,6,0.033804383128881454
9,11,2,0.20396023988723755
9,11,3,0.09513838589191437
9,11,4,0.055067602545022964
9,11,5,0.03590871021151543
9,11,6,0.025266753509640694
10,0,2,0.1573406159877777
10,0,3,0.17043918371200562
10,0,4,0.08586721867322922
10,0,5,0.055992648005485535
10,0,6,0.07053568959236145
10,1,2,0.1632126122713089
10,1,3,0.10082311183214188
10,1,4,0.09712471067905426
10,1,5,0.06333347409963608
10,1,6,0.04456388205289841
10,2,2,0.21117444336414337
10,2,3,0.12931430339813232
10,2,4,0.09579065442085266
10,2,5,0.06246356666088104
10,2,6,0.04395177215337753
10,3,2,0.26356711983680725
10,3,3,0.18065880239009857
10,3,4,0.10703317075967789
10,3,5,0.07314585894346237
10,3,6,0.05146825686097145
10,4,2,0.16665957868099213
10,4,3,0.1083158627152443
10,4,4,0.08882325887680054
10,4,5,0.07959689199924469
10,4,6,0.07094326615333557
10,5,2,0.20111902058124542
10,5,3,0.11292678862810135
10,5,4,0.09434938430786133
10,5,5,0.06231750547885895
10,5,6,0.056237053126096725
10,6,2,0.17104175686836243
10,6,3,0.09103917330503464
10,6,4,0.07100600004196167
10,6,5,0.09059560298919678
10,6,6,0.06963344663381577
10,7,2,0.23662486672401428
10,7,3,0.19919845461845398
10,7,4,0.12393298745155334
10,7,5,0.08081472665071487
10,7,6,0.05686436593532562
10,8,2,0.22809334099292755
10,8,3,0.1063954085111618
10,8,4,0.05988108739256859
10,8,5,0.04335401952266693
10,8,6,0.030505558475852013
10,9,2,0.25471919775009155
10,9,3,0.2104855626821518
10,9,4,0.1292227804660797
10,9,5,0.09028825908899307
10,9,6,0.06353030353784561
10,10,2,0.19600322842597961
10,10,3,0.198004350066185
10,10,4,0.11149024963378906
10,10,5,0.07270102202892303
10,10,6,0.05115523934364319
10,11,2,0.24046048521995544
10,11,3,0.15042558312416077
10,11,4,0.1072251945734024
10,11,5,0.09782841056585312
10,11,6,0.08142515271902084
11,0,2,0.1701451689004898
11,0,3,0.11167516559362411
11,0,4,0.0557825081050396
11,0,5,0.03345189988613129
11,0,6,0.0222939383238554
11,1,2,0.0974368005990982
11,1,3,0.04544993117451668
11,1,4,0.03705418109893799
11,1,5,0.024447456002235413
11,1,6,0.015235218219459057
11,2,2,0.055372174829244614
11,2,3,0.06685395538806915
11,2,4,0.021075721830129623
11,2,5,0.05675589293241501
11,2,6,0.03254934400320053
11,3,2,0.10231529176235199
11,3,3,0.05319784954190254
11,3,4,0.10248524695634842
11,3,5,0.06682899594306946
11,3,6,0.0470234639942646
11,4,2,0.1656382977962494
11,4,3,0.09361628443002701
11,4,4,0.06040121614933014
11,4,5,0.039386678487062454
11,4,6,0.02771398238837719
11,5,2,0.12720446288585663
11,5,3,0.051463231444358826
11,5,4,0.08057066053152084
11,5,5,0.05253884941339493
11,5,6,0.03696835786104202
11,6,2,0.03561687469482422
11,6,3,0.1281256377696991
11,6,4,0.0945519357919693
11,6,5,0.03879062458872795
11,6,6,0.031183017417788506
11,7,2,0.141020730137825
11,7,3,0.08809738606214523
11,7,4,0.05099216848611832
11,7,5,0.03325117751955986
11,7,6,0.023396814242005348
11,8,2,0.12283764779567719
11,8,3,0.10272105783224106
11,8,4,0.0762266144156456
11,8,5,0.049706168472766876
11,8,6,0.03497517481446266
11,9,2,0.08625281602144241
11,9,3,0.15961168706417084
11,9,4,0.03571923077106476
11,9,5,0.10731413960456848
11,9,6,0.05952490493655205
11,10,2,0.08106498420238495
11,10,3,0.028721962124109268
11,10,4,0.023955373093485832
11,10,5,0.07569988816976547
11,10,6,0.027427498251199722
11,11,2,0.3135142922401428
11,11,3,0.11936306953430176
11,11,4,0.09481237083673477
11,11,5,0.06779097020626068
11,11,6,0.043688904494047165
12,0,2,0.14619798958301544
12,0,3,0.0956699475646019
12,0,4,0.10086797177791595
12,0,5,0.06577440351247787
12,0,6,0.06518735736608505
12,1,2,0.1174180805683136
12,1,3,0.12150966376066208
12,1,4,0.09269250184297562
12,1,5,0.06044331565499306
12,1,6,0.04253024607896805
12,2,2,0.1325596123933792
12,2,3,0.07198455184698105
12,2,4,0.06058134883642197
12,2,5,0.03950413689017296
12,2,6,0.027796633541584015
12,3,2,0.132965549826622
12,3,3,0.15511338412761688
12,3,4,0.11743836104869843
12,3,5,0.0795683041214943
12,3,6,0.05598733201622963
12,4,2,0.13696467876434326
12,4,3,0.09379909187555313
12,4,4,0.05429239571094513
12,4,5,0.04186868667602539
12,4,6,0.029460418969392776
12,5,2,0.13529744744300842
12,5,3,0.09292662888765335
12,5,4,0.0701708197593689
12,5,5,0.06616462022066116
12,5,6,0.04655596986413002
12,6,2,0.18103085458278656
12,6,3,0.13296309113502502
12,6,4,0.07910632342100143
12,6,5,0.05158397555351257
12,6,6,0.03629647567868233
12,7,2,0.1058146059513092
12,7,3,0.18643179535865784
12,7,4,0.07147818803787231
12,7,5,0.03779067099094391
12,7,6,0.02337665669620037
12,8,2,0.15190979838371277
12,8,3,0.0904015526175499
12,8,4,0.06631450355052948
12,8,5,0.04681932181119919
12,8,6,0.027610596269369125
12,9,2,0.04046515002846718
12,9,3,0.1300225853919983
12,9,4,0.09003673493862152
12,9,5,0.05399361625313759
12,9,6,0.035983920097351074
12,10,2,0.1437579095363617
12,10,3,0.1569700390100479
12,10,4,0.09352459013462067
12,10,5,0.08595650643110275
12,10,6,0.06048230081796646
12,11,2,0.24087437987327576
12,11,3,0.06357534229755402
12,11,4,0.15500794351100922
12,11,5,0.09640540182590485
12,11,6,0.05963470786809921
13,0,2,0.18066103756427765
13,0,3,0.1707288920879364
13,0,4,0.11077556014060974
13,0,5,0.0768638476729393
13,0,6,0.05408436805009842
13,1,2,0.2390526533126831
13,1,3,0.16298650205135345
13,1,4,0.08487682789564133
13,1,5,0.06708287447690964
13,1,6,0.04720209538936615
13,2,2,0.1387726366519928
13,2,3,0.1552513837814331
13,2,4,0.09462325274944305
13,2,5,0.06170232966542244
13,2,6,0.043416135013103485
13,3,2,0.22815868258476257
13,3,3,0.1543329954147339
13,3,4,0.08933036774396896
13,3,5,0.05825091898441315
13,3,6,0.04098759964108467
13,4,2,0.051464878022670746
13,4,3,0.04762587696313858
13,4,4,0.17665372788906097
13,4,5,0.11860615760087967
13,4,6,0.07336771488189697
13,5,2,0.20847326517105103
13,5,3,0.11545782536268234
13,5,4,0.1143125519156456
13,5,5,0.07454139739274979
13,5,6,0.05245020240545273
13,6,2,0.21984407305717468
13,6,3,0.15505729615688324
13,6,4,0.09746834635734558
13,6,5,0.06355755776166916
13,6,6,0.04472155123949051
13,7,2,0.17689359188079834
13,7,3,0.15036462247371674
13,7,4,0.08567576110363007
13,7,5,0.05586780607700348
13,7,6,0.03931074216961861
13,8,2,0.181683748960495
13,8,3,0.10054601728916168
13,8,4,0.04750940948724747
13,8,5,0.04446621611714363
13,8,6,0.03128814324736595
13,9,2,0.19672870635986328
13,9,3,0.10246913135051727
13,9,4,0.11406658589839935
13,9,5,0.08484844118356705
13,9,6,0.07520227879285812
13,10,2,0.16201411187648773
13,10,3,0.1451178640127182
13,10,4,0.08288971334695816
13,10,5,0.05405106022953987
13,10,6,0.038032423704862595
13,11,2,0.19854512810707092
13,11,3,0.1269577443599701
13,11,4,0.08627326041460037
13,11,5,0.056257426738739014
13,11,6,0.03958489000797272
14,0,2,0.11800900101661682
14,0,3,0.0635266974568367
14,0,4,0.051494549959897995
14,0,5,0.03386026993393898
14,0,6,0.025157339870929718
14,1,2,0.12279190868139267
14,1,3,0.05727697163820267
14,1,4,0.03315281495451927
14,1,5,0.021618425846099854
14,1,6,0.015211556106805801
14,2,2,0.06603965163230896
14,2,3,0.06958483159542084
14,2,4,0.04027680680155754
14,2,5,0.02626386284828186
14,2,6,0.018480269238352776
14,3,2,0.14336948096752167
14,3,3,0.06540767848491669
14,3,4,0.059896115213632584
14,3,5,0.039057306945323944
14,3,6,0.027482226490974426
14,4,2,0.14696647226810455
14,4,3,0.04885992780327797
14,4,4,0.024405866861343384
14,4,5,0.014635816216468811
14,4,6,0.009754006750881672
14,5,2,0.1153561994433403
14,5,3,0.10343321412801743
14,5,4,0.05986878275871277
14,5,5,0.03672114014625549
14,5,6,0.025838403031229973
14,6,2,0.22909124195575714
14,6,3,0.12207567691802979
14,6,4,0.08810283988714218
14,6,5,0.05283389985561371
14,6,6,0.035211022943258286
14,7,2,0.08317917585372925
14,7,3,0.2064369171857834
14,7,4,0.10025438666343689
14,7,5,0.06368041038513184
14,7,6,0.04034770652651787
14,8,2,0.11471597105264664
14,8,3,0.06944449990987778
14,8,4,0.0893070176243782
14,8,5,0.039196863770484924
14,8,6,0.032048746943473816
14,9,2,0.12565548717975616
14,9,3,0.05861269310116768
14,9,4,0.03392595425248146
14,9,5,0.03143613412976265
14,9,6,0.01730402745306492
14,10,2,0.17156437039375305
14,10,3,0.0899902805685997
14,10,4,0.06708595156669617
14,10,5,0.06345774978399277
14,10,6,0.04465131461620331
14,11,2,0.1277516633272171
14,11,3,0.0896977111697197
14,11,4,0.051918454468250275
14,11,5,0.03385519981384277
14,11,6,0.023821821436285973
15,0,2,0.16105149686336517
15,0,3,0.1061595231294632
15,0,4,0.07425272464752197
15,0,5,0.03345514461398125
15,0,6,0.047478433698415756
15,1,2,0.08782302588224411
15,1,3,0.13621635735034943
15,1,4,0.028222857043147087
15,1,5,0.03443850576877594
15,1,6,0.07754387706518173
15,2,2,0.16018547117710114
15,2,3,0.08333851397037506
15,2,4,0.06881265342235565
15,2,5,0.03732107952237129
15,2,6,0.059511519968509674
15,3,2,0.17970047891139984
15,3,3,0.08382228016853333
15,3,4,0.056540507823228836
15,3,5,0.03686916455626488
15,3,6,0.025942569598555565
15,4,2,0.2734890878200531
15,4,3,0.148333340883255
15,4,4,0.09003476798534393
15,4,5,0.0601518489420414
15,4,6,0.040088050067424774
15,5,2,0.21320009231567383
15,5,3,0.1209879219532013
15,5,4,0.0698959082365036
15,5,5,0.04191548377275467
15,5,6,0.07101430743932724
15,6,2,0.1787654012441635
15,6,3,0.10842081159353256
15,6,4,0.09970779716968536
15,6,5,0.06501786410808563
15,6,6,0.04574908688664436
15,7,2,0.12830373644828796
15,7,3,0.0688873678445816
15,7,4,0.049012016505002975
15,7,5,0.058486659079790115
15,7,6,0.027859149500727654
15,8,2,0.18511269986629486
15,8,3,0.08634684979915619
15,8,4,0.049978915601968765
15,8,5,0.032590460032224655
15,8,6,0.022931909188628197
15,9,2,0.07834628969430923
15,9,3,0.19097550213336945
15,9,4,0.10630249232053757
15,9,5,0.016911055892705917
15,9,6,0.12335449457168579
15,10,2,0.2010345309972763
15,10,3,0.1193184107542038
15,10,4,0.08589010685682297
15,10,5,0.05262342840433121
15,10,6,0.047420743852853775
15,11,2,0.1571682095527649
15,11,3,0.08668974786996841
15,11,4,0.06338082253932953
15,11,5,0.016064193099737167
15,11,6,0.040527138859033585
16,0,2,0.14929118752479553
16,0,3,0.0696377083659172
16,0,4,0.04913446307182312
16,0,5,0.03203980252146721
16,0,6,0.022544443607330322
16,1,2,0.19158484041690826
16,1,3,0.08936581015586853
16,1,4,0.05172634869813919
16,1,5,0.033729925751686096
16,1,6,0.023733681067824364
16,2,2,0.14501287043094635
16,2,3,0.08299371600151062
16,2,4,0.04803807660937309
16,2,5,0.03132486343383789
16,2,6,0.022041382268071175
16,3,2,0.16385848820209503
16,3,3,0.08539590984582901
16,3,4,0.04942850396037102
16,3,5,0.032231543213129044
16,3,6,0.02267935499548912
16,4,2,0.17197127640247345
16,4,3,0.08021694421768188
16,4,4,0.04643084481358528
16,4,5,0.030276816338300705
16,4,6,0.021303929388523102
16,5,2,0.14178496599197388
16,5,3,0.06613638252019882
16,5,4,0.03828078508377075
16,5,5,0.0249622892588377
16,5,6,0.017564434558153152
16,6,2,0.2068462371826172
16,6,3,0.10610300302505493
16,6,4,0.06141410022974014
16,6,5,0.040047161281108856
16,6,6,0.02817872166633606
16,7,2,0.18564586341381073
16,7,3,0.09865671396255493
16,7,4,0.057104066014289856
16,7,5,0.03723664954304695
16,7,6,0.026201145723462105
16,8,2,0.12874898314476013
16,8,3,0.060055676847696304
16,8,4,0.03476117551326752
16,8,5,0.022667210549116135
16,8,6,0.015949523076415062
16,9,2,0.17366991937160492
16,9,3,0.08100930601358414
16,9,4,0.04688945785164833
16,9,5,0.03057587519288063
16,9,6,0.021514365449547768
16,10,2,0.14246602356433868
16,10,3,0.08947806805372238
16,10,4,0.051791321486234665
16,10,5,0.0337722972035408
16,10,6,0.023763492703437805
16,11,2,0.16406255960464478
16,11,3,0.07652788609266281
16,11,4,0.0442955456674099
16,11,5,0.02888443134725094
16,11,6,0.02032419480383396
17,0,2,0.15179835259914398
17,0,3,0.12023044377565384
17,0,4,0.06959129124879837
17,0,5,0.045379363000392914
17,0,6,0.031930673867464066
17,1,2,0.06962110102176666
17,1,3,0.1999373435974121
17,1,4,0.04133801907300949
17,1,5,0.09754563122987747
17,1,6,0.027217132970690727
17,2,2,0.06281612068414688
17,2,3,0.06429357826709747
17,2,4,0.09031300246715546
17,2,5,0.05889168009161949
17,2,6,0.04143845662474632
17,3,2,0.16681817173957825
17,3,3,0.13480699062347412
17,3,4,0.07802841812372208
17,3,5,0.05629584938287735
17,3,6,0.03682474046945572
17,4,2,0.12680619955062866
17,4,3,0.05914946272969246
17,4,4,0.03423663601279259
17,4,5,0.04391169175505638
17,4,6,0.05916912853717804
17,5,2,0.1217978224158287
17,5,3,0.08566782623529434
17,5,4,0.07887902855873108
17,5,5,0.05583934858441353
17,5,6,0.06165776401758194
17,6,2,0.19631652534008026
17,6,3,0.04083367437124252
17,6,4,0.11345811933279037
17,6,5,0.06803905963897705
17,6,6,0.054073724895715714
17,7,2,0.14883141219615936
17,7,3,0.25348329544067383
17,7,4,0.09688157588243484
17,7,5,0.16366814076900482
17,7,6,0.101508229970932
17,8,2,0.1450365036725998
17,8,3,0.10473749041557312
17,8,4,0.06542080640792847
17,8,5,0.04265986755490303
17,8,6,0.030017130076885223
17,9,2,0.1258535236120224
17,9,3,0.08081124722957611
17,9,4,0.04677482694387436
17,9,5,0.05008098855614662
17,9,6,0.04531289264559746
17,10,2,0.392258882522583
17,10,3,0.17500293254852295
17,10,4,0.10520760715007782
17,10,5,0.06731591373682022
17,10,6,0.07839704304933548
17,11,2,0.3239770531654358
17,11,3,0.11996759474277496
17,11,4,0.12316851317882538
17,11,5,0.07029290497303009
17,11,6,0.05116608366370201
18,0,2,0.10038553178310394
18,0,3,0.046825386583805084
18,0,4,0.027103282511234283
18,0,5,0.017673611640930176
18,0,6,0.012435833923518658
18,1,2,0.15897227823734283
18,1,3,0.12102663516998291
18,1,4,0.07511963695287704
18,1,5,0.06329654902219772
18,1,6,0.0372396856546402
18,2,2,0.13295544683933258
18,2,3,0.06201780214905739
18,2,4,0.03589688986539841
18,2,5,0.023407788947224617
18,2,6,0.03812536969780922
18,3,2,0.11818085610866547
18,3,3,0.09166371822357178
18,3,4,0.04797925427556038
18,3,5,0.050601135939359665
18,3,6,0.036563895642757416
18,4,2,0.12185993790626526
18,4,3,0.056842245161533356
18,4,4,0.06145253777503967
18,4,5,0.09909828752279282
18,4,6,0.06972938030958176
18,5,2,0.23032347857952118
18,5,3,0.10295815765857697
18,5,4,0.0901549682021141
18,5,5,0.06347420066595078
18,5,6,0.045029014348983765
18,6,2,0.09902048110961914
18,6,3,0.0492263026535511
18,6,4,0.03307521715760231
18,6,5,0.02783234789967537
18,6,6,0.044265296310186386
18,7,2,0.1105380654335022
18,7,3,0.18351729214191437
18,7,4,0.11375898867845535
18,7,5,0.09336958825588226
18,7,6,0.07536371797323227
18,8,2,0.1765746921300888
18,8,3,0.08236424624919891
18,8,4,0.047673728317022324
18,8,5,0.03108728490769863
18,8,6,0.021874208003282547
18,9,2,0.0751553624868393
18,9,3,0.11214890331029892
18,9,4,0.0649135559797287
18,9,5,0.042329106479883194
18,9,6,0.0401182621717453
18,10,2,0.1586129516363144
18,10,3,0.07928033173084259
18,10,4,0.07872050255537033
18,10,5,0.04664434865117073
18,10,6,0.053321290761232376
18,11,2,0.17466169595718384
18,11,3,0.09348425269126892
18,11,4,0.0684434249997139
18,11,5,0.0410444550216198
18,11,6,0.027353975921869278
19,0,2,0.17750334739685059
19,0,3,0.08279743045568466
19,0,4,0.0479244589805603
19,0,5,0.048013392835855484
19,0,6,0.0255204439163208
19,1,2,0.09680652618408203
19,1,3,0.1589820683002472
19,1,4,0.03783056512475014
19,1,5,0.1298176795244217
19,1,6,0.0765686109662056
19,2,2,0.17059040069580078
19,2,3,0.09356456995010376
19,2,4,0.06691562384366989
19,2,5,0.05222749337553978
19,2,6,0.04177532717585564
19,3,2,0.17705906927585602
19,3,3,0.11302874982357025
19,3,4,0.06483043730258942
19,3,5,0.06338445097208023
19,3,6,0.0441443994641304
19,4,2,0.14425383508205414
19,4,3,0.0968901515007019
19,4,4,0.05608155578374863
19,4,5,0.03656988590955734
19,4,6,0.02573198638856411
19,5,2,0.1659955084323883
19,5,3,0.14850440621376038
19,5,4,0.07990101724863052
19,5,5,0.04496493935585022
19,5,6,0.031639065593481064
19,6,2,0.07585901021957397
19,6,3,0.06231274828314781
19,6,4,0.045312657952308655
19,6,5,0.09966608136892319
19,6,6,0.046349961310625076
19,7,2,0.26221540570259094
19,7,3,0.12604930996894836
19,7,4,0.07295934855937958
19,7,5,0.061488211154937744
19,7,6,0.04326546564698219
19,8,2,0.17755518853664398
19,8,3,0.13092826306819916
19,8,4,0.09655483067035675
19,8,5,0.05924581363797188
19,8,6,0.07442932575941086
19,9,2,0.18524521589279175
19,9,3,0.08174661546945572
19,9,4,0.0597102977335453
19,9,5,0.04396780952811241
19,9,6,0.07162457704544067
19,10,2,0.10531746596097946
19,10,3,0.19966080784797668
19,10,4,0.10842527449131012
19,10,5,0.08187346160411835
19,10,6,0.08790206909179688
19,11,2,0.26546651124954224
19,11,3,0.14016558229923248
19,11,4,0.11232907325029373
19,11,5,0.05374368280172348
19,11,6,0.0686664879322052
20,0,2,0.20916777849197388
20,0,3,0.13046894967556
20,0,4,0.07551749050617218
20,0,5,0.049243755638599396
20,0,6,0.06119327247142792
20,1,2,0.23646338284015656
20,1,3,0.12984846532344818
20,1,4,0.10214980691671371
20,1,5,0.06661026924848557
20,1,6,0.04686954990029335
20,2,2,0.17626424133777618
20,2,3,0.0822194367647171
20,2,4,0.04758990928530693
20,2,5,0.0310326237231493
20,2,6,0.021835751831531525
20,3,2,0.16421902179718018
20,3,3,0.08180912584066391
20,3,4,0.08247222006320953
20,3,5,0.05377883091568947
20,3,6,0.03784085065126419
20,4,2,0.17663514614105225
20,4,3,0.08837314695119858
20,4,4,0.09181129932403564
20,4,5,0.059868693351745605
20,4,6,0.04212592542171478
20,5,2,0.21023498475551605
20,5,3,0.1426486074924469
20,5,4,0.08047883212566376
20,5,5,0.04826189577579498
20,5,6,0.038056906312704086
20,6,2,0.3035200834274292
20,6,3,0.16685836017131805
20,6,4,0.09599211812019348
20,6,5,0.057564977556467056
20,6,6,0.03836403787136078
20,7,2,0.17871667444705963
20,7,3,0.0985800251364708
20,7,4,0.05705967918038368
20,7,5,0.0372077114880085
20,7,6,0.06383849680423737
20,8,2,0.1502131074666977
20,8,3,0.14313170313835144
20,8,4,0.08284690231084824
20,8,5,0.054023150354623795
20,8,6,0.03801276534795761
20,9,2,0.1288350522518158
20,9,3,0.14943785965442657
20,9,4,0.09350927919149399
20,9,5,0.06406228989362717
20,9,6,0.04946330562233925
20,10,2,0.12466073781251907
20,10,3,0.22357311844825745
20,10,4,0.08571821451187134
20,10,5,0.03425807133316994
20,10,6,0.09140484035015106
20,11,2,0.20369170606136322
20,11,3,0.1116361990571022
20,11,4,0.09415899217128754
20,11,5,0.06139957904815674
20,11,6,0.05358358472585678
21,0,2,0.0647035613656044
21,0,3,0.17340610921382904
21,0,4,0.12000663578510284
21,0,5,0.07196611166000366
21,0,6,0.056650593876838684
21,1,2,0.08236672729253769
21,1,3,0.05830611661076546
21,1,4,0.036797087639570236
21,1,5,0.03426589071750641
21,1,6,0.037700217217206955
21,2,2,0.05701800808310509
21,2,3,0.026596369221806526
21,2,4,0.015394399873912334
21,2,5,0.01003844104707241
21,2,6,0.007063433527946472
21,3,2,0.15144537389278412
21,3,3,0.11457648873329163
21,3,4,0.08969610929489136
21,3,5,0.05848940834403038
21,3,6,0.06042370945215225
21,4,2,0.28230899572372437
21,4,3,0.057430166751146317
21,4,4,0.1327662318944931
21,4,5,0.07798634469509125
21,4,6,0.013942426070570946
21,5,2,0.11868668347597122
21,5,3,0.10192733258008957
21,5,4,0.05899714678525925
21,5,5,0.038471102714538574
21,5,6,0.027069751173257828
21,6,2,0.06427476555109024
21,6,3,0.17721961438655853
21,6,4,0.08852241188287735
21,6,5,0.053085509687662125
21,6,6,0.03537870943546295
21,7,2,0.3058450520038605
21,7,3,0.17112305760383606
21,7,4,0.08547713607549667
21,7,5,0.051259301602840424
21,7,6,0.03416164964437485
21,8,2,0.19053789973258972
21,8,3,0.07927928864955902
21,8,4,0.05067590996623039
21,8,5,0.033044952899217606
21,8,6,0.02325170859694481
21,9,2,0.31432250142097473
21,9,3,0.17060521245002747
21,9,4,0.14875006675720215
21,9,5,0.08920310437679291
21,9,6,0.05944919213652611
21,10,2,0.04826468229293823
21,10,3,0.04073112830519676
21,10,4,0.13190442323684692
21,10,5,0.06922382116317749
21,10,6,0.04936252534389496
21,11,2,0.09781735390424728
21,11,3,0.0671653300523758
21,11,4,0.18438935279846191
21,11,5,0.04233897849917412
21,11,6,0.10883761942386627
22,0,2,0.14300565421581268
22,0,3,0.09034533053636551
22,0,4,0.01599111407995224
22,0,5,0.06285690516233444
22,0,6,0.05481686815619469
22,1,2,0.13374200463294983
22,1,3,0.047457873821258545
22,1,4,0.12348656356334686
22,1,5,0.1244092807173729
22,1,6,0.08291226625442505
22,2,2,0.11887060850858688
22,2,3,0.055447861552238464
22,2,4,0.03209409490227699
22,2,5,0.04127277806401253
22,2,6,0.01634092815220356
22,3,2,0.24985994398593903
22,3,3,0.16416271030902863
22,3,4,0.09873374551534653
22,3,5,0.06218418851494789
22,3,6,0.07378268986940384
22,4,2,0.07365453988313675
22,4,3,0.04451184719800949
22,4,4,0.22110529243946075
22,4,5,0.11795693635940552
22,4,6,0.07296612113714218
22,5,2,0.1722547858953476
22,5,3,0.10438089817762375
22,5,4,0.05794248729944229
22,5,5,0.03778337687253952
22,5,6,0.026585837826132774
22,6,2,0.20848298072814941
22,6,3,0.03633716702461243
22,6,4,0.09295977652072906
22,6,5,0.04842930659651756
22,6,6,0.056372325867414474
22,7,2,0.054487619549036026
22,7,3,0.048253003507852554
22,7,4,0.1644396036863327
22,7,5,0.0958343893289566
22,7,6,0.05928150191903114
22,8,2,0.17262111604213715
22,8,3,0.04825431481003761
22,8,4,0.1505783200263977
22,8,5,0.09386938810348511
22,8,6,0.07025760412216187
22,9,2,0.17761540412902832
22,9,3,0.10708895325660706
22,9,4,0.051235832273960114
22,9,5,0.05453880876302719
22,9,6,0.034074898809194565
22,10,2,0.05878366529941559
22,10,3,0.16216863691806793
22,10,4,0.1111973226070404
22,10,5,0.07111179828643799
22,10,6,0.05817576125264168
22,11,2,0.08564701676368713
22,11,3,0.1626783162355423
22,11,4,0.03523118048906326
22,11,5,0.1074635311961174
22,11,6,0.06859048455953598
23,0,2,0.18539848923683167
23,0,3,0.09916149824857712
23,0,4,0.07783662527799606
23,0,5,0.06772419065237045
23,0,6,0.06318791955709457
23,1,2,0.07315439730882645
23,1,3,0.057372502982616425
23,1,4,0.11865547299385071
23,1,5,0.032524239271879196
23,1,6,0.025796324014663696
23,2,2,0.04194421321153641
23,2,3,0.10605940222740173
23,2,4,0.14312337338924408
23,2,5,0.08582885563373566
23,2,6,0.0818118080496788
23,3,2,0.2184334099292755
23,3,3,0.14985714852809906
23,3,4,0.08397777378559113
23,3,5,0.0603635348379612
23,3,6,0.04674798250198364
23,4,2,0.16595900058746338
23,4,3,0.12059497088193893
23,4,4,0.028024818748235703
23,4,5,0.110896535217762
23,4,6,0.07390672713518143
23,5,2,0.1722419708967209
23,5,3,0.11875307559967041
23,5,4,0.06911598145961761
23,5,5,0.05369101092219353
23,5,6,0.04337857663631439
23,6,2,0.10226286202669144
23,6,3,0.2057858407497406
23,6,4,0.11493894457817078
23,6,5,0.1164795309305191
23,6,6,0.07832907140254974
23,7,2,0.09961088746786118
23,7,3,0.21780650317668915
23,7,4,0.10366872698068619
23,7,5,0.08042632043361664
23,7,6,0.0463133342564106
23,8,2,0.21302290260791779
23,8,3,0.10633904486894608
23,8,4,0.16297109425067902
23,8,5,0.10077735036611557
23,8,6,0.08134545385837555
23,9,2,0.10482283681631088
23,9,3,0.08665851503610611
23,9,4,0.18342836201190948
23,9,5,0.09972643107175827
23,9,6,0.08388014137744904
23,10,2,0.061225034296512604
23,10,3,0.09369008988142014
23,10,4,0.03446880355477333
23,10,5,0.07707495242357254
23,10,6,0.06652119755744934
23,11,2,0.04829469323158264
23,11,3,0.16153162717819214
23,11,4,0.09713904559612274
23,11,5,0.06885702908039093
23,11,6,0.05411913990974426
24,0,2,0.18880297243595123
24,0,3,0.10625219345092773
24,0,4,0.0530736967921257
24,0,5,0.031827472150325775
24,0,6,0.02121133916079998
24,1,2,0.14653033018112183
24,1,3,0.09227387607097626
24,1,4,0.05340957269072533
24,1,5,0.03482753783464432
24,1,6,0.09287867695093155
24,2,2,0.12457995861768723
24,2,3,0.06521238386631012
24,2,4,0.03774596378207207
24,2,5,0.02461354248225689
24,2,6,0.01731903664767742
24,3,2,0.19684813916683197
24,3,3,0.0961972251534462
24,3,4,0.06883860379457474
24,3,5,0.042736947536468506
24,3,6,0.030071374028921127
24,4,2,0.13813714683055878
24,4,3,0.09852145612239838
24,4,4,0.05702577531337738
24,4,5,0.03718560189008713
24,4,6,0.026165222749114037
24,5,2,0.15856145322322845
24,5,3,0.08234112709760666
24,5,4,0.05229870602488518
24,5,5,0.034103162586688995
24,5,6,0.023996295407414436
24,6,2,0.15671071410179138
24,6,3,0.10247644037008286
24,6,4,0.05931498110294342
24,6,5,0.0386783592402935
24,6,6,0.027215583249926567
24,7,2,0.17915743589401245
24,7,3,0.11562060564756393
24,7,4,0.08299390971660614
24,7,5,0.06386192888021469
24,7,6,0.04493572190403938
24,8,2,0.11943915486335754
24,8,3,0.10913722217082977
24,8,4,0.05581183731555939
24,8,5,0.040037091821432114
24,8,6,0.025838088244199753
24,9,2,0.21019059419631958
24,9,3,0.10026217997074127
24,9,4,0.07658623903989792
24,9,5,0.04994066432118416
24,9,6,0.03514018654823303
24,10,2,0.20098459720611572
24,10,3,0.09375037997961044
24,10,4,0.05426419898867607
24,10,5,0.03538482263684273
24,10,6,0.02489812672138214
24,11,2,0.17160983383655548
24,11,3,0.08986718207597733
24,11,4,0.11350715905427933
24,11,5,0.06844865530729294
24,11,6,0.048163119703531265
25,0,2,0.18092449009418488
25,0,3,0.12076623737812042
25,0,4,0.06990140676498413
25,0,5,0.045581597834825516
25,0,6,0.032072968780994415
25,1,2,0.13931278884410858
25,1,3,0.08696125447750092
25,1,4,0.07701747864484787
25,1,5,0.03854775428771973
25,1,6,0.042811036109924316
25,2,2,0.12922312319278717
25,2,3,0.06027684733271599
25,2,4,0.03488919511437416
25,2,5,0.022750690579414368
25,2,6,0.01600825972855091
25,3,2,0.1623930186033249
25,3,3,0.11497016251087189
25,3,4,0.08732869476079941
25,3,5,0.05694565176963806
25,3,6,0.040069159120321274
25,4,2,0.13943760097026825
25,4,3,0.0650414451956749
25,4,4,0.03764701262116432
25,4,5,0.024549024179577827
25,4,6,0.017273634672164917
25,5,2,0.16752395033836365
25,5,3,0.09582739323377609
25,5,4,0.05845467001199722
25,5,5,0.038117364048957825
25,5,6,0.026820845901966095
25,6,2,0.15617883205413818
25,6,3,0.031689777970314026
25,6,4,0.08805141597986221
25,6,5,0.06323231756687164
25,6,6,0.04214102029800415
25,7,2,0.1012674868106842
25,7,3,0.04723678529262543
25,7,4,0.027341395616531372
25,7,5,0.017828891053795815
25,7,6,0.012545096687972546
25,8,2,0.14564695954322815
25,8,3,0.13385356962680817
25,8,4,0.07747656106948853
25,8,5,0.08044522255659103
25,8,6,0.05660436302423477
25,9,2,0.12803106009960175
25,9,3,0.13833579421043396
25,9,4,0.08301696926355362
25,9,5,0.054134055972099304
25,9,6,0.03809080645442009
25,10,2,0.11759299784898758
25,10,3,0.06917666643857956
25,10,4,0.08844289183616638
25,10,5,0.06266400218009949
25,10,6,0.06015467643737793
25,11,2,0.10579757392406464
25,11,3,0.09494271129369736
25,11,4,0.05495434254407883
25,11,5,0.03583485260605812
25,11,6,0.02521478570997715
26,0,2,0.17145578563213348
26,0,3,0.10552115738391876
26,0,4,0.08530525863170624
26,0,5,0.05562621355056763
26,0,6,0.039140742272138596
26,1,2,0.21377520263195038
26,1,3,0.07107090950012207
26,1,4,0.03550040349364281
26,1,5,0.021289043128490448
26,1,6,0.014188029803335667
26,2,2,0.12470954656600952
26,2,3,0.05817146599292755
26,2,4,0.03367055952548981
26,2,5,0.021956035867333412
26,2,6,0.015449116937816143
26,3,2,0.1285291463136673
26,3,3,0.05995313450694084
26,3,4,0.052695829421281815
26,3,5,0.03436211496591568
26,3,6,0.024178512394428253
26,4,2,0.13564112782478333
26,4,3,0.06059813126921654
26,4,4,0.04797280952334404
26,4,5,0.03128230944275856
26,4,6,0.022011438384652138
26,5,2,0.11910209059715271
26,5,3,0.06960710138082504
26,5,4,0.040289685130119324
26,5,5,0.02627226896584034
26,5,6,0.018486181274056435
26,6,2,0.2019118219614029
26,6,3,0.12939943373203278
26,6,4,0.109017513692379
26,6,5,0.07161115109920502
26,6,6,0.04772507771849632
26,7,2,0.11855937540531158
26,7,3,0.06935170292854309
26,7,4,0.040141861885786057
26,7,5,0.02617587521672249
26,7,6,0.01841835305094719
26,8,2,0.21461212635040283
26,8,3,0.10250367969274521
26,8,4,0.07309088855981827
26,8,5,0.06926105916500092
26,8,6,0.04873475059866905
26,9,2,0.18937167525291443
26,9,3,0.03588800132274628
26,9,4,0.09630059450864792
26,9,5,0.020109692588448524
26,9,6,0.06859889626502991
26,10,2,0.13928072154521942
26,10,3,0.06496826559305191
26,10,4,0.04576053470373154
26,10,5,0.04615190625190735
26,10,6,0.008029468357563019
26,11,2,0.08350477367639542
26,11,3,0.05682526156306267
26,11,4,0.03995645418763161
26,11,5,0.09056399017572403
26,11,6,0.04211701825261116
27,0,2,0.12966307997703552
27,0,3,0.12824861705303192
27,0,4,0.11879375576972961
27,0,5,0.0774635300040245
27,0,6,0.054506320506334305
27,1,2,0.2639022171497345
27,1,3,0.09976103156805038
27,1,4,0.06217204034328461
27,1,5,0.07101598381996155
27,1,6,0.04932842776179314
27,2,2,0.1536419838666916
27,2,3,0.10304120928049088
27,2,4,0.05964187532663345
27,2,5,0.03889152407646179
27,2,6,0.02736557275056839
27,3,2,0.2409985363483429
27,3,3,0.10292845219373703
27,3,4,0.09107044339179993
27,3,5,0.05938558652997017
27,3,6,0.041785988956689835
27,4,2,0.2186802327632904
27,4,3,0.11767745018005371
27,4,4,0.07244348526000977
27,4,5,0.04723925143480301
27,4,6,0.03323935344815254
27,5,2,0.29530462622642517
27,5,3,0.1364031434059143
27,5,4,0.10037247836589813
27,5,5,0.0601918026804924
27,5,6,0.05768400430679321
27,6,2,0.23741415143013
27,6,3,0.05267876759171486
27,6,4,0.13168539106845856
27,6,5,0.08260994404554367
27,6,6,0.05110108107328415
27,7,2,0.20419082045555115
27,7,3,0.12335590273141861
27,7,4,0.09011455625295639
27,7,5,0.05876227095723152
27,7,6,0.04134739935398102
27,8,2,0.18152353167533875
27,8,3,0.13088658452033997
27,8,4,0.07575923204421997
27,8,5,0.08488170057535172
27,8,6,0.059726037085056305
27,9,2,0.11772290617227554
27,9,3,0.14742355048656464
27,9,4,0.10328230261802673
27,9,5,0.0885581523180008
27,9,6,0.062312930822372437
27,10,2,0.21463090181350708
27,10,3,0.10139016807079315
27,10,4,0.06523878872394562
27,10,5,0.058665040880441666
27,10,6,0.049074552953243256
27,11,2,0.1554190069437027
27,11,3,0.1210893839597702
27,11,4,0.07868851721286774
27,11,5,0.07372414320707321
27,11,6,0.07269633561372757
28,0,2,0.1971394568681717
28,0,3,0.1344064474105835
28,0,4,0.09267104417085648
28,0,5,0.08846841007471085
28,0,6,0.07270564883947372
28,1,2,0.15561462938785553
28,1,3,0.1593148410320282
28,1,4,0.13701486587524414
28,1,5,0.08911585062742233
28,1,6,0.06302684545516968
28,2,2,0.15099488198757172
28,2,3,0.09717118740081787
28,2,4,0.06658279895782471
28,2,5,0.04403524473309517
28,2,6,0.060408174991607666
28,3,2,0.2209264636039734
28,3,3,0.09960191696882248
28,3,4,0.08389491587877274
28,3,5,0.09368132799863815
28,3,6,0.06591779738664627
28,4,2,0.13346955180168152
28,4,3,0.06847652792930603
28,4,4,0.05049711465835571
28,4,5,0.04678730294108391
28,4,6,0.03292135149240494
28,5,2,0.05759216472506523
28,5,3,0.19342967867851257
28,5,4,0.11772242188453674
28,5,5,0.07059629261493683
28,5,6,0.053767550736665726
28,6,3,0.08005181699991226
28,6,4,0.286772757768631
28,6,5,0.14986540377140045
28,6,6,0.14111629128456116
28,7,2,0.08635120838880539
28,7,3,0.15772895514965057
28,7,4,0.09010165184736252
28,7,5,0.06579240411520004
28,7,6,0.01755145564675331
28,8,2,0.12912273406982422
28,8,3,0.08716922253370285
28,8,4,0.08528599143028259
28,8,5,0.058676596730947495
28,8,6,0.07784935086965561
28,9,2,0.1079498901963234
28,9,3,0.20907267928123474
28,9,4,0.1323137879371643
28,9,5,0.09926019608974457
28,9,6,0.05864674970507622
28,10,2,0.15965360403060913
28,10,3,0.11393734067678452
28,10,4,0.12545399367809296
28,10,5,0.07415256649255753
28,10,6,0.06682995706796646
28,11,2,0.2461259663105011
28,11,3,0.20711344480514526
28,11,4,0.05811116099357605
28,11,5,0.1527295857667923
28,11,6,0.11352299153804779
29,0,2,0.18612492084503174
29,0,3,0.10097646713256836
29,0,4,0.08462551236152649
29,0,5,0.05074860528111458
29,0,6,0.03382128104567528
29,1,2,0.2504076361656189
29,1,3,0.08324959129095078
29,1,4,0.04158373549580574
29,1,5,0.02493712119758129
29,1,6,0.016619281843304634
29,2,2,0.15200351178646088
29,2,3,0.07090287655591965
29,2,4,0.04103970527648926
29,2,5,0.026761339977383614
29,2,6,0.01883031241595745
29,3,2,0.10928205400705338
29,3,3,0.09863258898258209
29,3,4,0.05709009990096092
29,3,5,0.03722754865884781
29,3,6,0.0261947400867939
29,4,2,0.13963571190834045
29,4,3,0.1072898581624031
29,4,4,0.06210106611251831
29,4,5,0.0404951237142086
29,4,6,0.02849392406642437
29,5,2,0.12297825515270233
29,5,3,0.05957306548953056
29,5,4,0.05025169998407364
29,5,5,0.032768331468105316
29,5,6,0.023057060316205025
29,6,2,0.23908133804798126
29,6,3,0.13677909970283508
29,6,4,0.068322092294693
29,6,5,0.04097169637680054
29,6,6,0.027305487543344498
29,7,2,0.15102607011795044
29,7,3,0.08805199712514877
29,7,4,0.08734647184610367
29,7,5,0.05695725232362747
29,7,6,0.05150693282485008
29,8,2,0.19866597652435303
29,8,3,0.09434890002012253
29,8,4,0.047127917408943176
29,8,5,0.028261879459023476
29,8,6,0.05041586235165596
29,9,2,0.1540907323360443
29,9,3,0.07187647372484207
29,9,4,0.04160323739051819
29,9,5,0.027128811925649643
29,9,6,0.05016838014125824
29,10,2,0.10680586099624634
29,10,3,0.08038601279258728
29,10,4,0.05935341492295265
29,10,5,0.038703422993421555
29,10,6,0.027233218774199486
29,11,2,0.12859082221984863
29,11,3,0.05913095921278
29,11,4,0.034225933253765106
29,11,5,0.022318189963698387
29,11,6,0.015703938901424408
30,0,2,0.25338247418403625
30,0,3,0.10495302826166153
30,0,4,0.07790125906467438
30,0,5,0.05079817771911621
30,0,6,0.03574354946613312
30,1,2,0.2947484254837036
30,1,3,0.1399717926979065
30,1,4,0.10390666872262955
30,1,5,0.09060323983430862
30,1,6,0.0742359533905983
30,2,2,0.13467833399772644
30,2,3,0.07927089184522629
30,2,4,0.04638654366135597
30,2,5,0.03024793043732643
30,2,6,0.023397745564579964
30,3,2,0.26755180954933167
30,3,3,0.16520176827907562
30,3,4,0.04598711058497429
30,3,5,0.11669615656137466
30,3,6,0.0674540251493454
30,4,2,0.1680142879486084
30,4,3,0.09290919452905655
30,4,4,0.07536621391773224
30,4,5,0.04914511740207672
30,4,6,0.034580398350954056
30,5,2,0.10743530094623566
30,5,3,0.16359759867191315
30,5,4,0.10405387729406357
30,5,5,0.059252846986055374
30,5,6,0.05392496660351753
30,6,2,0.1733550727367401
30,6,3,0.12314128130674362
30,6,4,0.081696517765522
30,6,5,0.05327300354838371
30,6,6,0.03748493641614914
30,7,2,0.32266679406166077
30,7,3,0.14529679715633392
30,7,4,0.12019918113946915
30,7,5,0.078461192548275
30,7,6,0.06503876298666
30,8,2,0.16762299835681915
30,8,3,0.10915723443031311
30,8,4,0.08456432819366455
30,8,5,0.055143050849437714
30,8,6,0.03880077600479126
30,9,2,0.25275903940200806
30,9,3,0.21304406225681305
30,9,4,0.1372126191854477
30,9,5,0.08228427916765213
30,9,6,0.05231842026114464
30,10,2,0.06327731162309647
30,10,3,0.1464964747428894
30,10,4,0.18769749999046326
30,10,5,0.11255927383899689
30,10,6,0.07501485198736191
30,11,2,0.19428750872612
30,11,3,0.10070372372865677
30,11,4,0.09100829064846039
30,11,5,0.06211928650736809
30,11,6,0.04570800065994263
31,0,2,0.18012553453445435
31,0,3,0.0954458937048912
31,0,4,0.055245593190193176
31,0,5,0.03602477163076401
31,0,6,0.025348415598273277
31,1,2,0.15408813953399658
31,1,3,0.07186847180128098
31,1,4,0.09839310497045517
31,1,5,0.05694778263568878
31,1,6,0.037952713668346405
31,2,2,0.21300822496414185
31,2,3,0.09935886412858963
31,2,4,0.05751048028469086
31,2,5,0.03750167414546013
31,2,6,0.026387624442577362
31,3,2,0.26712271571159363
31,3,3,0.1359703689813614
31,3,4,0.1173287183046341
31,3,5,0.0703602060675621
31,3,6,0.04689138010144234
31,4,2,0.15808695554733276
31,4,3,0.09920667856931686
31,4,4,0.07982580363750458
31,4,5,0.052053142338991165
31,4,6,0.03662659227848053
31,5,2,0.07340621203184128
31,5,3,0.07296481728553772
31,5,4,0.11351419240236282
31,5,5,0.09249705821275711
31,5,6,0.06508450210094452
31,6,2,0.1466616839170456
31,6,3,0.14156793057918549
31,6,4,0.028246331959962845
31,6,5,0.09485737234354019
31,6,6,0.06615529954433441
31,7,2,0.10470364987850189
31,7,3,0.1933891922235489
31,7,4,0.07987507432699203
31,7,5,0.042230118066072464
31,7,6,0.02612282708287239
31,8,2,0.0744374617934227
31,8,3,0.03472176939249039
31,8,4,0.020097507163882256
31,8,5,0.013105269521474838
31,8,6,0.009221368469297886
31,9,2,0.1952352523803711
31,9,3,0.11489183455705643
31,9,4,0.02130214124917984
31,9,5,0.06456629931926727
31,9,6,0.06757060438394547
31,10,2,0.060150399804115295
31,10,3,0.14106447994709015
31,10,4,0.054084308445453644
31,10,5,0.0285944864153862
31,10,6,0.060578156262636185
31,11,2,0.20054186880588531
31,11,3,0.14100563526153564
31,11,4,0.07043327391147614
31,11,5,0.04223774001002312
31,11,6,0.028149235993623734
32,0,2,0.10637206584215164
32,0,3,0.08502548933029175
32,0,4,0.07152476161718369
32,0,5,0.04664016142487526
32,0,6,0.032112542539834976
32,1,2,0.16886712610721588
32,1,3,0.1464645117521286
32,1,4,0.030408211052417755
32,1,5,0.08569195866584778
32,1,6,0.0649179220199585
32,2,2,0.12433572858572006
32,2,3,0.07593593001365662
32,2,4,0.03933422267436981
32,2,5,0.02564922161400318
32,2,6,0.01804777979850769
32,3,2,0.06820259243249893
32,3,3,0.26001691818237305
32,3,4,0.11271017044782639
32,3,5,0.06689323484897614
32,3,6,0.04839738458395004
32,4,2,0.15820637345314026
32,4,3,0.10029200464487076
32,4,4,0.0279762651771307
32,4,5,0.08479539304971695
32,4,6,0.018636977300047874
32,5,2,0.19693869352340698
32,5,3,0.1101728305220604
32,5,4,0.07425756007432938
32,5,5,0.049480173736810684
32,5,6,0.039441708475351334
32,6,2,0.08280149847269058
32,6,3,0.2011776864528656
32,6,4,0.10908283293247223
32,6,5,0.01917916350066662
32,6,6,0.027433978393673897
32,7,2,0.18050549924373627
32,7,3,0.10147116333246231
32,7,4,0.07812879979610443
32,7,5,0.06974433362483978
32,7,6,0.049074795097112656
32,8,2,0.17260876297950745
32,8,3,0.059602633118629456
32,8,4,0.08305258303880692
32,8,5,0.06437284499406815
32,8,6,0.018359100446105003
32,9,2,0.04737637937068939
32,9,3,0.16545404493808746
32,9,4,0.10084981471300125
32,9,5,0.07238346338272095
32,9,6,0.07691051065921783
32,10,2,0.23816639184951782
32,10,3,0.044102706015110016
32,10,4,0.07630053162574768
32,10,5,0.06740310043096542
32,10,6,0.03328612074255943
32,11,2,0.08449514955282211
32,11,3,0.06518907099962234
32,11,4,0.14814624190330505
32,11,5,0.24036836624145508
32,11,6,0.024738069623708725
33,0,2,0.13622672855854034
33,0,3,0.08800458908081055
33,0,4,0.0509384460747242
33,0,5,0.04751253128051758
33,0,6,0.03343164920806885
33,1,2,0.16887271404266357
33,1,3,0.1290542483329773
33,1,4,0.08573897927999496
33,1,5,0.06638505309820175
33,1,6,0.046711090952157974
33,2,2,0.14097261428833008
33,2,3,0.1138828843832016
33,2,4,0.06591720879077911
33,2,5,0.042983561754226685
33,2,6,0.030244898051023483
33,3,2,0.16694217920303345
33,3,3,0.08475183695554733
33,3,4,0.04905570298433304
33,3,5,0.047968171536922455
33,3,6,0.024160930886864662
33,4,2,0.1316911280155182
33,4,3,0.06142805516719818
33,4,4,0.035555530339479446
33,4,5,0.02318519726395607
33,4,6,0.016313999891281128
33,5,2,0.1398123800754547
33,5,3,0.11287311464548111
33,5,4,0.06533274799585342
33,5,5,0.04260244220495224
33,5,6,0.029976733028888702
33,6,2,0.18891789019107819
33,6,3,0.1135515496134758
33,6,4,0.09714710712432861
33,6,5,0.05001489445567131
33,6,6,0.03425849601626396
33,7,2,0.21209816634655
33,7,3,0.1366737335920334
33,7,4,0.07910891622304916
33,7,5,0.051585663110017776
33,7,6,0.03629766404628754
33,8,2,0.04134317860007286
33,8,3,0.1116776168346405
33,8,4,0.07297606766223907
33,8,5,0.04392910376191139
33,8,6,0.029276449233293533
33,9,2,0.19510653614997864
33,9,3,0.10386372357606888
33,9,4,0.060117971152067184
33,9,5,0.039201974868774414
33,9,6,0.027584021911025047
33,10,2,0.1883808672428131
33,10,3,0.10961271077394485
33,10,4,0.07068323343992233
33,10,5,0.04609141871333122
33,10,6,0.032431695610284805
33,11,2,0.1365279257297516
33,11,3,0.08608617633581161
33,11,4,0.04880388081073761
33,11,5,0.03182424232363701
33,11,6,0.02239275723695755
34,0,2,0.18105123937129974
34,0,3,0.09497275948524475
34,0,4,0.05497174337506294
34,0,5,0.035846199840307236
34,0,6,0.025222765281796455
34,1,2,0.20158497989177704
34,1,3,0.06701819598674774
34,1,4,0.11670388281345367
34,1,5,0.06998550146818161
34,1,6,0.04664166644215584
34,2,2,0.16107355058193207
34,2,3,0.07513365894556046
34,2,4,0.04348854720592499
34,2,5,0.02835819311439991
34,2,6,0.019953910261392593
34,3,2,0.2449013739824295
34,3,3,0.08141899853944778
34,3,4,0.04066934064030647
34,3,5,0.02438877709209919
34,3,6,0.016253838315606117
34,4,2,0.08391837030649185
34,4,3,0.12256865203380585
34,4,4,0.0542367547750473
34,4,5,0.035366930067539215
34,4,6,0.024885548278689384
34,5,2,0.1070048063993454
34,5,3,0.06556292623281479
34,5,4,0.0379488542675972
34,5,5,0.024745844304561615
34,5,6,0.017412129789590836
34,6,2,0.28696608543395996
34,6,3,0.156040757894516
34,6,4,0.07794342935085297
34,6,5,0.046741459518671036
34,6,6,0.05179178714752197
34,7,2,0.22667616605758667
34,7,3,0.07535991817712784
34,7,4,0.037642791867256165
34,7,5,0.022573797032237053
34,7,6,0.0959530621767044
34,8,2,0.1568211317062378
34,8,3,0.07315009832382202
34,8,4,0.1146555170416832
34,8,5,0.07476504147052765
34,8,6,0.052607566118240356
34,9,2,0.16838058829307556
34,9,3,0.05597918480634689
34,9,4,0.02796197682619095
34,9,5,0.01676836796104908
34,9,6,0.06593901664018631
34,10,2,0.26230159401893616
34,10,3,0.08593039959669113
34,10,4,0.04292282089591026
34,10,5,0.02574015036225319
34,10,6,0.01715446449816227
34,11,2,0.16743972897529602
34,11,3,0.15521027147769928
34,11,4,0.06016026437282562
34,11,5,0.03922955319285393
34,11,6,0.027603426948189735
35,0,2,0.22784219682216644
35,0,3,0.09553593397140503
35,0,4,0.08054559677839279
35,0,5,0.07944723218679428
35,0,6,0.055902138352394104
35,1,2,0.09814667701721191
35,1,3,0.0921577587723732
35,1,4,0.20198509097099304
35,1,5,0.06506803631782532
35,1,6,0.12956638634204865
35,2,2,0.14295491576194763
35,2,3,0.0666821151971817
35,2,4,0.03859666362404823
35,2,5,0.025168269872665405
35,2,6,0.07611679285764694
35,3,2,0.16170375049114227
35,3,3,0.0841715857386589
35,3,4,0.07270395755767822
35,3,5,0.04763346165418625
35,3,6,0.053086716681718826
35,4,2,0.19018353521823883
35,4,3,0.15147072076797485
35,4,4,0.08767364174127579
35,4,5,0.05717059224843979
35,4,6,0.04022742807865143
35,5,2,0.08941967040300369
35,5,3,0.055818721652030945
35,5,4,0.032308757305145264
35,5,5,0.045774441212415695
35,5,6,0.05487659573554993
35,6,2,0.244074285030365
35,6,3,0.0493670254945755
35,6,4,0.15028220415115356
35,6,5,0.09326069056987762
35,6,6,0.07643558830022812
35,7,2,0.15834051370620728
35,7,3,0.14656654000282288
35,7,4,0.08063889294862747
35,7,5,0.0704992488026619
35,7,6,0.04960599169135094
35,8,2,0.10480017960071564
35,8,3,0.12039528787136078
35,8,4,0.1093984991312027
35,8,5,0.08618433028459549
35,8,6,0.06064261868596077
35,9,2,0.11355310678482056
35,9,3,0.11488952487707138
35,9,4,0.07482808828353882
35,9,5,0.0487942136824131
35,9,6,0.04249231144785881
35,10,2,0.16670042276382446
35,10,3,0.1125820055603981
35,10,4,0.09807176142930984
35,10,5,0.06520981341600418
35,10,6,0.0458841510117054
35,11,2,0.09126249700784683
35,11,3,0.11366444081068039
35,11,4,0.05723100155591965
35,11,5,0.05903081223368645
35,11,6,0.044668953865766525
36,0,2,0.16053447127342224
36,0,3,0.12600253522396088
36,0,4,0.07293225079774857
36,0,5,0.04755796492099762
36,0,6,0.033463623374700546
36,1,2,0.22475062310695648
36,1,3,0.11694028228521347
36,1,4,0.06768689304590225
36,1,5,0.04413754120469093
36,1,6,0.031056877225637436
36,2,2,0.14997737109661102
36,2,3,0.08979769051074982
36,2,4,0.051976319402456284
36,2,5,0.03389294072985649
36,2,6,0.02384837716817856
36,3,2,0.1276564598083496
36,3,3,0.12137433886528015
36,3,4,0.08827720582485199
36,3,5,0.07841583341360092
36,3,6,0.03817182779312134
36,4,2,0.17899557948112488
36,4,3,0.10142805427312851
36,4,4,0.073307104408741
36,4,5,0.0478024035692215
36,4,6,0.033635612577199936
36,5,2,0.09947178512811661
36,5,3,0.05460292100906372
36,5,4,0.03160502761602402
36,5,5,0.03608639910817146
36,5,6,0.025391777977347374
36,6,2,0.1932976096868515
36,6,3,0.11688791215419769
36,6,4,0.08711681514978409
36,6,5,0.0568074956536293
36,6,6,0.03997194394469261
36,7,2,0.15543657541275024
36,7,3,0.02245546691119671
36,7,4,0.09925831109285355
36,7,5,0.04894192889332771
36,7,6,0.02972738817334175
36,8,2,0.19445732235908508
36,8,3,0.12471179664134979
36,8,4,0.07218515872955322
36,8,5,0.04707079008221626
36,8,6,0.033120833337306976
36,9,2,0.18020540475845337
36,9,3,0.08405781537294388
36,9,4,0.048653990030288696
36,9,5,0.031726498156785965
36,9,6,0.022323988378047943
36,10,2,0.20806649327278137
36,10,3,0.10913137346506119
36,10,4,0.07833174616098404
36,10,5,0.055477797985076904
36,10,6,0.05864206328988075
36,11,2,0.1065511703491211
36,11,3,0.08244410902261734
36,11,4,0.038206811994314194
36,11,5,0.031470976769924164
36,11,6,0.022144190967082977
37,0,2,0.1940855234861374
37,0,3,0.0951918289065361
37,0,4,0.14314186573028564
37,0,5,0.08583994954824448
37,0,6,0.05720782279968262
37,1,2,0.06736872345209122
37,1,3,0.17338012158870697
37,1,4,0.12373682856559753
37,1,5,0.08292217552661896
37,1,6,0.05526328086853027
37,2,2,0.04791457951068878
37,2,3,0.13021372258663177
37,2,4,0.14466746151447296
37,2,5,0.12688183784484863
37,2,6,0.07174019515514374
37,3,2,0.04884927347302437
37,3,3,0.1043427512049675
37,3,4,0.14528803527355194
37,3,5,0.08712697774171829
37,3,6,0.07410211116075516
37,4,2,0.14298222959041595
37,4,3,0.09933821111917496
37,4,4,0.12133535742759705
37,4,5,0.07912085205316544
37,4,6,0.05567248910665512
37,5,2,0.16413970291614532
37,5,3,0.14923763275146484
37,5,4,0.11358333379030228
37,5,5,0.07406590133905411
37,5,6,0.05211561545729637
37,6,2,0.21758557856082916
37,6,3,0.04003855958580971
37,6,4,0.14884071052074432
37,6,5,0.11623386293649673
37,6,6,0.07190025597810745
37,7,2,0.17146287858486176
37,7,3,0.10324401408433914
37,7,4,0.11610829085111618
37,7,5,0.08353958278894424
37,7,6,0.05878167599439621
37,8,2,0.16637276113033295
37,8,3,0.13564200699329376
37,8,4,0.11498584598302841
37,8,5,0.07498043775558472
37,8,6,0.05275912955403328
37,9,2,0.0875220000743866
37,9,3,0.1677403599023819
37,9,4,0.16354936361312866
37,9,5,0.086468905210495
37,9,6,0.053488168865442276
37,10,2,0.09576177597045898
37,10,3,0.19415119290351868
37,10,4,0.16475634276866913
37,10,5,0.08710703253746033
37,10,6,0.0538829043507576
37,11,2,0.1937563270330429
37,11,3,0.11340183764696121
37,11,4,0.03921344876289368
37,11,5,0.1131187304854393
37,11,6,0.06997328996658325
38,0,2,0.20161785185337067
38,0,3,0.1778404861688614
38,0,4,0.170673668384552
38,0,5,0.09929393231868744
38,0,6,0.06617418676614761
38,1,2,0.19972985982894897
38,1,3,0.13730289041996002
38,1,4,0.06858372688293457
38,1,5,0.04112859442830086
38,1,6,0.027410052716732025
38,2,2,0.19086520373821259
38,2,3,0.11308877170085907
38,2,4,0.06545756757259369
38,2,5,0.04268383979797363
38,2,6,0.03003399446606636
38,3,2,0.15475602447986603
38,3,3,0.10109823942184448
38,3,4,0.09195844829082489
38,3,5,0.056010354310274124
38,3,6,0.047130417078733444
38,4,2,0.16831548511981964
38,4,3,0.09293635934591293
38,4,4,0.10815862566232681
38,4,5,0.11214560270309448
38,4,6,0.0789099708199501
38,5,2,0.1970566213130951
38,5,3,0.08440236002206802
38,5,4,0.1526019424200058
38,5,5,0.09950931370258331
38,5,6,0.07001858949661255
38,6,2,0.1635476052761078
38,6,3,0.17906758189201355
38,6,4,0.10446681082248688
38,6,5,0.08242490887641907
38,6,6,0.05799734964966774
38,7,2,0.05483119189739227
38,7,3,0.13782036304473877
38,7,4,0.06884220987558365
38,7,5,0.04128360375761986
38,7,6,0.027513355016708374
38,8,2,0.04986237362027168
38,8,3,0.06000399962067604
38,8,4,0.14884193241596222
38,8,5,0.07869304716587067
38,8,6,0.04867815971374512
38,9,2,0.13965405523777008
38,9,3,0.19778402149677277
38,9,4,0.12068255245685577
38,9,5,0.07869517803192139
38,9,6,0.05537296459078789
38,10,2,0.16426855325698853
38,10,3,0.18741780519485474
38,10,4,0.11515454202890396
38,10,5,0.0750904530286789
38,10,6,0.05520540848374367
38,11,2,0.22377167642116547
38,11,3,0.15155848860740662
38,11,4,0.08989736437797546
38,11,5,0.058620646595954895
38,11,6,0.04124774783849716
39,0,2,0.09608425199985504
39,0,3,0.09371167421340942
39,0,4,0.05424179881811142
39,0,5,0.03537021577358246
39,0,6,0.024887848645448685
39,1,2,0.13670486211776733
39,1,3,0.10065809637308121
39,1,4,0.07745620608329773
39,1,5,0.07265119254589081
39,1,6,0.05421917513012886
39,2,2,0.18882685899734497
39,2,3,0.08807933330535889
39,2,4,0.07853714376688004
39,2,5,0.05121283233165741
39,2,6,0.04491753503680229
39,3,2,0.17162193357944489
39,3,3,0.11244826763868332
39,3,4,0.06970713287591934
39,3,5,0.04545491933822632
39,3,6,0.031983841210603714
39,4,2,0.06490405648946762
39,4,3,0.03287409618496895
39,4,4,0.01902804709970951
39,4,5,0.012407886795699596
39,4,6,0.008730665780603886
39,5,2,0.0625416487455368
39,5,3,0.09287697076797485
39,5,4,0.053758654743433
39,5,5,0.035055164247751236
39,5,6,0.03959217295050621
39,6,2,0.10555922985076904
39,6,3,0.1381862759590149
39,6,4,0.0799844041466713
39,6,5,0.05215655639767647
39,6,6,0.04336606338620186
39,7,2,0.11831051856279373
39,7,3,0.06755156815052032
39,7,4,0.06130841374397278
39,7,5,0.03997824713587761
39,7,6,0.02813023515045643
39,8,2,0.22642256319522858
39,8,3,0.10561606287956238
39,8,4,0.10001243650913239
39,8,5,0.07988815009593964
39,8,6,0.05621238425374031
39,9,2,0.1259133666753769
39,9,3,0.07536341995000839
39,9,4,0.07936862856149673
39,9,5,0.059668444097042084
39,9,6,0.04198501631617546
39,10,2,0.09955248981714249
39,10,3,0.07809354364871979
39,10,4,0.045201778411865234
39,10,5,0.03370765224099159
39,10,6,0.060692787170410156
39,11,2,0.14607486128807068
39,11,3,0.06512036919593811
39,11,4,0.06898581981658936
39,11,5,0.0413697175681591
39,11,6,0.03619179129600525
40,0,2,0.26980963349342346
40,0,3,0.11905401200056076
40,0,4,0.0838635265827179
40,0,5,0.04245690628886223
40,0,6,0.028295297175645828
40,1,2,0.20565734803676605
40,1,3,0.09593001753091812
40,1,4,0.09175167977809906
40,1,5,0.05982981622219086
40,1,6,0.04209855943918228
40,2,2,0.10853753983974457
40,2,3,0.0771651417016983
40,2,4,0.044664401561021805
40,2,5,0.029124947264790535
40,2,6,0.04995836690068245
40,3,2,0.25206902623176575
40,3,3,0.08380193263292313
40,3,4,0.04185963794589043
40,3,5,0.02510257251560688
40,3,6,0.01672954484820366
40,4,2,0.17509979009628296
40,4,3,0.08167626708745956
40,4,4,0.04727551341056824
40,4,5,0.030827611684799194
40,4,6,0.021691495552659035
40,5,2,0.12373613566160202
40,5,3,0.1317368596792221
40,5,4,0.07625137269496918
40,5,5,0.04972231760621071
40,5,6,0.04300042241811752
40,6,2,0.1851097196340561
40,6,3,0.11612456291913986
40,6,4,0.05800500884652138
40,6,5,0.0347847044467926
40,6,6,0.023182181641459465
40,7,2,0.16514894366264343
40,7,3,0.08480135351419449
40,7,4,0.0804368183016777
40,7,5,0.04823670908808708
40,7,6,0.03214723616838455
40,8,2,0.08198395371437073
40,8,3,0.2078840434551239
40,8,4,0.07970301061868668
40,8,5,0.0797346755862236
40,8,6,0.04932248592376709
40,9,2,0.19915039837360382
40,9,3,0.06860333681106567
40,9,4,0.034267835319042206
40,9,5,0.020549887791275978
40,9,6,0.013695420697331429
40,10,2,0.06996314972639084
40,10,3,0.21045564115047455
40,10,4,0.1502084583044052
40,10,5,0.09525980055332184
40,10,6,0.0690547525882721
40,11,2,0.2613018751144409
40,11,3,0.060782089829444885
40,11,4,0.10947702825069427
40,11,5,0.06618017703294754
40,11,6,0.08181102573871613
41,0,2,0.15595372021198273
41,0,3,0.1216537207365036
41,0,4,0.1113433763384819
41,0,5,0.07308529317378998
41,0,6,0.0657477006316185
41,1,2,0.1886766403913498
41,1,3,0.13838307559490204
41,1,4,0.1019892618060112
41,1,5,0.06615838408470154
41,1,6,0.07046693563461304
41,2,2,0.1736876219511032
41,2,3,0.17657606303691864
41,2,4,0.12367875128984451
41,2,5,0.08064895868301392
41,2,6,0.056747712194919586
41,3,2,0.22531284391880035
41,3,3,0.1108664944767952
41,3,4,0.11043327301740646
41,3,5,0.0955292358994484
41,3,6,0.06050907447934151
41,4,2,0.1927495002746582
41,4,3,0.10872632265090942
41,4,4,0.06783094257116318
41,4,5,0.044423673301935196
41,4,6,0.0399295873939991
41,5,2,0.13573317229747772
41,5,3,0.09946637600660324
41,5,4,0.09423249214887619
41,5,5,0.10438799858093262
41,5,6,0.06825502216815948
41,6,2,0.1813633292913437
41,6,3,0.11193880438804626
41,6,4,0.07986363768577576
41,6,5,0.05394943058490753
41,6,6,0.04561205953359604
41,7,2,0.15084730088710785
41,7,3,0.08041726052761078
41,7,4,0.08322731405496597
41,7,5,0.06115671619772911
41,7,6,0.04917999729514122
41,8,2,0.1848343014717102
41,8,3,0.11401743441820145
41,8,4,0.07079258561134338
41,8,5,0.07109057903289795
41,8,6,0.05002206563949585
41,9,2,0.18060331046581268
41,9,3,0.14050738513469696
41,9,4,0.090902179479599
41,9,5,0.07450460642576218
41,9,6,0.05235841125249863
41,10,2,0.20204059779644012
41,10,3,0.1441396027803421
41,10,4,0.10379505902528763
41,10,5,0.08142115920782089
41,10,6,0.06022684648633003
41,11,2,0.14912651479244232
41,11,3,0.07981592416763306
41,11,4,0.05684295669198036
41,11,5,0.06157158315181732
41,11,6,0.05677985027432442
42,0,2,0.1865682154893875
42,0,3,0.11706313490867615
42,0,4,0.0749385803937912
42,0,5,0.048866260796785355
42,0,6,0.03438418731093407
42,1,2,0.18276473879814148
42,1,3,0.1378054916858673
42,1,4,0.10974596440792084
42,1,5,0.08264204859733582
42,1,6,0.07134297490119934
42,2,2,0.2090880572795868
42,2,3,0.12678742408752441
42,2,4,0.07338656485080719
42,2,5,0.047854214906692505
42,2,6,0.033672068268060684
42,3,2,0.22124280035495758
42,3,3,0.17581593990325928
42,3,4,0.14445734024047852
42,3,5,0.09494462609291077
42,3,6,0.06327561289072037
42,4,2,0.1257498562335968
42,4,3,0.10384516417980194
42,4,4,0.06010722741484642
42,4,5,0.06407778710126877
42,4,6,0.04508759826421738
42,5,2,0.1381717473268509
42,5,3,0.10372591018676758
42,5,4,0.05312499776482582
42,5,5,0.09138409793376923
42,5,6,0.06430137157440186
42,6,2,0.19660013914108276
42,6,3,0.12021485716104507
42,6,4,0.07504227757453918
42,6,5,0.014798845164477825
42,6,6,0.0559329129755497
42,7,2,0.10768814384937286
42,7,3,0.09371254593133926
42,7,4,0.05345810949802399
42,7,5,0.09478213638067245
42,7,6,0.06669235974550247
42,8,2,0.2433323860168457
42,8,3,0.1247132271528244
42,8,4,0.07448294758796692
42,8,5,0.0670497789978981
42,8,6,0.047178808599710464
42,9,2,0.16773287951946259
42,9,3,0.08443362265825272
42,9,4,0.0847044363617897
42,9,5,0.054499149322509766
42,9,6,0.03834770619869232
42,10,2,0.19318737089633942
42,10,3,0.15595948696136475
42,10,4,0.12119681388139725
42,10,5,0.09200466424226761
42,10,6,0.06473802775144577
42,11,2,0.1633356660604477
42,11,3,0.1917041540145874
42,11,4,0.12356765568256378
42,11,5,0.08939028531312943
42,11,6,0.06559620797634125
43,0,2,0.18190430104732513
43,0,3,0.09240134060382843
43,0,4,0.05292864143848419
43,0,5,0.03174049034714699
43,0,6,0.03590722009539604
43,1,2,0.2037632167339325
43,1,3,0.09504648298025131
43,1,4,0.05501439794898033
43,1,5,0.03587402030825615
43,1,6,0.02524234913289547
43,2,2,0.19276829063892365
43,2,3,0.09426051378250122
43,2,4,0.05455947294831276
43,2,5,0.03557736426591873
43,2,6,0.025033608078956604
43,3,2,0.15552222728729248
43,3,3,0.12131559103727341
43,3,4,0.07021938264369965
43,3,5,0.04578894376754761
43,3,6,0.03221886605024338
43,4,2,0.10184047371149063
43,4,3,0.04750405624508858
43,4,4,0.02749609388411045
43,4,5,0.017929770052433014
43,4,6,0.012616077437996864
43,5,2,0.13902686536312103
43,5,3,0.10299921035766602
43,5,4,0.05961756780743599
43,5,5,0.04692746326327324
43,5,6,0.03301997110247612
43,6,2,0.24538128077983856
43,6,3,0.10073427110910416
43,6,4,0.05486297607421875
43,6,5,0.03290047124028206
43,6,6,0.05430643633008003
43,7,2,0.10050314664840698
43,7,3,0.058701857924461365
43,7,4,0.03397756069898605
43,7,5,0.022156227380037308
43,7,6,0.025558939203619957
43,8,2,0.21664950251579285
43,8,3,0.10105736553668976
43,8,4,0.05849359929561615
43,8,5,0.03814275190234184
43,8,6,0.0497264564037323
43,9,2,0.1121089830994606
43,9,3,0.06681659072637558
43,9,4,0.03639025241136551
43,9,5,0.03144568204879761
43,9,6,0.03262687474489212
43,10,2,0.06100867688655853
43,10,3,0.12389030307531357
43,10,4,0.09238339215517044
43,10,5,0.09641703963279724
43,10,6,0.017237478867173195
43,11,2,0.08662018924951553
43,11,3,0.05130324885249138
43,11,4,0.02969512715935707
43,11,5,0.01936372183263302
43,11,6,0.016785195097327232
44,0,2,0.12016596645116806
44,0,3,0.08209765702486038
44,0,4,0.04497356340289116
44,0,5,0.0293265487998724
44,0,6,0.02063528448343277
44,1,2,0.13922610878944397
44,1,3,0.11178486794233322
44,1,4,0.07046686112880707
44,1,5,0.03440993279218674
44,1,6,0.024212146177887917
44,2,2,0.09920309484004974
44,2,3,0.08965763449668884
44,2,4,0.049241214990615845
44,2,5,0.03210941702127457
44,2,6,0.0225934237241745
44,3,2,0.13991647958755493
44,3,3,0.1378306746482849
44,3,4,0.09312579035758972
44,3,5,0.06388905644416809
44,3,6,0.056275978684425354
44,4,2,0.1382460743188858
44,4,3,0.0779542475938797
44,4,4,0.045121148228645325
44,4,5,0.029422782361507416
44,4,6,0.07546839863061905
44,5,2,0.1317969113588333
44,5,3,0.11153348535299301
44,5,4,0.06664713472127914
44,5,5,0.05010775476694107
44,5,6,0.03525774925947189
44,6,2,0.23924174904823303
44,6,3,0.1998513638973236
44,6,4,0.09640051424503326
44,6,5,0.07146495580673218
44,6,6,0.06634064763784409
44,7,2,0.08661831170320511
44,7,3,0.040403593331575394
44,7,4,0.023386234417557716
44,7,5,0.015249793417751789
44,7,6,0.01073034293949604
44,8,2,0.18953090906143188
44,8,3,0.11811584234237671
44,8,4,0.06836731731891632
44,8,5,0.04458123818039894
44,8,6,0.031369082629680634
44,9,2,0.12372489273548126
44,9,3,0.057712163776159286
44,9,4,0.03340471535921097
44,9,5,0.021782681345939636
44,9,6,0.02606571465730667
44,10,2,0.15482231974601746
44,10,3,0.09188622981309891
44,10,4,0.06293309479951859
44,10,5,0.06518708914518356
44,10,6,0.030066348612308502
44,11,2,0.15879885852336884
44,11,3,0.07999411970376968
44,11,4,0.05853530392050743
44,11,5,0.04385840892791748
44,11,6,0.03528088331222534
45,0,2,0.17167462408542633
45,0,3,0.1269008070230484
45,0,4,0.11745268851518631
45,0,5,0.07658903300762177
45,0,6,0.06374751776456833
45,1,2,0.11429587751626968
45,1,3,0.2265930324792862
45,1,4,0.09142863750457764
45,1,5,0.04833851382136345
45,1,6,0.02990136854350567
45,2,2,0.18135754764080048
45,2,3,0.09446068853139877
45,2,4,0.05467533320188522
45,2,5,0.035652920603752136
45,2,6,0.025086769834160805
45,3,2,0.17057013511657715
45,3,3,0.20401470363140106
45,3,4,0.11808692663908005
45,3,5,0.077002614736557
45,3,6,0.05418200418353081
45,4,2,0.15727171301841736
45,4,3,0.0990242287516594
45,4,4,0.09999160468578339
45,4,5,0.05608927458524704
45,4,6,0.039466578513383865
45,5,2,0.15388751029968262
45,5,3,0.0926540344953537
45,5,4,0.06520839780569077
45,5,5,0.042521364986896515
45,5,6,0.029919669032096863
45,6,2,0.20971867442131042
45,6,3,0.15567457675933838
45,6,4,0.03159032016992569
45,6,5,0.0623912438750267
45,6,6,0.038594141602516174
45,7,2,0.2239135503768921
45,7,3,0.10444572567939758
45,7,4,0.0604548305273056
45,7,5,0.03942164033651352
45,7,6,0.02773858606815338
45,8,2,0.18846991658210754
45,8,3,0.10171046853065491
45,8,4,0.09418195486068726
45,8,5,0.06141456216573715
45,8,6,0.043213654309511185
45,9,2,0.1307513266801834
45,9,3,0.25344938039779663
45,9,4,0.17371942102909088
45,9,5,0.1476679891347885
45,9,6,0.09134487062692642
45,10,2,0.29831692576408386
45,10,3,0.18661488592624664
45,10,4,0.12439882010221481
45,10,5,0.09091958403587341
45,10,6,0.05913262441754341
45,11,2,0.06604234129190445
45,11,3,0.1875971555709839
45,11,4,0.16625268757343292
45,11,5,0.0826389491558075
45,11,6,0.05511154234409332
46,0,2,0.1631726175546646
46,0,3,0.10818986594676971
46,0,4,0.09345153719186783
46,0,5,0.07852455973625183
46,0,6,0.0648040845990181
46,1,2,0.19138987362384796
46,1,3,0.10514882951974869
46,1,4,0.08223520219326019
46,1,5,0.09370627999305725
46,1,6,0.06593534350395203
46,2,2,0.2110361009836197
46,2,3,0.09843895584344864
46,2,4,0.0569780208170414
46,2,5,0.03715446963906288
46,2,6,0.026143314316868782
46,3,2,0.13421395421028137
46,3,3,0.1124539002776146
46,3,4,0.1096072793006897
46,3,5,0.07147316634654999
46,3,6,0.05320125073194504
46,4,2,0.14302366971969604
46,4,3,0.1130995899438858
46,4,4,0.09003196656703949
46,4,5,0.06508202850818634
46,4,6,0.06450087577104568
46,5,2,0.21325963735580444
46,5,3,0.11470793187618256
46,5,4,0.06922732293605804
46,5,5,0.0498061366379261
46,5,6,0.06483765691518784
46,6,2,0.1891084611415863
46,6,3,0.09869077056646347
46,6,4,0.06426132470369339
46,6,5,0.05235203355550766
46,6,6,0.04157517850399017
46,7,2,0.2217298448085785
46,7,3,0.1869511902332306
46,7,4,0.12427093833684921
46,7,5,0.11391254514455795
46,7,6,0.07030584663152695
46,8,2,0.18291346728801727
46,8,3,0.10530123859643936
46,8,4,0.0549464151263237
46,8,5,0.04973231628537178
46,8,6,0.034993574023246765
46,9,2,0.14816278219223022
46,9,3,0.09466493874788284
46,9,4,0.06997430324554443
46,9,5,0.06353728473186493
46,9,6,0.06831981241703033
46,10,2,0.2269033044576645
46,10,3,0.11278945952653885
46,10,4,0.07003212720155716
46,10,5,0.06372293829917908
46,10,6,0.03869865834712982
46,11,2,0.21041887998580933
46,11,3,0.13301460444927216
46,11,4,0.11062883585691452
46,11,5,0.0699789896607399
46,11,6,0.06302511692047119
47,0,2,0.17969214916229248
47,0,3,0.12254972010850906
47,0,4,0.09663533419370651
47,0,5,0.06301437318325043
47,0,6,0.04433933272957802
47,1,2,0.17292927205562592
47,1,3,0.04401736333966255
47,1,4,0.13336129486560822
47,1,5,0.08987884968519211
47,1,6,0.07017921656370163
47,2,2,0.12956437468528748
47,2,3,0.11880168318748474
47,2,4,0.06876429170370102
47,2,5,0.04484010487794876
47,2,6,0.03155122697353363
47,3,2,0.16394931077957153
47,3,3,0.1374988853931427
47,3,4,0.08828495442867279
47,3,5,0.06897790729999542
47,3,6,0.050379179418087006
47,4,2,0.19258949160575867
47,4,3,0.14413447678089142
47,4,4,0.09625896066427231
47,4,5,0.06276893615722656
47,4,6,0.0551137775182724
47,5,2,0.22695186734199524
47,5,3,0.09002340584993362
47,5,4,0.06660259515047073
47,5,5,0.09256679564714432
47,5,6,0.06661215424537659
47,6,2,0.15063069760799408
47,6,3,0.11998764425516129
47,6,4,0.0736621543765068
47,6,5,0.0441894493997097
47,6,6,0.05671558529138565
47,7,2,0.17414355278015137
47,7,3,0.08587583899497986
47,7,4,0.06973343342542648
47,7,5,0.04547206684947014
47,7,6,0.03713499382138252
47,8,2,0.16182565689086914
47,8,3,0.11306102573871613
47,8,4,0.06728632003068924
47,8,5,0.043876346200704575
47,8,6,0.05008722469210625
47,9,2,0.18686145544052124
47,9,3,0.13197848200798035
47,9,4,0.07639123499393463
47,9,5,0.0765685886144638
47,9,6,0.0538766123354435
47,10,2,0.14976124465465546
47,10,3,0.1031651496887207
47,10,4,0.09238146990537643
47,10,5,0.06188340112566948
47,10,6,0.04354354366660118
47,11,2,0.21681956946849823
47,11,3,0.17477646470069885
47,11,4,0.07301778346300125
47,11,5,0.060333002358675
47,11,6,0.038854192942380905
48,0,2,0.19960756599903107
48,0,3,0.10888063907623291
48,0,4,0.0661952868103981
48,0,5,0.03571034595370293
48,0,6,0.052069395780563354
48,1,2,0.204761803150177
48,1,3,0.09712191671133041
48,1,4,0.06701308488845825
48,1,5,0.03696317970752716
48,1,6,0.06232982873916626
48,2,2,0.13519485294818878
48,2,3,0.1030605286359787
48,2,4,0.07188338786363602
48,2,5,0.08911997079849243
48,2,6,0.03987514600157738
48,3,2,0.10779714584350586
48,3,3,0.09170851111412048
48,3,4,0.05786660313606262
48,3,5,0.03843102976679802
48,3,6,0.04956052824854851
48,4,2,0.11405988037586212
48,4,3,0.08194109797477722
48,4,4,0.047261256724596024
48,4,5,0.030818315222859383
48,4,6,0.021684955805540085
48,5,2,0.17920023202896118
48,5,3,0.10889387130737305
48,5,4,0.05048627778887749
48,5,5,0.03829994797706604
48,5,6,0.09819734841585159
48,6,2,0.15961191058158875
48,6,3,0.11872575432062149
48,6,4,0.01808590069413185
48,6,5,0.05158299580216408
48,6,6,0.05878647789359093
48,7,2,0.14624829590320587
48,7,3,0.06821832805871964
48,7,4,0.10586360841989517
48,7,5,0.05547672137618065
48,7,6,0.010875576175749302
48,8,2,0.13016080856323242
48,8,3,0.0734933614730835
48,8,4,0.08871664106845856
48,8,5,0.057850707322359085
48,8,6,0.04070598632097244
48,9,2,0.06742048263549805
48,9,3,0.1439395248889923
48,9,4,0.060877155512571335
48,9,5,0.08151842653751373
48,9,6,0.05042588338255882
48,10,2,0.1542559117078781
48,10,3,0.08606049418449402
48,10,4,0.06811399757862091
48,10,5,0.039271168410778046
48,10,6,0.03225337341427803
48,11,2,0.1656116396188736
48,11,3,0.10418272018432617
48,11,4,0.08277099579572678
48,11,5,0.04935217276215553
48,11,6,0.04907074570655823
49,0,2,0.06935533136129379
49,0,3,0.2224631905555725
49,0,4,0.11112187802791595
49,0,5,0.06663806736469269
49,0,6,0.04441077262163162
49,1,2,0.1715400218963623
49,1,3,0.13591238856315613
49,1,4,0.0936037003993988
49,1,5,0.06103748828172684
49,1,6,0.04294833168387413
49,2,2,0.1811404973268509
49,2,3,0.08449399471282959
49,2,4,0.13010971248149872
49,2,5,0.0848424881696701
49,2,6,0.059698447585105896
49,3,2,0.21752630174160004
49,3,3,0.16290783882141113
49,3,4,0.08607654273509979
49,3,5,0.06650503724813461
49,3,6,0.04679550603032112
49,4,2,0.13108691573143005
49,4,3,0.1058046743273735
49,4,4,0.06124142184853554
49,4,5,0.039934564381837845
49,4,6,0.02809949591755867
49,5,2,0.13464021682739258
49,5,3,0.17656686902046204
49,5,4,0.10219968855381012
49,5,5,0.06664279848337173
49,5,6,0.0468924418091774
49,6,2,0.1956910640001297
49,6,3,0.126239612698555
49,6,4,0.10998807847499847
49,6,5,0.11787708103656769
49,6,6,0.07855889201164246
49,7,2,0.1864277869462967
49,7,3,0.11282811313867569
49,7,4,0.03574743494391441
49,7,5,0.11003494262695312
49,7,6,0.0733325183391571
49,8,2,0.18522851169109344
49,8,3,0.14808934926986694
49,8,4,0.08571645617485046
49,8,5,0.05589434131979942
49,8,6,0.0393294133245945
49,9,2,0.14103692770004272
49,9,3,0.09292250126600266
49,9,4,0.11980228871107101
49,9,5,0.07812117040157318
49,9,6,0.05496906861662865
49,10,2,0.10555610805749893
49,10,3,0.1543332040309906
49,10,4,0.1647977977991104
49,10,5,0.10525599122047424
49,10,6,0.018817707896232605
49,11,2,0.07710888236761093
49,11,3,0.18494878709316254
49,11,4,0.11408170312643051
49,11,5,0.06031524017453194
49,11,6,0.03730996698141098
50,0,2,0.17708773910999298
50,0,3,0.11052604019641876
50,0,4,0.09025570750236511
50,0,5,0.05885431542992592
50,0,6,0.041412170976400375
50,1,2,0.1840963214635849
50,1,3,0.13599617779254913
50,1,4,0.07943742722272873
50,1,5,0.05872564762830734
50,1,6,0.04132162779569626
50,2,2,0.20486105978488922
50,2,3,0.11883697658777237
50,2,4,0.09219177812337875
50,2,5,0.05078555643558502
50,2,6,0.03384590521454811
50,3,2,0.1836281567811966
50,3,3,0.12282541394233704
50,3,4,0.07109328359365463
50,3,5,0.046358801424503326
50,3,6,0.03261984884738922
50,4,2,0.16494272649288177
50,4,3,0.0769384577870369
50,4,4,0.04453319311141968
50,4,5,0.02903939038515091
50,4,6,0.02043323591351509
50,5,2,0.15470454096794128
50,5,3,0.09024462103843689
50,5,4,0.07493222504854202
50,5,5,0.04886212199926376
50,5,6,0.05972592905163765
50,6,2,0.15157583355903625
50,6,3,0.11096572130918503
50,6,4,0.0776064544916153
50,6,5,0.05060593783855438
50,6,6,0.035608287900686264
50,7,2,0.1347084939479828
50,7,3,0.1036614179611206
50,7,4,0.06000085920095444
50,7,5,0.03912561386823654
50,7,6,0.027530286461114883
50,8,2,0.14423616230487823
50,8,3,0.10886804014444351
50,8,4,0.06287556141614914
50,8,5,0.07110513746738434
50,8,6,0.05003230646252632
50,9,2,0.17386658489704132
50,9,3,0.11144819110631943
50,9,4,0.06450797617435455
50,9,5,0.04206462949514389
50,9,6,0.0295982975512743
50,10,2,0.18400143086910248
50,10,3,0.10597440600395203
50,10,4,0.06848643720149994
50,10,5,0.047165196388959885
50,10,6,0.03279810771346092
50,11,2,0.16771824657917023
50,11,3,0.08663281798362732
50,11,4,0.08799926936626434
50,11,5,0.05738292634487152
50,11,6,0.04037683829665184
51,0,2,0.03326945751905441
51,0,3,0.0319858156144619
51,0,4,0.09043164551258087
51,0,5,0.05095991492271423
51,0,6,0.05198498070240021
51,1,2,0.13633129000663757
51,1,3,0.09712778031826019
51,1,4,0.06795763969421387
51,1,5,0.04431409761309624
51,1,6,0.031181108206510544
51,2,2,0.07729379832744598
51,2,3,0.07601532340049744
51,2,4,0.03758583590388298
51,2,5,0.0245091263204813
51,2,6,0.03823447227478027
51,3,2,0.19561056792736053
51,3,3,0.10711947828531265
51,3,4,0.06593749672174454
51,3,5,0.052782900631427765
51,3,6,0.03511740639805794
51,4,2,0.1066153347492218
51,4,3,0.12187480181455612
51,4,4,0.07554032653570175
51,4,5,0.049258649349212646
51,4,6,0.03466028347611427
51,5,2,0.12833915650844574
51,5,3,0.05622071027755737
51,5,4,0.05552886798977852
51,5,5,0.05720311775803566
51,5,6,0.04025031253695488
51,6,2,0.1515139788389206
51,6,3,0.07067453861236572
51,6,4,0.04090753570199013
51,6,5,0.026675157248973846
51,6,6,0.01876966841518879
51,7,2,0.17993497848510742
51,7,3,0.11537342518568039
51,7,4,0.01846570521593094
51,7,5,0.02101602405309677
51,7,6,0.022996995598077774
51,8,2,0.1085754930973053
51,8,3,0.06217224895954132
51,8,4,0.054238658398389816
51,8,5,0.04224120453000069
51,8,6,0.0297225434333086
51,9,2,0.14097893238067627
51,9,3,0.07281429320573807
51,9,4,0.04088960960507393
51,9,5,0.04365548491477966
51,9,6,0.043605703860521317
51,10,2,0.12953971326351166
51,10,3,0.08930134028196335
51,10,4,0.0739540234208107
51,10,5,0.05818356201052666
51,10,6,0.053968194872140884
51,11,2,0.13288700580596924
51,11,3,0.11568289995193481
51,11,4,0.08868288993835449
51,11,5,0.05105004459619522
51,11,6,0.061676766723394394
52,0,2,0.23427017033100128
52,0,3,0.1194925606250763
52,0,4,0.08248727768659592
52,0,5,0.0494663342833519
52,0,6,0.03296671807765961
52,1,2,0.09507393091917038
52,1,3,0.17051059007644653
52,1,4,0.12986667454242706
52,1,5,0.06866078823804855
52,1,6,0.04247237741947174
52,2,2,0.09894996881484985
52,2,3,0.07693876326084137
52,2,4,0.0445333756506443
52,2,5,0.02903950773179531
52,2,6,0.020433319732546806
52,3,2,0.1793016642332077
52,3,3,0.08135902136564255
52,3,4,0.04709189012646675
52,3,5,0.03070788085460663
52,3,6,0.02160724624991417
52,4,2,0.14735640585422516
52,4,3,0.15050700306892395
52,4,4,0.08711583912372589
52,4,5,0.06271574646234512
52,4,6,0.04412921518087387
52,5,2,0.17876915633678436
52,5,3,0.08875488489866257
52,5,4,0.05137273296713829
52,5,5,0.06505419313907623
52,5,6,0.047562308609485626
52,6,2,0.2133568674325943
52,6,3,0.12652181088924408
52,6,4,0.0631985068321228
52,6,5,0.037899162620306015
52,6,6,0.02525780163705349
52,7,2,0.1766306310892105
52,7,3,0.08239033818244934
52,7,4,0.04768883064389229
52,7,5,0.03109711967408657
52,7,6,0.04406376928091049
52,8,2,0.22870151698589325
52,8,3,0.10667909681797028
52,8,4,0.06174754723906517
52,8,5,0.04026459529995918
52,8,6,0.02833172306418419
52,9,2,0.08333086967468262
52,9,3,0.18926191329956055
52,9,4,0.13166263699531555
52,9,5,0.06961031258106232
52,9,6,0.043059736490249634
52,10,2,0.05902499333024025
52,10,3,0.11230084300041199
52,10,4,0.10879769921302795
52,10,5,0.07271559536457062
52,10,6,0.062392573803663254
52,11,2,0.12907396256923676
52,11,3,0.10802842676639557
52,11,4,0.0625285655260086
52,11,5,0.04077387973666191
52,11,6,0.07787734270095825
53,0,2,0.1716286689043045
53,0,3,0.11595026403665543
53,0,4,0.06711383908987045
53,0,5,0.04403664916753769
53,0,6,0.033432476222515106
53,1,2,0.19086702167987823
53,1,3,0.16272270679473877
53,1,4,0.09418646991252899
53,1,5,0.061417512595653534
53,1,6,0.043215714395046234
53,2,2,0.12554584443569183
53,2,3,0.0839550644159317
53,2,4,0.06761745363473892
53,2,5,0.05225934088230133
53,2,6,0.08416067808866501
53,3,2,0.18042267858982086
53,3,3,0.15882150828838348
53,3,4,0.0919284000992775
53,3,5,0.07001940906047821
53,3,6,0.04455733671784401
53,4,2,0.1757631152868271
53,4,3,0.08198568224906921
53,4,4,0.08496671169996262
53,4,5,0.055405452847480774
53,4,6,0.03898540511727333
53,5,2,0.208641916513443
53,5,3,0.12079674750566483
53,5,4,0.06991906464099884
53,5,5,0.04982532560825348
53,5,6,0.08386904746294022
53,6,2,0.14233911037445068
53,6,3,0.12461582571268082
53,6,4,0.07212961465120316
53,6,5,0.047034572809934616
53,6,6,0.04738122224807739
53,7,2,0.14130958914756775
53,7,3,0.16860759258270264
53,7,4,0.09759274125099182
53,7,5,0.07897532731294632
53,7,6,0.04830009117722511
53,8,2,0.15069161355495453
53,8,3,0.12141554057598114
53,8,4,0.07027723640203476
53,8,5,0.04582666605710983
53,8,6,0.03224540874361992
53,9,2,0.17199289798736572
53,9,3,0.15950754284858704
53,9,4,0.09354926645755768
53,9,5,0.061001989990472794
53,9,6,0.042923346161842346
53,10,2,0.374846875667572
53,10,3,0.12288132309913635
53,10,4,0.15753361582756042
53,10,5,0.09447045624256134
53,10,6,0.06295961141586304
53,11,2,0.12004861235618591
53,11,3,0.11774879693984985
53,11,4,0.08750911056995392
53,11,5,0.05706330016255379
53,11,6,0.040151938796043396
54,0,2,0.1809021681547165
54,0,3,0.06014206260442734
54,0,4,0.030041368678212166
54,0,5,0.018015338107943535
54,0,6,0.01200628187507391
54,1,2,0.1822277009487152
54,1,3,0.026325896382331848
54,1,4,0.12934119999408722
54,1,5,0.0700489953160286
54,1,6,0.04668397456407547
54,2,2,0.09675795584917068
54,2,3,0.04513327404856682
54,2,4,0.026123860850930214
54,2,5,0.017034955322742462
54,2,6,0.011986447498202324
54,3,2,0.2178843468427658
54,3,3,0.11079701781272888
54,3,4,0.06413105875253677
54,3,5,0.041818853467702866
54,3,6,0.029425354674458504
54,4,2,0.137791708111763
54,4,3,0.06427370756864548
54,4,4,0.037202633917331696
54,4,5,0.02425924874842167
54,4,6,0.0170697420835495
54,5,2,0.1315097063779831
54,5,3,0.09618725627660751
54,5,4,0.05567470192909241
54,5,5,0.03630458936095238
54,5,6,0.025545308366417885
54,6,2,0.10871521383523941
54,6,3,0.05071082338690758
54,6,4,0.029352223500609398
54,6,5,0.04681120812892914
54,6,6,0.019929228350520134
54,7,2,0.09003886580467224
54,7,3,0.04199913144111633
54,7,4,0.02430976741015911
54,7,5,0.015852004289627075
54,7,6,0.011154090985655785
54,8,2,0.19737176597118378
54,8,3,0.20180146396160126
54,8,4,0.10080121457576752
54,8,5,0.06044892221689224
54,8,6,0.04028603062033653
54,9,2,0.04991866648197174
54,9,3,0.03545621410012245
54,9,4,0.08814321458339691
54,9,5,0.04660151153802872
54,9,6,0.028826886788010597
54,10,2,0.04007362201809883
54,10,3,0.10650160163640976
54,10,4,0.08397366106510162
54,10,5,0.09048192948102951
54,10,6,0.07583049684762955
54,11,2,0.15126650035381317
54,11,3,0.01662384159862995
54,11,4,0.041326433420181274
54,11,5,0.02184937335550785
54,11,6,0.05370217189192772
55,0,2,0.1633286327123642
55,0,3,0.0773511752486229
55,0,4,0.07574243098497391
55,0,5,0.03702067583799362
55,0,6,0.0260491780936718
55,1,2,0.23093195259571075
55,1,3,0.18470381200313568
55,1,4,0.09226081520318985
55,1,5,0.05532737076282501
55,1,6,0.03687279298901558
55,2,2,0.20315590500831604
55,2,3,0.09476320445537567
55,2,4,0.05485043674707413
55,2,5,0.03576710447669029
55,2,6,0.07791338115930557
55,3,2,0.202284574508667
55,3,3,0.10985133051872253
55,3,4,0.06692755222320557
55,3,5,0.057406093925237656
55,3,6,0.05309252440929413
55,4,2,0.1367616504430771
55,4,3,0.08258570730686188
55,4,4,0.0478019155561924
55,4,5,0.03117087110877037
55,4,6,0.02193302847445011
55,5,2,0.1424829512834549
55,5,3,0.11312642693519592
55,5,4,0.06547936052083969
55,5,5,0.042698051780462265
55,5,6,0.03004399500787258
55,6,2,0.1815960705280304
55,6,3,0.13529114425182343
55,6,4,0.07830864936113358
55,6,5,0.05106382444500923
55,6,6,0.03593048080801964
55,7,2,0.18038198351860046
55,7,3,0.11266158521175385
55,7,4,0.06521030515432358
55,7,5,0.0425226092338562
55,7,6,0.029920544475317
55,8,2,0.10148311406373978
55,8,3,0.09138990193605423
55,8,4,0.03636734187602997
55,8,5,0.04307246953248978
55,8,6,0.03329404070973396
55,9,2,0.2026570737361908
55,9,3,0.1118963435292244
55,9,4,0.06476737558841705
55,9,5,0.042233776301145554
55,9,6,0.02971731126308441
55,10,2,0.1849689781665802
55,10,3,0.15845893323421478
55,10,4,0.09115006774663925
55,10,5,0.05378604307770729
55,10,6,0.03584557771682739
55,11,2,0.19806277751922607
55,11,3,0.11908172070980072
55,11,4,0.0689263865351677
55,11,5,0.04494579881429672
55,11,6,0.03162560239434242
56,0,2,0.21219906210899353
56,0,3,0.1352526694536209
56,0,4,0.0844520851969719
56,0,5,0.051155995577573776
56,0,6,0.03599533066153526
56,1,2,0.18247513473033905
56,1,3,0.08058064430952072
56,1,4,0.07614587992429733
56,1,5,0.04965352639555931
56,1,6,0.03493814542889595
56,2,2,0.12903453409671783
56,2,3,0.06018887460231781
56,2,4,0.03483826667070389
56,2,5,0.022717485204339027
56,2,6,0.01598489284515381
56,3,2,0.1386604905128479
56,3,3,0.06467895954847336
56,3,4,0.03743720427155495
56,3,5,0.024412207305431366
56,3,6,0.017177369445562363
56,4,2,0.2607654631137848
56,4,3,0.050473012030124664
56,4,4,0.12547458708286285
56,4,5,0.07678384333848953
56,4,6,0.04837459698319435
56,5,2,0.17528025805950165
56,5,3,0.132886603474617
56,5,4,0.07215453684329987
56,5,5,0.047050826251506805
56,5,6,0.03310678154230118
56,6,2,0.11431009322404861
56,6,3,0.08979598432779312
56,6,4,0.05197534337639809
56,6,5,0.03389228507876396
56,6,6,0.028618043288588524
56,7,2,0.14413493871688843
56,7,3,0.10755105316638947
56,7,4,0.06225224956870079
56,7,5,0.0405937023460865
56,7,6,0.034416619688272476
56,8,2,0.11142081022262573
56,8,3,0.08424728363752365
56,8,4,0.0825805515050888
56,8,5,0.049581076949834824
56,8,6,0.06152375042438507
56,9,2,0.1865958869457245
56,9,3,0.0982968807220459
56,9,4,0.061693254858255386
56,9,5,0.0402291938662529
56,9,6,0.035876624286174774
56,10,2,0.1799994260072708
56,10,3,0.03634439781308174
56,10,4,0.08324528485536575
56,10,5,0.049920909106731415
56,10,6,0.040786873549222946
56,11,2,0.10638104379177094
56,11,3,0.08582885563373566
56,11,4,0.09103301167488098
56,11,5,0.058403030037879944
56,11,6,0.03625720739364624
57,0,2,0.1874699741601944
57,0,3,0.07760588079690933
57,0,4,0.047979842871427536
57,0,5,0.03128689527511597
57,0,6,0.02220841683447361
57,1,2,0.08237318694591522
57,1,3,0.14841391146183014
57,1,4,0.044674091041088104
57,1,5,0.03732283413410187
57,1,6,0.030256299301981926
57,2,3,0.13031058013439178
57,2,4,0.08279125392436981
57,2,5,0.059136852622032166
57,2,6,0.031202372163534164
57,3,2,0.19672198593616486
57,3,3,0.08565954864025116
57,3,4,0.06765788793563843
57,3,5,0.04529411718249321
57,3,6,0.031870678067207336
57,4,2,0.16192404925823212
57,4,3,0.11455205082893372
57,4,4,0.08327502012252808
57,4,5,0.05468196049332619
57,4,6,0.0381995253264904
57,5,2,0.1937442421913147
57,5,3,0.0934409499168396
57,5,4,0.05704347416758537
57,5,5,0.03624008968472481
57,5,6,0.025499913841485977
57,6,2,0.18034560978412628
57,6,3,0.0916106328368187
57,6,4,0.053025681525468826
57,6,5,0.034577202051877975
57,6,6,0.024329854175448418
57,7,2,0.17292432487010956
57,7,3,0.08403866738080978
57,7,4,0.04864290729165077
57,7,5,0.03171926736831665
57,7,6,0.022318899631500244
57,8,2,0.25824734568595886
57,8,3,0.13152506947517395
57,8,4,0.06948069483041763
57,8,5,0.05462750792503357
57,8,6,0.03644319251179695
57,9,2,0.17483393847942352
57,9,3,0.1113637313246727
57,9,4,0.06445907801389694
57,9,5,0.04203273728489876
57,9,6,0.029575860127806664
57,10,2,0.11824828386306763
57,10,3,0.20513403415679932
57,10,4,0.17974242568016052
57,10,5,0.03372091054916382
57,10,6,0.08492046594619751
57,11,2,0.14588437974452972
57,11,3,0.030984336510300636
57,11,4,0.11032962054014206
57,11,5,0.08953702449798584
57,11,6,0.07349181175231934
58,0,2,0.05171862989664078
58,0,3,0.04631045088171959
58,0,4,0.11413369327783585
58,0,5,0.020482834428548813
58,0,6,0.024077042937278748
58,1,2,0.12551552057266235
58,1,3,0.027307569980621338
58,1,4,0.15120790898799896
58,1,5,0.026361554861068726
58,1,6,0.09077691286802292
58,2,2,0.17807769775390625
58,2,3,0.09430951625108719
58,2,4,0.11275187134742737
58,2,5,0.07647605240345001
58,2,6,0.058743979781866074
58,3,2,0.18292678892612457
58,3,3,0.1437932252883911
58,3,4,0.1084112897515297
58,3,5,0.07634913921356201
58,3,6,0.051618725061416626
58,4,2,0.1783936768770218
58,4,3,0.11352722346782684
58,4,4,0.06780381500720978
58,4,5,0.04658086225390434
58,4,6,0.03582380712032318
58,5,2,0.15258194506168365
58,5,3,0.12869752943515778
58,5,4,0.08356945961713791
58,5,5,0.08016207814216614
58,5,6,0.046629831194877625
58,6,2,0.07487531006336212
58,6,3,0.18892163038253784
58,6,4,0.12256898730993271
58,6,5,0.08383270353078842
58,6,6,0.0601511225104332
58,7,2,0.33644115924835205
58,7,3,0.13884557783603668
58,7,4,0.1836368441581726
58,7,5,0.11619594693183899
58,7,6,0.1117931380867958
58,8,2,0.29411306977272034
58,8,3,0.12196127325296402
58,8,4,0.1158701553940773
58,8,5,0.06948552280664444
58,8,6,0.04630846157670021
58,9,2,0.1935434639453888
58,9,3,0.16036653518676758
58,9,4,0.12351435422897339
58,9,5,0.07775622606277466
58,9,6,0.07348445802927017
58,10,2,0.10767225176095963
58,10,3,0.10343676060438156
58,10,4,0.06369505822658539
58,10,5,0.22960568964481354
58,10,6,0.04313894733786583
58,11,2,0.2767179310321808
58,11,3,0.21749603748321533
58,11,4,0.12261054664850235
58,11,5,0.09291926771402359
58,11,6,0.06981980055570602
59,0,2,0.17910484969615936
59,0,3,0.13563571870326996
59,0,4,0.10202343016862869
59,0,5,0.06181650608778
59,0,6,0.043564338237047195
59,1,2,0.09340731054544449
59,1,3,0.07878593355417252
59,1,4,0.07087350636720657
59,1,5,0.06762715429067612
59,1,6,0.012748525477945805
59,2,2,0.0966489315032959
59,2,3,0.06499972939491272
59,2,4,0.03897133097052574
59,2,5,0.05908958613872528
59,2,6,0.01680264063179493
59,3,2,0.22899191081523895
59,3,3,0.16487793624401093
59,3,4,0.09377536177635193
59,3,5,0.11995118856430054
59,3,6,0.0856582298874855
59,4,2,0.12610571086406708
59,4,3,0.05882271006703377
59,4,4,0.03404751792550087
59,4,5,0.022201841697096825
59,4,6,0.015622076578438282
59,5,2,0.07571034878492355
59,5,3,0.18285313248634338
59,5,4,0.1402929276227951
59,5,5,0.08105433732271194
59,5,6,0.05857238918542862
59,6,2,0.08957427740097046
59,6,3,0.15702158212661743
59,6,4,0.10142004489898682
59,6,5,0.06338239461183548
59,6,6,0.04716275632381439
59,7,2,0.2458120882511139
59,7,3,0.15264737606048584
59,7,4,0.09292013198137283
59,7,5,0.0922943726181984
59,7,6,0.05720686540007591
59,8,2,0.15072301030158997
59,8,3,0.1248040422797203
59,8,4,0.06527241319417953
59,8,5,0.06205751746892929
59,8,6,0.04092547297477722
59,9,2,0.06022097170352936
59,9,3,0.050399381667375565
59,9,4,0.029171952977776527
59,9,5,0.019022570922970772
59,9,6,0.013385016471147537
59,10,2,0.22773298621177673
59,10,3,0.12343508005142212
59,10,4,0.0818684995174408
59,10,5,0.04812316969037056
59,10,6,0.032071564346551895
59,11,2,0.20675340294837952
59,11,3,0.130718395113945
59,11,4,0.12274006009101868
59,11,5,0.06398029625415802
59,11,6,0.07229487597942352
60,0,2,0.1806679219007492
60,0,3,0.0803302451968193
60,0,4,0.06964842975139618
60,0,5,0.04702303931117058
60,0,6,0.03211379051208496
60,1,2,0.2221883237361908
60,1,3,0.14305303990840912
60,1,4,0.08280136436223984
60,1,5,0.053993456065654755
60,1,6,0.03799187391996384
60,2,2,0.1322573572397232
60,2,3,0.10067099332809448
60,2,4,0.058269958943128586
60,2,5,0.07281791418790817
60,2,6,0.05123748630285263
60,3,2,0.13514681160449982
60,3,3,0.10726028680801392
60,3,4,0.06208394840359688
60,3,5,0.040483955293893814
60,3,6,0.05376771464943886
60,4,2,0.13508090376853943
60,4,3,0.0655592679977417
60,4,4,0.03794673830270767
60,4,5,0.024744471535086632
60,4,6,0.01741115376353264
60,5,2,0.11045809835195541
60,5,3,0.08754128962755203
60,5,4,0.059359945356845856
60,5,5,0.0387076735496521
60,5,6,0.0473179928958416
60,6,2,0.11948288232088089
60,6,3,0.060441311448812485
60,6,4,0.06370570510625839
60,6,5,0.04595593735575676
60,6,6,0.0433165542781353
60,7,2,0.1277780681848526
60,7,3,0.07887142896652222
60,7,4,0.049606241285800934
60,7,5,0.032438963651657104
60,7,6,0.022825302556157112
60,8,2,0.10564631223678589
60,8,3,0.08665898442268372
60,8,4,0.047372590750455856
60,8,5,0.035588428378105164
60,8,6,0.02504139393568039
60,9,2,0.05723932385444641
60,9,3,0.13209137320518494
60,9,4,0.06512726843357086
60,9,5,0.03927714377641678
60,9,6,0.029878631234169006
60,10,2,0.12090079486370087
60,10,3,0.11149812489748001
60,10,4,0.06972760707139969
60,10,5,0.04129868745803833
60,10,6,0.0390966571867466
60,11,2,0.0803258940577507
60,11,3,0.03311048820614815
60,11,4,0.0997551679611206
60,11,5,0.05982162430882454
60,11,6,0.03986797481775284
61,0,2,0.11111650615930557
61,0,3,0.02715221233665943
61,0,4,0.08817728608846664
61,0,5,0.0913098007440567
61,0,6,0.05830053612589836
61,1,2,0.09613819420337677
61,1,3,0.06350637227296829
61,1,4,0.0475105419754982
61,1,5,0.06014392152428627
61,1,6,0.058943841606378555
61,2,2,0.16683371365070343
61,2,3,0.09373385459184647
61,2,4,0.09340081363916397
61,2,5,0.07027379423379898
61,2,6,0.04526643455028534
61,3,2,0.12019054591655731
61,3,3,0.08752619475126266
61,3,4,0.0562082901597023
61,3,5,0.034976255148649216
61,3,6,0.024610640481114388
61,4,2,0.24385590851306915
61,4,3,0.08725886791944504
61,4,4,0.08501133322715759
61,4,5,0.025336945429444313
61,4,6,0.0648503378033638
61,5,2,0.1220913976430893
61,5,3,0.1092485561966896
61,5,4,0.05520383641123772
61,5,5,0.08548267930746078
61,5,6,0.06586552411317825
61,6,2,0.15963372588157654
61,6,3,0.08469321578741074
61,6,4,0.021795039996504784
61,6,5,0.062106914818286896
61,6,6,0.07119762152433395
61,7,2,0.08145022392272949
61,7,3,0.05911310762166977
61,7,4,0.21724382042884827
61,7,5,0.04027394577860832
61,7,6,0.12196964770555496
61,8,2,0.10665858536958694
61,8,3,0.06538685411214828
61,8,4,0.06565636396408081
61,8,5,0.056128278374671936
61,8,6,0.04339165985584259
61,9,2,0.060575276613235474
61,9,3,0.04451220855116844
61,9,4,0.02857501618564129
61,9,5,0.11236932873725891
61,9,6,0.07043604552745819
61,10,2,0.10395436733961105
61,10,3,0.063063845038414
61,10,4,0.19244036078453064
61,10,5,0.13863316178321838
61,10,6,0.02281228080391884
61,11,2,0.17141829431056976
61,11,3,0.13059601187705994
61,11,4,0.09077559411525726
61,11,5,0.08503126353025436
61,11,6,0.05617808923125267
62,0,2,0.12923899292945862
62,0,3,0.1114383265376091
62,0,4,0.1289271116256714
62,0,5,0.09133033454418182
62,0,6,0.07222031056880951
62,1,2,0.055245984345674515
62,1,3,0.18977750837802887
62,1,4,0.09462729096412659
62,1,5,0.06235578656196594
62,1,6,0.044426411390304565
62,2,2,0.12909634411334991
62,2,3,0.10801683366298676
62,2,4,0.10624178498983383
62,2,5,0.05704766511917114
62,2,6,0.04607092961668968
62,3,2,0.05600094050168991
62,3,3,0.05572284385561943
62,3,4,0.1470390260219574
62,3,5,0.09983072429895401
62,3,6,0.0829370766878128
62,4,2,0.14870783686637878
62,4,3,0.15521347522735596
62,4,4,0.06347272545099258
62,4,5,0.04138955846428871
62,4,6,0.037696532905101776
62,5,2,0.1965981125831604
62,5,3,0.09083641320466995
62,5,4,0.06042831763625145
62,5,5,0.05040646344423294
62,5,6,0.03236272558569908
62,6,2,0.17532113194465637
62,6,3,0.11300714313983917
62,6,4,0.09210081398487091
62,6,5,0.1118900328874588
62,6,6,0.058886654675006866
62,7,2,0.13113044202327728
62,7,3,0.15018494427204132
62,7,4,0.02916049398481846
62,7,5,0.111143097281456
62,7,6,0.09082097560167313
62,8,2,0.06372854858636856
62,8,3,0.1640319675207138
62,8,4,0.1420111060142517
62,8,5,0.10110336542129517
62,8,6,0.06814099848270416
62,9,2,0.14512740075588226
62,9,3,0.09403985738754272
62,9,4,0.12040917575359344
62,9,5,0.09065870195627213
62,9,6,0.05608924478292465
62,10,2,0.14289605617523193
62,10,3,0.10506768524646759
62,10,4,0.0943361446261406
62,10,5,0.11185041069984436
62,10,6,0.08101419359445572
62,11,2,0.19817018508911133
62,11,3,0.10269279032945633
62,11,4,0.1122753769159317
62,11,5,0.1008606031537056
62,11,6,0.07630007714033127
63,0,2,0.33004507422447205
63,0,3,0.1874716728925705
63,0,4,0.09364337474107742
63,0,5,0.05615647882223129
63,0,6,0.03742535039782524
63,1,2,0.2068404108285904
63,1,3,0.19121523201465607
63,1,4,0.09551331400871277
63,1,5,0.05727783963084221
63,1,6,0.038172684609889984
63,2,2,0.1878289431333542
63,2,3,0.11973261833190918
63,2,4,0.08042550832033157
63,2,5,0.05244419723749161
63,2,6,0.03690176084637642
63,3,2,0.23702281713485718
63,3,3,0.15986981987953186
63,3,4,0.07985606789588928
63,3,5,0.047888439148664474
63,3,6,0.03191513195633888
63,4,2,0.2047373354434967
63,4,3,0.0955008715391159
63,4,4,0.05527740716934204
63,4,5,0.0601445809006691
63,4,6,0.028947055339813232
63,5,2,0.13651271164417267
63,5,3,0.10217280685901642
63,5,4,0.06542449444532394
63,5,5,0.04266226664185524
63,5,6,0.030018819496035576
63,6,2,0.15211059153079987
63,6,3,0.29518669843673706
63,6,4,0.19610318541526794
63,6,5,0.10368016362190247
63,6,6,0.08920253813266754
63,7,2,0.19106511771678925
63,7,3,0.13706961274147034
63,7,4,0.06846720725297928
63,7,5,0.04105871915817261
63,7,6,0.027363481000065804
63,8,2,0.18081015348434448
63,8,3,0.12000812590122223
63,8,4,0.06946258991956711
63,8,5,0.045295458287000656
63,8,6,0.03187163174152374
63,9,2,0.1737240105867386
63,9,3,0.09275487065315247
63,9,4,0.07473800331354141
63,9,5,0.07197677344083786
63,9,6,0.05064563453197479
63,10,2,0.20526432991027832
63,10,3,0.16031093895435333
63,10,4,0.0903150662779808
63,10,5,0.016774188727140427
63,10,6,0.05366414040327072
63,11,2,0.26553452014923096
63,11,3,0.17269521951675415
63,11,4,0.09150499105453491
63,11,5,0.054370950907468796
63,11,6,0.03623538836836815
64,0,2,0.18818877637386322
64,0,3,0.03402891755104065
64,0,4,0.13371028006076813
64,0,5,0.07083635777235031
64,0,6,0.05616077035665512
64,1,2,0.23798418045043945
64,1,3,0.17660830914974213
64,1,4,0.09818059206008911
64,1,5,0.07641302794218063
64,1,6,0.08461259305477142
64,2,2,0.09582588821649551
64,2,3,0.11060693114995956
64,2,4,0.06385403871536255
64,2,5,0.04163820669054985
64,2,6,0.06574375182390213
64,3,2,0.2090674638748169
64,3,3,0.09752067923545837
64,3,4,0.0817689448595047
64,3,5,0.10056419670581818
64,3,6,0.08424767106771469
64,4,2,0.14338743686676025
64,4,3,0.07520849257707596
64,4,4,0.07320442795753479
64,4,5,0.04215896874666214
64,4,6,0.029664674773812294
64,5,2,0.05492890998721123
64,5,3,0.13192161917686462
64,5,4,0.10560331493616104
64,5,5,0.06199412792921066
64,5,6,0.04714488983154297
64,6,2,0.13181860744953156
64,6,3,0.11348465085029602
64,6,4,0.06993912905454636
64,6,5,0.08268772810697556
64,6,6,0.03652682900428772
64,7,2,0.1775747835636139
64,7,3,0.1443260759115219
64,7,4,0.08353821188211441
64,7,5,0.0627068355679512
64,7,6,0.042416077107191086
64,8,2,0.1562061905860901
64,8,3,0.07341485470533371
64,8,4,0.05033211037516594
64,8,5,0.04288364201784134
64,8,6,0.04197341203689575
64,9,2,0.15811100602149963
64,9,3,0.09902019798755646
64,9,4,0.07128635793924332
64,9,5,0.0858917087316513
64,9,6,0.05672368034720421
64,10,2,0.28804802894592285
64,10,3,0.1325588822364807
64,10,4,0.07378800958395004
64,10,5,0.07803439348936081
64,10,6,0.0658506453037262
64,11,2,0.25155210494995117
64,11,3,0.15232539176940918
64,11,4,0.07372456043958664
64,11,5,0.07864364236593246
64,11,6,0.08981749415397644
65,0,2,0.16704630851745605
65,0,3,0.12954704463481903
65,0,4,0.07678579539060593
65,0,5,0.07215983420610428
65,0,6,0.06247948855161667
65,1,2,0.2040075659751892
65,1,3,0.14075222611427307
65,1,4,0.09154544025659561
65,1,5,0.07752526551485062
65,1,6,0.07022438198328018
65,2,2,0.11632347106933594
65,2,3,0.11454770714044571
65,2,4,0.07331111282110214
65,2,5,0.061329133808612823
65,2,6,0.04470811411738396
65,3,2,0.17048926651477814
65,3,3,0.09200580418109894
65,3,4,0.07574146240949631
65,3,5,0.049389809370040894
65,3,6,0.03475257009267807
65,4,2,0.16830354928970337
65,4,3,0.1053556427359581
65,4,4,0.06098150834441185
65,4,5,0.03976507484912872
65,4,6,0.027980243787169456
65,5,2,0.16883738338947296
65,5,3,0.11865939944982529
65,5,4,0.06894293427467346
65,5,5,0.08095201104879379
65,5,6,0.056960947811603546
65,6,2,0.18824999034404755
65,6,3,0.08977769315242767
65,6,4,0.051964741200208664
65,6,5,0.03388538584113121
65,6,6,0.023843061178922653
65,7,2,0.18651004135608673
65,7,3,0.0888870507478714
65,7,4,0.07560041546821594
65,7,5,0.06010983884334564
65,7,6,0.04109806567430496
65,8,2,0.15192322432994843
65,8,3,0.09332730621099472
65,8,4,0.09071583300828934
65,8,5,0.059154361486434937
65,8,6,0.04162328317761421
65,9,2,0.1954319328069687
65,9,3,0.1122250035405159
65,9,4,0.09329433739185333
65,9,5,0.08002426475286484
65,9,6,0.05630815774202347
65,10,2,0.06660479307174683
65,10,3,0.14029233157634735
65,10,4,0.10900548100471497
65,10,5,0.09476183354854584
65,10,6,0.06900585442781448
65,11,2,0.21653403341770172
65,11,3,0.10618113726377487
65,11,4,0.024785049259662628
65,11,5,0.08344191312789917
65,11,6,0.06689438968896866
66,0,2,0.24442699551582336
66,0,3,0.1697617620229721
66,0,4,0.09158910065889359
66,0,5,0.09766045212745667
66,0,6,0.07589274644851685
66,1,2,0.2218572050333023
66,1,3,0.07703229039907455
66,1,4,0.0733175054192543
66,1,5,0.06659531593322754
66,1,6,0.027514690533280373
66,2,2,0.19479969143867493
66,2,3,0.11182042956352234
66,2,4,0.06464625149965286
66,2,5,0.04905977100133896
66,2,6,0.04614955186843872
66,3,2,0.2035364955663681
66,3,3,0.14643244445323944
66,3,4,0.1083173006772995
66,3,5,0.09156536310911179
66,3,6,0.016445955261588097
66,4,2,0.17666079103946686
66,4,3,0.08240440487861633
66,4,4,0.047696974128484726
66,4,5,0.031102439388632774
66,4,6,0.06887076050043106
66,5,2,0.09286737442016602
66,5,3,0.07653907686471939
66,5,4,0.03970680385828018
66,5,5,0.061652928590774536
66,5,6,0.04338137060403824
66,6,2,0.1033676341176033
66,6,3,0.05479315668344498
66,6,4,0.05207353085279465
66,6,5,0.03395633026957512
66,6,6,0.023892976343631744
66,7,2,0.06294309347867966
66,7,3,0.06617868691682816
66,7,4,0.1628565937280655
66,7,5,0.03768862411379814
66,7,6,0.14315661787986755
66,8,2,0.17458954453468323
66,8,3,0.0900675505399704
66,8,4,0.05213252827525139
66,8,5,0.03916916251182556
66,8,6,0.036210399121046066
66,9,2,0.13056224584579468
66,9,3,0.10302665829658508
66,9,4,0.02204766683280468
66,9,5,0.07352010160684586
66,9,6,0.04894730821251869
66,10,2,0.16919609904289246
66,10,3,0.02628197707235813
66,10,4,0.07992083579301834
66,10,5,0.03293125331401825
66,10,6,0.05222540721297264
66,11,2,0.1937893182039261
66,11,3,0.1392897516489029
66,11,4,0.08343867212533951
66,11,5,0.054953787475824356
66,11,6,0.06558310240507126
67,0,2,0.14514046907424927
67,0,3,0.11934616416692734
67,0,4,0.0690794512629509
67,0,5,0.020812107250094414
67,0,6,0.02613210864365101
67,1,2,0.13909336924552917
67,1,3,0.16777826845645905
67,1,4,0.082704558968544
67,1,5,0.053930334746837616
67,1,6,0.03804168105125427
67,2,2,0.3263663351535797
67,2,3,0.1568857580423355
67,2,4,0.07658762484788895
67,2,5,0.0691789910197258
67,2,6,0.0630321130156517
67,3,2,0.25436314940452576
67,3,3,0.12996818125247955
67,3,4,0.08690697699785233
67,3,5,0.0566706508398056
67,3,6,0.03987564519047737
67,4,2,0.1516418308019638
67,4,3,0.0707341730594635
67,4,4,0.040942057967185974
67,4,5,0.06812538206577301
67,4,6,0.047935646027326584
67,5,2,0.16767016053199768
67,5,3,0.0925573781132698
67,5,4,0.04623303934931755
67,5,5,0.027725232765078545
67,5,6,0.018477415665984154
67,6,2,0.12973445653915405
67,6,3,0.10076969116926193
67,6,4,0.18668754398822784
67,6,5,0.04267549514770508
67,6,6,0.1462528109550476
67,7,2,0.20631687343120575
67,7,3,0.11671843379735947
67,7,4,0.08053822815418243
67,7,5,0.05251770094037056
67,7,6,0.03695348650217056
67,8,2,0.22676238417625427
67,8,3,0.10577457398176193
67,8,4,0.06122399866580963
67,8,5,0.03992319479584694
67,8,6,0.028091497719287872
67,9,2,0.22327661514282227
67,9,3,0.11450580507516861
67,9,4,0.07940887659788132
67,9,5,0.06767461448907852
67,9,6,0.06779026985168457
67,10,2,0.2127048373222351
67,10,3,0.18496251106262207
67,10,4,0.09962067008018494
67,10,5,0.05974096804857254
67,10,6,0.03981422260403633
67,11,2,0.2446136176586151
67,11,3,0.14683015644550323
67,11,4,0.08649232238531113
67,11,5,0.050449956208467484
67,11,6,0.03362224996089935
68,0,2,0.16342905163764954
68,0,3,0.07598308473825455
68,0,4,0.060822032392024994
68,0,5,0.03966107964515686
68,0,6,0.03627347946166992
68,1,2,0.17238715291023254
68,1,3,0.11641322821378708
68,1,4,0.06738182157278061
68,1,5,0.043938614428043365
68,1,6,0.03091689944267273
68,2,2,0.11029834300279617
68,2,3,0.06924887001514435
68,2,4,0.04008234664797783
68,2,5,0.026137059554457664
68,2,6,0.018391046673059464
68,3,2,0.27161645889282227
68,3,3,0.12669700384140015
68,3,4,0.09752140939235687
68,3,5,0.06359216570854187
68,3,6,0.044745899736881256
68,4,2,0.1740841269493103
68,4,3,0.02514941617846489
68,4,4,0.08524226397275925
68,4,5,0.051118459552526474
68,4,6,0.03406776860356331
68,5,2,0.20066531002521515
68,5,3,0.04057648777961731
68,5,4,0.09670785069465637
68,5,5,0.05744367092847824
68,5,6,0.038283199071884155
68,6,2,0.3174675703048706
68,6,3,0.11560295522212982
68,6,4,0.05774446204304695
68,6,5,0.034628454595804214
68,6,6,0.02307805046439171
68,7,2,0.149493008852005
68,7,3,0.08201596885919571
68,7,4,0.04747213423252106
68,7,5,0.030955828726291656
68,7,6,0.0333876870572567
68,8,2,0.12467978149652481
68,8,3,0.0663500502705574
68,8,4,0.08020345866680145
68,8,5,0.04379304498434067
68,8,6,0.030814476311206818
68,9,2,0.13575656712055206
68,9,3,0.06332440674304962
68,9,4,0.0684335008263588
68,9,5,0.03275870904326439
68,9,6,0.023050297051668167
68,10,2,0.24475613236427307
68,10,3,0.09854092448949814
68,10,4,0.08268339186906815
68,10,5,0.04958394169807434
68,10,6,0.04545990377664566
68,11,2,0.1228121891617775
68,11,3,0.11545990407466888
68,11,4,0.07823964208364487
68,11,5,0.05458354204893112
68,11,6,0.038407087326049805
69,0,2,0.1744946539402008
69,0,3,0.1018366813659668
69,0,4,0.08304765820503235
69,0,5,0.05415405333042145
69,0,6,0.03810488060116768
69,1,2,0.17253714799880981
69,1,3,0.14002583920955658
69,1,4,0.034515101462602615
69,1,5,0.09887026250362396
69,1,6,0.10058541595935822
69,2,2,0.24799327552318573
69,2,3,0.1299859881401062
69,2,4,0.07598251104354858
69,2,5,0.04556552320718765
69,2,6,0.030367037281394005
69,3,2,0.17030389606952667
69,3,3,0.12445323914289474
69,3,4,0.11337141692638397
69,3,5,0.09293975681066513
69,3,6,0.056436605751514435
69,4,2,0.15616558492183685
69,4,3,0.07396259158849716
69,4,4,0.07131873071193695
69,4,5,0.04650581628084183
69,4,6,0.032723285257816315
69,5,2,0.24148808419704437
69,5,3,0.1230049803853035
69,5,4,0.11376190930604935
69,5,5,0.07702211290597916
69,5,6,0.06159945949912071
69,6,2,0.14416411519050598
69,6,3,0.11105647683143616
69,6,4,0.11377926170825958
69,6,5,0.07624779641628265
69,6,6,0.07145071029663086
69,7,2,0.17356020212173462
69,7,3,0.08095812797546387
69,7,4,0.04685984179377556
69,7,5,0.030556555837392807
69,7,6,0.07104900479316711
69,8,2,0.13812491297721863
69,8,3,0.13319765031337738
69,8,4,0.08796460926532745
69,8,5,0.07242123782634735
69,8,6,0.06038643419742584
69,9,2,0.05849820375442505
69,9,3,0.12702171504497528
69,9,4,0.11774890869855881
69,9,5,0.10372117906808853
69,9,6,0.0691247284412384
69,10,2,0.17785270512104034
69,10,3,0.11479642242193222
69,10,4,0.07080917060375214
69,10,5,0.04617353528738022
69,10,6,0.0639752671122551
69,11,2,0.10949552804231644
69,11,3,0.12448639422655106
69,11,4,0.07770141214132309
69,11,5,0.09971245378255844
69,11,6,0.06903555244207382
70,0,2,0.18463045358657837
70,0,3,0.12101852893829346
70,0,4,0.08310139924287796
70,0,5,0.054189108312129974
70,0,6,0.0381295382976532
70,1,2,0.10872192680835724
70,1,3,0.17339929938316345
70,1,4,0.1003662496805191
70,1,5,0.06544724106788635
70,1,6,0.04605120047926903
70,2,2,0.1516823172569275
70,2,3,0.0751664936542511
70,2,4,0.07442910969257355
70,2,5,0.04853403568267822
70,2,6,0.034150414168834686
70,3,2,0.21687786281108856
70,3,3,0.11295615881681442
70,3,4,0.06538080424070358
70,3,5,0.0426337867975235
70,3,6,0.051428209990262985
70,4,2,0.15894865989685059
70,4,3,0.07414248585700989
70,4,4,0.07271002978086472
70,4,5,0.04741305112838745
70,4,6,0.03336165100336075
70,5,2,0.125526562333107
70,5,3,0.11326929926872253
70,5,4,0.06143168732523918
70,5,5,0.05513227730989456
70,5,6,0.03879319503903389
70,6,2,0.17956165969371796
70,6,3,0.08375753462314606
70,6,4,0.048480186611413956
70,6,5,0.03161315992474556
70,6,6,0.02224423550069332
70,7,2,0.15775416791439056
70,7,3,0.0881599709391594
70,7,4,0.06074429675936699
70,7,5,0.039610397070646286
70,7,6,0.027871400117874146
70,8,2,0.16597174108028412
70,8,3,0.07741843909025192
70,8,4,0.07857794314622879
70,8,5,0.05123943090438843
70,8,6,0.036054037511348724
70,9,2,0.158111572265625
70,9,3,0.10322204977273941
70,9,4,0.0752100870013237
70,9,5,0.056586071848869324
70,9,6,0.03981614112854004
70,10,2,0.09259491413831711
70,10,3,0.04319141432642937
70,10,4,0.024999873712658882
70,10,5,0.06661777198314667
70,10,6,0.04687483608722687
70,11,2,0.1343473345041275
70,11,3,0.06266705691814423
70,11,4,0.09226474165916443
70,11,5,0.06016436964273453
70,11,6,0.042333975434303284
71,0,2,0.1530490517616272
71,0,3,0.0951160416007042
71,0,4,0.056753259152173996
71,0,5,0.05585337430238724
71,0,6,0.03904068470001221
71,1,2,0.16562135517597198
71,1,3,0.10637550801038742
71,1,4,0.07222145050764084
71,1,5,0.06673691421747208
71,1,6,0.046958666294813156
71,2,2,0.1573454588651657
71,2,3,0.09659753739833832
71,2,4,0.05591217428445816
71,2,5,0.04907717555761337
71,2,6,0.029390865936875343
71,3,2,0.13953271508216858
71,3,3,0.13148075342178345
71,3,4,0.10279267281293869
71,3,5,0.08829191327095032
71,3,6,0.0562576949596405
71,4,2,0.08674193918704987
71,4,3,0.05198751017451286
71,4,4,0.05031517520546913
71,4,5,0.032809726893901825
71,4,6,0.02308618649840355
71,5,2,0.1770717054605484
71,5,3,0.09903600811958313
71,5,4,0.054794102907180786
71,5,5,0.044850628823041916
71,5,6,0.031558629125356674
71,6,2,0.211104616522789
71,6,3,0.11894317716360092
71,6,4,0.0688461884856224
71,6,5,0.08322466164827347
71,6,6,0.0585600808262825
71,7,2,0.12398447096347809
71,7,3,0.08950001001358032
71,7,4,0.05815516784787178
71,7,5,0.05060940608382225
71,7,6,0.035610735416412354
71,8,2,0.17445412278175354
71,8,3,0.11689785122871399
71,8,4,0.0638202354311943
71,8,5,0.05451010540127754
71,8,6,0.042939815670251846
71,9,2,0.15324993431568146
71,9,3,0.07940350472927094
71,9,4,0.10837949067354202
71,9,5,0.07351699471473694
71,9,6,0.051232922822237015
71,10,2,0.1501748412847519
71,10,3,0.12566277384757996
71,10,4,0.09149203449487686
71,10,5,0.06817199289798737
71,10,6,0.05830076336860657
71,11,2,0.14628815650939941
71,11,3,0.08627581596374512
71,11,4,0.07308940589427948
71,11,5,0.06663157045841217
71,11,6,0.029709024354815483
72,0,2,0.20058202743530273
72,0,3,0.09356260299682617
72,0,4,0.05415551736950874
72,0,5,0.03531394526362419
72,0,6,0.024848252534866333
72,1,2,0.08841569721698761
72,1,3,0.18568886816501617
72,1,4,0.0927528589963913
72,1,5,0.055622439831495285
72,1,6,0.03706943988800049
72,2,2,0.2134644240140915
72,2,3,0.09957166016101837
72,2,4,0.057633645832538605
72,2,5,0.03758199140429497
72,2,6,0.02644413709640503
72,3,2,0.20185822248458862
72,3,3,0.14280886948108673
72,3,4,0.08574036508798599
72,3,5,0.05590992793440819
72,3,6,0.05154622346162796
72,4,2,0.16415075957775116
72,4,3,0.07045245170593262
72,4,4,0.0407789908349514
72,4,5,0.026591330766677856
72,4,6,0.01871068961918354
72,5,2,0.1802060306072235
72,5,3,0.08957919478416443
72,5,4,0.06005916744470596
72,5,5,0.039163630455732346
72,5,6,0.02755703590810299
72,6,2,0.19171631336212158
72,6,3,0.08942713588476181
72,6,4,0.05176183953881264
72,6,5,0.03375307470560074
72,6,6,0.02374996617436409
72,7,2,0.1366071105003357
72,7,3,0.11039417237043381
72,7,4,0.06389789283275604
72,7,5,0.041666802018880844
72,7,6,0.029318368062376976
72,8,2,0.19892624020576477
72,8,3,0.09279025346040726
72,8,4,0.05370846390724182
72,8,5,0.035022441297769547
72,8,6,0.024643132463097572
72,9,2,0.22792597115039825
72,9,3,0.15026763081550598
72,9,4,0.0869772732257843
72,9,5,0.05671650171279907
72,9,6,0.03990791738033295
72,10,2,0.18464620411396027
72,10,3,0.09440366178750992
72,10,4,0.05237344279885292
72,10,5,0.034151893109083176
72,10,6,0.037775322794914246
72,11,2,0.17341892421245575
72,11,3,0.07092741131782532
72,11,4,0.041053902357816696
72,11,5,0.02677060291171074
72,11,6,0.018836824223399162
73,0,2,0.05860903859138489
73,0,3,0.13817663490772247
73,0,4,0.06902017444372177
73,0,5,0.06080284342169762
73,0,6,0.06466914713382721
73,1,2,0.05419159308075905
73,1,3,0.11768050491809845
73,1,4,0.08074792474508286
73,1,5,0.04002023860812187
73,1,6,0.017541103065013885
73,2,2,0.2020544558763504
73,2,3,0.094249427318573
73,2,4,0.05455305799841881
73,2,5,0.03557318076491356
73,2,6,0.02503066509962082
73,3,2,0.189926415681839
73,3,3,0.09730929881334305
73,3,4,0.08962095528841019
73,3,5,0.05374429374933243
73,3,6,0.03860555216670036
73,4,2,0.09782949090003967
73,4,3,0.11979535222053528
73,4,4,0.06851901859045029
73,4,5,0.044680166989564896
73,4,6,0.031438685953617096
73,5,2,0.11213599890470505
73,5,3,0.0930819883942604
73,5,4,0.08223513513803482
73,5,5,0.053624227643013
73,5,6,0.010512410663068295
73,6,2,0.16151201725006104
73,6,3,0.12872903048992157
73,6,4,0.07451039552688599
73,6,5,0.048587046563625336
73,6,6,0.03418772295117378
73,7,2,0.12839184701442719
73,7,3,0.1103956326842308
73,7,4,0.0638987347483635
73,7,5,0.04166734963655472
73,7,6,0.029318753629922867
73,8,2,0.19649092853069305
73,8,3,0.09165427833795547
73,8,4,0.053050946444272995
73,8,5,0.03459367901086807
73,8,6,0.02434144727885723
73,9,2,0.08335153013467789
73,9,3,0.13617439568042755
73,9,4,0.06458798050880432
73,9,5,0.010274935513734818
73,9,6,0.02678339183330536
73,10,2,0.19062623381614685
73,10,3,0.1187019944190979
73,10,4,0.02007983811199665
73,10,5,0.06086151301860809
73,10,6,0.0405610054731369
73,11,2,0.13129591941833496
73,11,3,0.1342059224843979
73,11,4,0.07768050581216812
73,11,5,0.050654225051403046
73,11,6,0.035642269998788834
74,0,2,0.17690560221672058
74,0,3,0.15012365579605103
74,0,4,0.09469594061374664
74,0,5,0.056787680834531784
74,0,6,0.03784601017832756
74,1,2,0.24816763401031494
74,1,3,0.1776975691318512
74,1,4,0.11463624238967896
74,1,5,0.06874556094408035
74,1,6,0.04581530764698982
74,2,2,0.17271490395069122
74,2,3,0.1142299473285675
74,2,4,0.07753512263298035
74,2,5,0.05055942013859749
74,2,6,0.03557555750012398
74,3,2,0.1606009155511856
74,3,3,0.13499918580055237
74,3,4,0.1530132293701172
74,3,5,0.09977748990058899
74,3,6,0.07020729035139084
74,4,2,0.14279299974441528
74,4,3,0.08358684927225113
74,4,4,0.059762392193078995
74,4,5,0.036001283675432205
74,4,6,0.02533189207315445
74,5,2,0.24923300743103027
74,5,3,0.15032348036766052
74,5,4,0.10899584740400314
74,5,5,0.08588335663080215
74,5,6,0.060430847108364105
74,6,2,0.19901099801063538
74,6,3,0.09338869899511337
74,6,4,0.0540548600256443
74,6,5,0.05409149080514908
74,6,6,0.054819438606500626
74,7,2,0.21167777478694916
74,7,3,0.09873827546834946
74,7,4,0.05715126916766167
74,7,5,0.03726743534207344
74,7,6,0.02622280642390251
74,8,2,0.13430637121200562
74,8,3,0.06264795362949371
74,8,4,0.036261625587940216
74,8,5,0.02364562824368477
74,8,6,0.016637977212667465
74,9,2,0.05740850418806076
74,9,3,0.14148148894309998
74,9,4,0.0706709697842598
74,9,5,0.1537112146615982
74,9,6,0.10244046151638031
74,10,2,0.26276054978370667
74,10,3,0.1518966257572174
74,10,4,0.0879201665520668
74,10,5,0.05733134225010872
74,10,6,0.05042994022369385
74,11,2,0.19433973729610443
74,11,3,0.22039403021335602
74,11,4,0.13343949615955353
74,11,5,0.08701377362012863
74,11,6,0.0612262487411499
75,0,2,0.15686827898025513
75,0,3,0.1238858625292778
75,0,4,0.08156570047140121
75,0,5,0.0575639009475708
75,0,6,0.05050274729728699
75,1,2,0.16204051673412323
75,1,3,0.07475346326828003
75,1,4,0.0729740709066391
75,1,5,0.06049631908535957
75,1,6,0.053191594779491425
75,2,2,0.1621435433626175
75,2,3,0.07563277333974838
75,2,4,0.043777432292699814
75,2,5,0.028546569868922234
75,2,6,0.02008647285401821
75,3,2,0.12535284459590912
75,3,3,0.1263420730829239
75,3,4,0.07312878221273422
75,3,5,0.047686122357845306
75,3,6,0.033553797751665115
75,4,2,0.19370612502098083
75,4,3,0.09553895145654678
75,4,4,0.08054900914430618
75,4,5,0.052524734288454056
75,4,6,0.03695842996239662
75,5,2,0.05135278403759003
75,5,3,0.14242030680179596
75,5,4,0.07113990932703018
75,5,5,0.05559122934937477
75,5,6,0.03704863786697388
75,6,2,0.17140105366706848
75,6,3,0.0356670506298542
75,6,4,0.030056476593017578
75,6,5,0.026911066845059395
75,6,6,0.020542731508612633
75,7,2,0.2726712226867676
75,7,3,0.12305212020874023
75,7,4,0.016999900341033936
75,7,5,0.0511566661298275
75,7,6,0.047136638313531876
75,8,2,0.027823977172374725
75,8,3,0.03260231018066406
75,8,4,0.027813266962766647
75,8,5,0.0793151780962944
75,8,6,0.014850745908915997
75,9,2,0.17745386064052582
75,9,3,0.035776566714048386
75,9,4,0.0816495269536972
75,9,5,0.028986424207687378
75,9,6,0.08923754841089249
75,10,2,0.1787230223417282
75,10,3,0.1345851868391037
75,10,4,0.06722623109817505
75,10,5,0.04031451791524887
75,10,6,0.02686750702559948
75,11,2,0.04881802573800087
75,11,3,0.1327001005411148
75,11,4,0.03654097393155098
75,11,5,0.08862154185771942
75,11,6,0.054819755256175995
76,0,2,0.13053829967975616
76,0,3,0.13108505308628082
76,0,4,0.12854017317295074
76,0,5,0.08381900191307068
76,0,6,0.058978281915187836
76,1,2,0.16233156621456146
76,1,3,0.07572045922279358
76,1,4,0.04354865103960037
76,1,5,0.02839738130569458
76,1,6,0.019981497898697853
76,2,2,0.15021687746047974
76,2,3,0.08875216543674469
76,2,4,0.05137114226818085
76,2,5,0.03349831700325012
76,2,6,0.023570703342556953
76,3,2,0.19790400564670563
76,3,3,0.13665437698364258
76,3,4,0.10142815113067627
76,3,5,0.060824885964393616
76,3,6,0.04053659364581108
76,4,2,0.26439031958580017
76,4,3,0.08789822459220886
76,4,4,0.09314455091953278
76,4,5,0.0558573454618454
76,4,6,0.037225984036922455
76,5,2,0.12573812901973724
76,5,3,0.10966593027114868
76,5,4,0.07239086180925369
76,5,5,0.04720493406057358
76,5,6,0.048239946365356445
76,6,2,0.14780914783477783
76,6,3,0.08857184648513794
76,6,4,0.07293395698070526
76,6,5,0.04755907133221626
76,6,6,0.033464401960372925
76,7,3,0.14416058361530304
76,7,4,0.07684559375047684
76,7,5,0.08634103834629059
76,7,6,0.06513095647096634
76,8,2,0.2703942358493805
76,8,3,0.1546405553817749
76,8,4,0.07724401354789734
76,8,5,0.04632202908396721
76,8,6,0.030871208757162094
76,9,3,0.21158190071582794
76,9,4,0.048087045550346375
76,9,5,0.13067767024040222
76,9,6,0.03373878076672554
76,10,3,0.18115335702896118
76,10,4,0.09712576121091843
76,10,5,0.07821090519428253
76,10,6,0.04690185934305191
76,11,2,0.18141144514083862
76,11,3,0.10168034583330154
76,11,4,0.01967327482998371
76,11,5,0.06881400942802429
76,11,6,0.05175790190696716
77,0,2,0.14964504539966583
77,0,3,0.09485437721014023
77,0,4,0.0652071014046669
77,0,5,0.0417686365544796
77,0,6,0.03286447748541832
77,1,2,0.18886715173721313
77,1,3,0.04081007465720177
77,1,4,0.09089503437280655
77,1,5,0.06052340939640999
77,1,6,0.04653444141149521
77,2,2,0.11949596554040909
77,2,3,0.12039647251367569
77,2,4,0.09247716516256332
77,2,5,0.06030288711190224
77,2,6,0.04243144020438194
77,3,2,0.23702125251293182
77,3,3,0.1632641851902008
77,3,4,0.11487539112567902
77,3,5,0.06888897716999054
77,3,6,0.045910898596048355
77,4,2,0.10703884065151215
77,4,3,0.1188679113984108
77,4,4,0.0860443189740181
77,4,5,0.05486544966697693
77,4,6,0.046977121382951736
77,5,2,0.17097508907318115
77,5,3,0.11985360831022263
77,5,4,0.07670750468969345
77,5,5,0.06365841627120972
77,5,6,0.04329220578074455
77,6,2,0.057846639305353165
77,6,3,0.04212835803627968
77,6,4,0.12029360979795456
77,6,5,0.02730672061443329
77,6,6,0.08142276853322983
77,7,2,0.10064941644668579
77,7,3,0.07296585291624069
77,7,4,0.05735588073730469
77,7,5,0.11543495953083038
77,7,6,0.033451855182647705
77,8,2,0.1610264629125595
77,8,3,0.09647167474031448
77,8,4,0.05583934485912323
77,8,5,0.036411937326192856
77,8,6,0.025620853528380394
77,9,2,0.16652145981788635
77,9,3,0.03964337706565857
77,9,4,0.03780888020992279
77,9,5,0.10245651006698608
77,9,6,0.07316622883081436
77,10,2,0.0744074136018753
77,10,3,0.06622610986232758
77,10,4,0.1703624278306961
77,10,5,0.07276549935340881
77,10,6,0.040361497551202774
77,11,2,0.16822518408298492
77,11,3,0.11535526812076569
77,11,4,0.09297177195549011
77,11,5,0.07959902286529541
77,11,6,0.056008946150541306
78,0,2,0.06980030238628387
78,0,3,0.12878510355949402
78,0,4,0.07713659107685089
78,0,5,0.015365133062005043
78,0,6,0.01674751192331314
78,1,2,0.09317293763160706
78,1,3,0.06223795935511589
78,1,4,0.03607003018260002
78,1,5,0.032629624009132385
78,1,6,0.08275511115789413
78,2,2,0.20932692289352417
78,2,3,0.09677141904830933
78,2,4,0.10293316841125488
78,2,5,0.06712108105421066
78,2,6,0.04732264578342438
78,3,2,0.0711517482995987
78,3,3,0.06389414519071579
78,3,4,0.010878697037696838
78,3,5,0.07317180931568146
78,3,6,0.03976213559508324
78,4,2,0.08819422125816345
78,4,3,0.04113868251442909
78,4,4,0.023811720311641693
78,4,5,0.01552724838256836
78,4,6,0.010925567708909512
78,5,2,0.14530351758003235
78,5,3,0.11227359622716904
78,5,4,0.017007116228342056
78,5,5,0.07247412204742432
78,5,6,0.04830019176006317
78,6,2,0.23815365135669708
78,6,3,0.11095736175775528
78,6,4,0.08723849058151245
78,6,5,0.06433891505002975
78,6,6,0.04287851229310036
78,7,2,0.09474881738424301
78,7,3,0.0780022144317627
78,7,4,0.04514891281723976
78,7,5,0.07200685888528824
78,7,6,0.03991749510169029
78,8,2,0.1114129051566124
78,8,3,0.07922022044658661
78,8,4,0.04323244094848633
78,8,5,0.046903565526008606
78,8,6,0.009194904938340187
78,9,2,0.10126735270023346
78,9,3,0.05491884797811508
78,9,4,0.031787898391485214
78,9,5,0.020728379487991333
78,9,6,0.014585290104150772
78,10,2,0.0978367030620575
78,10,3,0.062584787607193
78,10,4,0.08259204030036926
78,10,5,0.06601223349571228
78,10,6,0.035642173141241074
78,11,2,0.15031860768795013
78,11,3,0.07011693716049194
78,11,4,0.05141527205705643
78,11,5,0.009716442786157131
78,11,6,0.06796818226575851
79,0,2,0.0855027511715889
79,0,3,0.15996484458446503
79,0,4,0.10565546154975891
79,0,5,0.07092077285051346
79,0,6,0.04168092459440231
79,1,2,0.046952810138463974
79,1,3,0.16345803439617157
79,1,4,0.061304666101932526
79,1,5,0.061391934752464294
79,1,6,0.05842142924666405
79,2,2,0.1344861388206482
79,2,3,0.10690537095069885
79,2,4,0.07573995739221573
79,2,5,0.058655183762311935
79,2,6,0.042540423572063446
79,3,2,0.1533564031124115
79,3,3,0.0824541226029396
79,3,4,0.06816525012254715
79,3,5,0.04705817624926567
79,3,6,0.04773951321840286
79,4,2,0.09685923159122467
79,4,3,0.041846033185720444
79,4,4,0.024221146479249
79,4,5,0.01579422503709793
79,4,6,0.06193270534276962
79,5,2,0.1900831013917923
79,5,3,0.10428261756896973
79,5,4,0.06136199086904526
79,5,5,0.06221073120832443
79,5,6,0.0485323928296566
79,6,2,0.23542176187038422
79,6,3,0.037613023072481155
79,6,4,0.11239063739776611
79,6,5,0.09965534508228302
79,6,6,0.06641506403684616
79,7,2,0.182062566280365
79,7,3,0.08452406525611877
79,7,4,0.05052395537495613
79,7,5,0.06538862735033035
79,7,6,0.049829814583063126
79,8,2,0.08740226924419403
79,8,3,0.09245412051677704
79,8,4,0.05082223191857338
79,8,5,0.06188896298408508
79,8,6,0.03371439501643181
79,9,2,0.17928700149059296
79,9,3,0.09126061946153641
79,9,4,0.05282308906316757
79,9,5,0.03444509208202362
79,9,6,0.02423689514398575
79,10,2,0.17451898753643036
79,10,3,0.030674386769533157
79,10,4,0.08331264555454254
79,10,5,0.07109533995389938
79,10,6,0.047488655894994736
79,11,2,0.16155916452407837
79,11,3,0.10205414891242981
79,11,4,0.06480113416910172
79,11,5,0.07285692542791367
79,11,6,0.0512649305164814
80,0,2,0.12398768216371536
80,0,3,0.06608758121728897
80,0,4,0.05384812131524086
80,0,5,0.011515406891703606
80,0,6,0.009888753294944763
80,1,2,0.08515912294387817
80,1,3,0.05862457677721977
80,1,4,0.04127411171793938
80,1,5,0.10954664647579193
80,1,6,0.03414275497198105
80,2,2,0.13759790360927582
80,2,3,0.07597686350345612
80,2,4,0.07267545163631439
80,2,5,0.055938247591257095
80,2,6,0.04036754369735718
80,3,2,0.08249257504940033
80,3,3,0.06525330990552902
80,3,4,0.12167065590620041
80,3,5,0.03373480588197708
80,3,6,0.07938145101070404
80,4,2,0.15069903433322906
80,4,3,0.07254867255687714
80,4,4,0.05003150925040245
80,4,5,0.032624758780002594
80,4,6,0.038813598453998566
80,5,2,0.0447177030146122
80,5,3,0.11928905546665192
80,5,4,0.01953768916428089
80,5,5,0.07964491099119186
80,5,6,0.04616408422589302
80,6,2,0.17439042031764984
80,6,3,0.03436065465211868
80,6,4,0.02679373137652874
80,6,5,0.08249673247337341
80,6,6,0.05892111361026764
80,7,2,0.11122468113899231
80,7,3,0.06859856843948364
80,7,4,0.04588957875967026
80,7,5,0.03662820905447006
80,7,6,0.025773020461201668
80,8,2,0.020470017567276955
80,8,3,0.10116340965032578
80,8,4,0.06804565340280533
80,8,5,0.036474790424108505
80,8,6,0.076512411236763
80,9,2,0.10883753001689911
80,9,3,0.08314734697341919
80,9,4,0.014504180289804935
80,9,5,0.05434338375926018
80,9,6,0.03334042429924011
80,10,2,0.07451707869768143
80,10,3,0.13954806327819824
80,10,4,0.0476200170814991
80,10,5,0.08040564507246017
80,10,6,0.04879558086395264
80,11,2,0.11811412125825882
80,11,3,0.018210092559456825
80,11,4,0.07058734446763992
80,11,5,0.045162420719861984
80,11,6,0.038003452122211456
81,0,2,0.05268236622214317
81,0,3,0.061730578541755676
81,0,4,0.1342865377664566
81,0,5,0.12722744047641754
81,0,6,0.08798843622207642
81,1,2,0.08467531949281693
81,1,3,0.28885963559150696
81,1,4,0.14373932778835297
81,1,5,0.11325222998857498
81,1,6,0.060852374881505966
81,2,2,0.2058096081018448
81,2,3,0.12297315895557404
81,2,4,0.07828386127948761
81,2,5,0.0510476715862751
81,2,6,0.035919107496738434
81,3,2,0.13193181157112122
81,3,3,0.12487814575433731
81,3,4,0.018275061622262
81,3,5,0.10001761466264725
81,3,6,0.055827539414167404
81,4,2,0.1242566853761673
81,4,3,0.12159658968448639
81,4,4,0.10062354803085327
81,4,5,0.04510953649878502
81,4,6,0.03174082189798355
81,5,2,0.03585593402385712
81,5,3,0.17949676513671875
81,5,4,0.0985528901219368
81,5,5,0.08224248886108398
81,5,6,0.054810307919979095
81,6,2,0.13235285878181458
81,6,3,0.06958526372909546
81,6,4,0.2043031007051468
81,6,5,0.10308770835399628
81,6,6,0.07672812789678574
81,7,2,0.17581550776958466
81,7,3,0.12578514218330383
81,7,4,0.08733779191970825
81,7,5,0.09003614634275436
81,7,6,0.05674036964774132
81,8,2,0.06741197407245636
81,8,3,0.03144469112157822
81,8,4,0.01820068247616291
81,8,5,0.011868377216160297
81,8,6,0.008351046591997147
81,9,2,0.07803560793399811
81,9,3,0.03640013933181763
81,9,4,0.07210399955511093
81,9,5,0.02278822287917137
81,9,6,0.06489896774291992
81,10,2,0.32366588711738586
81,10,3,0.05875744670629501
81,10,4,0.15435907244682312
81,10,5,0.10636702179908752
81,10,6,0.07890406996011734
81,11,2,0.06021352857351303
81,11,3,0.15606950223445892
81,11,4,0.10693345218896866
81,11,5,0.0220368430018425
81,11,6,0.06784257292747498
82,0,2,0.14540013670921326
82,0,3,0.1131591647863388
82,0,4,0.06549830734729767
82,0,5,0.042710404843091965
82,0,6,0.03005268983542919
82,1,2,0.16611573100090027
82,1,3,0.03899918124079704
82,1,4,0.03604436665773392
82,1,5,0.10183736681938171
82,1,6,0.08155159652233124
82,2,2,0.15905745327472687
82,2,3,0.08199688047170639
82,2,4,0.05977850779891014
82,2,5,0.03833508491516113
82,2,6,0.03359433636069298
82,3,2,0.24552485346794128
82,3,3,0.25400763750076294
82,3,4,0.126878559589386
82,3,5,0.076087087392807
82,3,6,0.05070805177092552
82,4,2,0.18922944366931915
82,4,3,0.11099463701248169
82,4,4,0.10716192424297333
82,4,5,0.06987860053777695
82,4,6,0.04916926845908165
82,5,2,0.23284131288528442
82,5,3,0.10478027909994125
82,5,4,0.08454152941703796
82,5,5,0.08336923271417618
82,5,6,0.08442540466785431
82,6,2,0.0817306637763977
82,6,3,0.161268413066864
82,6,4,0.04569746181368828
82,6,5,0.10046453773975372
82,6,6,0.0557255819439888
82,7,2,0.16003736853599548
82,7,3,0.10425971448421478
82,7,4,0.07061296701431274
82,7,5,0.046045608818531036
82,7,6,0.03239945322275162
82,8,2,0.12928059697151184
82,8,3,0.12482000887393951
82,8,4,0.06787151843309402
82,8,5,0.06189153343439102
82,8,6,0.04152834415435791
82,9,2,0.04055767133831978
82,9,3,0.16927242279052734
82,9,4,0.08444315940141678
82,9,5,0.07537857443094254
82,9,6,0.050235867500305176
82,10,2,0.11862479150295258
82,10,3,0.28824493288993835
82,10,4,0.10773444175720215
82,10,5,0.07025191932916641
82,10,6,0.1273202747106552
82,11,2,0.1672387719154358
82,11,3,0.11375223845243454
82,11,4,0.09348224848508835
82,11,5,0.060958292335271835
82,11,6,0.04289260506629944
