game_id,image_id,rep_num,step_size
0,0,2,0.18160465359687805
0,0,3,0.11113618314266205
0,0,4,0.064235158264637
0,0,5,0.04185036942362785
0,0,6,0.02943035215139389
0,1,2,0.20289874076843262
0,1,3,0.11573079973459244
0,1,4,0.0769888162612915
0,1,5,0.0784313902258873
0,1,6,0.0565449595451355
0,2,2,0.16772960126399994
0,2,3,0.07801494747400284
0,2,4,0.07002025097608566
0,2,5,0.03438323363661766
0,2,6,0.02417925000190735
0,3,2,0.17746299505233765
0,3,3,0.08254216611385345
0,3,4,0.047708217054605484
0,3,5,0.031082766130566597
0,3,6,0.021858273074030876
0,4,2,0.1159524992108345
0,4,3,0.05393221601843834
0,4,4,0.03117205947637558
0,4,5,0.020309163257479668
0,4,6,0.014281971380114555
0,5,2,0.184819757938385
0,5,3,0.13881945610046387
0,5,4,0.08822481334209442
0,5,5,0.057480063289403915
0,5,6,0.040421586483716965
0,6,2,0.186748206615448
0,6,3,0.09372967481613159
0,6,4,0.10247901827096939
0,6,5,0.06676694005727768
0,6,6,0.044597893953323364
0,7,2,0.11277762800455093
0,7,3,0.08525832742452621
0,7,4,0.06627462059259415
0,7,5,0.07513721287250519
0,7,6,0.0558142326772213
0,8,2,0.1496283859014511
0,8,3,0.11361553519964218
0,8,4,0.06566818803548813
0,8,5,0.04278401657938957
0,8,6,0.03008691594004631
0,9,2,0.17416949570178986
0,9,3,0.12426137924194336
0,9,4,0.06844818592071533
0,9,5,0.044595226645469666
0,9,6,0.05819208174943924
0,10,2,0.18602240085601807
0,10,3,0.08652335405349731
0,10,4,0.06138160452246666
0,10,5,0.03960803523659706
0,10,6,0.027853475883603096
0,11,2,0.18082021176815033
0,11,3,0.09495984017848969
0,11,4,0.05759861320257187
0,11,5,0.03752654045820236
0,11,6,0.0263897143304348
1,0,2,0.1595526486635208
1,0,3,0.07421164214611053
1,0,4,0.042893290519714355
1,0,5,0.027945760637521744
1,0,6,0.05335031822323799
1,1,2,0.24429617822170258
1,1,3,0.047799933701753616
1,1,4,0.09473832696676254
1,1,5,0.0835961326956749
1,1,6,0.06640227138996124
1,2,2,0.22535860538482666
1,2,3,0.15118682384490967
1,2,4,0.08738387376070023
1,2,5,0.05693218111991882
1,2,6,0.0555148646235466
1,3,2,0.11958342045545578
1,3,3,0.10945307463407516
1,3,4,0.0774519145488739
1,3,5,0.07962918281555176
1,3,6,0.018469305709004402
1,4,2,0.15899233520030975
1,4,3,0.08135850727558136
1,4,4,0.09700555354356766
1,4,5,0.06866801530122757
1,4,6,0.04828926920890808
1,5,2,0.10283789783716202
1,5,3,0.0956273004412651
1,5,4,0.05527123808860779
1,5,5,0.03601021692156792
1,5,6,0.02532339096069336
1,6,2,0.29167476296424866
1,6,3,0.044339485466480255
1,6,4,0.043258897960186005
1,6,5,0.16709214448928833
1,6,6,0.11961398273706436
1,7,2,0.31802260875701904
1,7,3,0.24218522012233734
1,7,4,0.1205984577536583
1,7,5,0.08313610404729843
1,7,6,0.056648097932338715
1,8,2,0.23545676469802856
1,8,3,0.14279234409332275
1,8,4,0.08325310796499252
1,8,5,0.06307076662778854
1,8,6,0.05587443336844444
1,9,2,0.14436165988445282
1,9,3,0.10215069353580475
1,9,4,0.07402391731739044
1,9,5,0.04822792857885361
1,9,6,0.046647801995277405
1,10,2,0.1625775843858719
1,10,3,0.21632319688796997
1,10,4,0.1437288522720337
1,10,5,0.11077044159173965
1,10,6,0.07958851009607315
1,11,2,0.13062864542007446
1,11,3,0.26144397258758545
1,11,4,0.05668961629271507
1,11,5,0.05752148479223251
1,11,6,0.15892384946346283
2,0,2,0.12530049681663513
2,0,3,0.11313425749540329
2,0,4,0.048147011548280716
2,0,5,0.03136865422129631
2,0,6,0.022059312090277672
2,1,2,0.0788370817899704
2,1,3,0.1258518099784851
2,1,4,0.019871218129992485
2,1,5,0.09160348773002625
2,1,6,0.018263185396790504
2,2,2,0.08596424758434296
2,2,3,0.04218684881925583
2,2,4,0.030747251585125923
2,2,5,0.06858161836862564
2,2,6,0.07325813919305801
2,3,2,0.05520850419998169
2,3,3,0.055685240775346756
2,3,4,0.04577700421214104
2,3,5,0.11923742294311523
2,3,6,0.0659215971827507
2,4,2,0.12323430925607681
2,4,3,0.0705280676484108
2,4,4,0.03773891553282738
2,4,5,0.04169614240527153
2,4,6,0.011692393571138382
2,5,2,0.060741160064935684
2,5,3,0.13753457367420197
2,5,4,0.05980614945292473
2,5,5,0.07112091779708862
2,5,6,0.060820478945970535
2,6,2,0.09824907779693604
2,6,3,0.0744677260518074
2,6,4,0.13693319261074066
2,6,5,0.023125121369957924
2,6,6,0.0852847471833229
2,7,2,0.1443454921245575
2,7,3,0.1096806600689888
2,7,4,0.13677527010440826
2,7,5,0.08020825684070587
2,7,6,0.06234213709831238
2,8,2,0.10734061151742935
2,8,3,0.06061862036585808
2,8,4,0.02904585190117359
2,8,5,0.025685841217637062
2,8,6,0.03743609040975571
2,9,2,0.2321140617132187
2,9,3,0.0369049608707428
2,9,4,0.12251736968755722
2,9,5,0.08397653698921204
2,9,6,0.06947321444749832
2,10,2,0.17684635519981384
2,10,3,0.037138357758522034
2,10,4,0.04477377608418465
2,10,5,0.10494370758533478
2,10,6,0.10476873815059662
2,11,2,0.044022638350725174
2,11,3,0.0631040707230568
2,11,4,0.033345770090818405
2,11,5,0.13092565536499023
2,11,6,0.08531959354877472
3,0,2,0.16297338902950287
3,0,3,0.09791334718465805
3,0,4,0.06577529013156891
3,0,5,0.04483911022543907
3,0,6,0.05951195955276489
3,1,2,0.20081177353858948
3,1,3,0.15104910731315613
3,1,4,0.08658630400896072
3,1,5,0.07478191703557968
3,1,6,0.04978688806295395
3,2,2,0.19138824939727783
3,2,3,0.08901912719011307
3,2,4,0.05145180970430374
3,2,5,0.03352179005742073
3,2,6,0.023573458194732666
3,3,2,0.139531672000885
3,3,3,0.12819434702396393
3,3,4,0.07409453392028809
3,3,5,0.04827393591403961
3,3,6,0.03394757956266403
3,4,2,0.1375301480293274
3,4,3,0.11879783868789673
3,4,4,0.07191412895917892
3,4,5,0.04685335233807564
3,4,6,0.03294859454035759
3,5,2,0.04376980662345886
3,5,3,0.05340095981955528
3,5,4,0.11867786198854446
3,5,5,0.07860022783279419
3,5,6,0.06438134610652924
3,6,2,0.18773578107357025
3,6,3,0.1654053032398224
3,6,4,0.09696662425994873
3,6,5,0.05805344879627228
3,6,6,0.03864973038434982
3,7,2,0.15273159742355347
3,7,3,0.1298748254776001
3,7,4,0.07506582140922546
3,7,5,0.04890675097703934
3,7,6,0.0343925915658474
3,8,2,0.060374416410923004
3,8,3,0.15921713411808014
3,8,4,0.12927594780921936
3,8,5,0.07739689201116562
3,8,6,0.05152783915400505
3,9,2,0.20179443061351776
3,9,3,0.1294575035572052
3,9,4,0.07482462376356125
3,9,5,0.04874959960579872
3,9,6,0.03428208455443382
3,10,2,0.10151128470897675
3,10,3,0.06727384775876999
3,10,4,0.053487181663513184
3,10,5,0.034847863018512726
3,10,6,0.024505987763404846
3,11,2,0.17531202733516693
3,11,3,0.1314813494682312
3,11,4,0.06547240167856216
3,11,5,0.03919801115989685
3,11,6,0.026096515357494354
4,0,2,0.1639048159122467
4,0,3,0.09033560007810593
4,0,4,0.07539141923189163
4,0,5,0.05112754553556442
4,0,6,0.039860114455223083
4,1,2,0.22591689229011536
4,1,3,0.1275656670331955
4,1,4,0.08803024142980576
4,1,5,0.07407057285308838
4,1,6,0.06540343165397644
4,2,2,0.17463639378547668
4,2,3,0.13546451926231384
4,2,4,0.07829660922288895
4,2,5,0.05101165920495987
4,2,6,0.06610879302024841
4,3,2,0.09473308175802231
4,3,3,0.14353393018245697
4,3,4,0.11412239074707031
4,3,5,0.10333165526390076
4,3,6,0.059097591787576675
4,4,2,0.1617743968963623
4,4,3,0.16262122988700867
4,4,4,0.10063480585813522
4,4,5,0.05706057325005531
4,4,6,0.042325589805841446
4,5,2,0.23205840587615967
4,5,3,0.17575666308403015
4,5,4,0.09004578739404678
4,5,5,0.06370887160301208
4,5,6,0.061251893639564514
4,6,2,0.08836369216442108
4,6,3,0.21626810729503632
4,6,4,0.11767454445362091
4,6,5,0.07159758359193802
4,6,6,0.04812846705317497
4,7,2,0.09821978956460953
4,7,3,0.20838260650634766
4,7,4,0.1455828845500946
4,7,5,0.10394228249788284
4,7,6,0.06034889444708824
4,8,2,0.11732549965381622
4,8,3,0.1116006001830101
4,8,4,0.07417374104261398
4,8,5,0.06415382772684097
4,8,6,0.04511476680636406
4,9,2,0.15584826469421387
4,9,3,0.13395977020263672
4,9,4,0.07058194279670715
4,9,5,0.04598540812730789
4,9,6,0.032338228076696396
4,10,2,0.2774008810520172
4,10,3,0.1593429446220398
4,10,4,0.08342550694942474
4,10,5,0.04994645342230797
4,10,6,0.060394179075956345
4,11,2,0.1898224949836731
4,11,3,0.1326853483915329
4,11,4,0.0779801681637764
4,11,5,0.050469573587179184
4,11,6,0.05207683518528938
5,0,2,0.15459129214286804
5,0,3,0.08197986334562302
5,0,4,0.08399252593517303
5,0,5,0.059609416872262955
5,0,6,0.041919004172086716
5,1,2,0.2635519504547119
5,1,3,0.05903782695531845
5,1,4,0.0400518961250782
5,1,5,0.03969731554389
5,1,6,0.028195755556225777
5,2,2,0.11905090510845184
5,2,3,0.11128225922584534
5,2,4,0.06431958824396133
5,2,5,0.0637768879532814
5,2,6,0.032006364315748215
5,3,2,0.15172502398490906
5,3,3,0.17086918652057648
5,3,4,0.1142253577709198
5,3,5,0.07630377262830734
5,3,6,0.06385162472724915
5,4,2,0.14370988309383392
5,4,3,0.10740675032138824
5,4,4,0.07025980949401855
5,4,5,0.04577554017305374
5,4,6,0.03219063580036163
5,5,2,0.2812536954879761
5,5,3,0.1754583865404129
5,5,4,0.024333253502845764
5,5,5,0.08618482202291489
5,5,6,0.05885022506117821
5,6,2,0.0910053700208664
5,6,3,0.063592828810215
5,6,4,0.13789337873458862
5,6,5,0.08452407270669937
5,6,6,0.08949881792068481
5,7,2,0.11455754190683365
5,7,3,0.23255625367164612
5,7,4,0.13897453248500824
5,7,5,0.09054442495107651
5,7,6,0.09122400730848312
5,8,2,0.25627022981643677
5,8,3,0.22473187744617462
5,8,4,0.10584040731191635
5,8,5,0.0685974732041359
5,8,6,0.02153012529015541
5,9,2,0.10099673271179199
5,9,3,0.15641489624977112
5,9,4,0.09422045946121216
5,9,5,0.07857654243707657
5,9,6,0.05525722727179527
5,10,2,0.16154968738555908
5,10,3,0.18209658563137054
5,10,4,0.095669224858284
5,10,5,0.076438769698143
5,10,6,0.015031639486551285
5,11,2,0.12617668509483337
5,11,3,0.038088034838438034
5,11,4,0.0964021384716034
5,11,5,0.024461019784212112
5,11,6,0.08636045455932617
6,0,2,0.20869536697864532
6,0,3,0.08559949696063995
6,0,4,0.09034302830696106
6,0,5,0.05701189488172531
6,0,6,0.07235271483659744
6,1,2,0.19479230046272278
6,1,3,0.07529256492853165
6,1,4,0.0853581428527832
6,1,5,0.05110351741313934
6,1,6,0.00952299777418375
6,2,2,0.12072104215621948
6,2,3,0.06784042716026306
6,2,4,0.04822594299912453
6,2,5,0.03142007440328598
6,2,6,0.02209547720849514
6,3,2,0.14687120914459229
6,3,3,0.04842359200119972
6,3,4,0.042661115527153015
6,3,5,0.06869702786207199
6,3,6,0.0693010687828064
6,4,2,0.1353556215763092
6,4,3,0.08545997738838196
6,4,4,0.06945198774337769
6,4,5,0.04524923488497734
6,4,6,0.031820520758628845
6,5,2,0.2199382185935974
6,5,3,0.11733634024858475
6,5,4,0.07679816335439682
6,5,5,0.07796824723482132
6,5,6,0.02312280423939228
6,6,2,0.18615971505641937
6,6,3,0.08658722043037415
6,6,4,0.09261282533407211
6,6,5,0.060338929295539856
6,6,6,0.0424320250749588
6,7,2,0.09284099191427231
6,7,3,0.04721087962388992
6,7,4,0.027287228032946587
6,7,5,0.023842457681894302
6,7,6,0.016766684129834175
6,8,2,0.05626896396279335
6,8,3,0.026172004640102386
6,8,4,0.07457269728183746
6,8,5,0.04419124126434326
6,8,6,0.03623358905315399
6,9,2,0.15133148431777954
6,9,3,0.07038779556751251
6,9,4,0.055869121104478836
6,9,5,0.036399729549884796
6,9,6,0.06676188111305237
6,10,2,0.053335368633270264
6,10,3,0.024807527661323547
6,10,4,0.014338401146233082
6,10,5,0.009341724216938019
6,10,6,0.04005717113614082
6,11,2,0.14182226359844208
6,11,3,0.06844805926084518
6,11,4,0.038074955344200134
6,11,5,0.024806523695588112
6,11,6,0.021022450178861618
7,0,2,0.17979703843593597
7,0,3,0.0968124195933342
7,0,4,0.09315472841262817
7,0,5,0.06069200113415718
7,0,6,0.04268030449748039
7,1,2,0.09776689112186432
7,1,3,0.19994188845157623
7,1,4,0.12957243621349335
7,1,5,0.0771949291229248
7,1,6,0.07772131264209747
7,2,2,0.14820216596126556
7,2,3,0.10829100757837296
7,2,4,0.08561643213033676
7,2,5,0.05578066408634186
7,2,6,0.03922652080655098
7,3,2,0.13533294200897217
7,3,3,0.05567744001746178
7,3,4,0.07765981554985046
7,3,5,0.047227371484041214
7,3,6,0.045050524175167084
7,4,2,0.18194614350795746
7,4,3,0.11150091886520386
7,4,4,0.06444597244262695
7,4,5,0.0687498152256012
7,4,6,0.05909723788499832
7,5,2,0.15805108845233917
7,5,3,0.07351323962211609
7,5,4,0.0627480000257492
7,5,5,0.03629106655716896
7,5,6,0.061596620827913284
7,6,2,0.23976261913776398
7,6,3,0.050948597490787506
7,6,4,0.06281429529190063
7,6,5,0.12867893278598785
7,6,6,0.02374967932701111
7,7,2,0.15298886597156525
7,7,3,0.1104213297367096
7,7,4,0.06382198631763458
7,7,5,0.041581179946660995
7,7,6,0.0292410496622324
7,8,2,0.17400701344013214
7,8,3,0.08093471080064774
7,8,4,0.046779125928878784
7,8,5,0.030477449297904968
7,8,6,0.02143258973956108
7,9,2,0.19122304022312164
7,9,3,0.11373429000377655
7,9,4,0.08275385200977325
7,9,5,0.053915634751319885
7,9,6,0.04604820907115936
7,10,2,0.2404688447713852
7,10,3,0.13600562512874603
7,10,4,0.020439034327864647
7,10,5,0.06372224539518356
7,10,6,0.04700145870447159
7,11,2,0.19932278990745544
7,11,3,0.10405809432268143
7,11,4,0.07509834319353104
7,11,5,0.01799577847123146
7,11,6,0.03945815935730934
8,0,2,0.11439547687768936
8,0,3,0.08687850832939148
8,0,4,0.050214558839797974
8,0,5,0.03271569311618805
8,0,6,0.062035541981458664
8,1,2,0.21260669827461243
8,1,3,0.1060696542263031
8,1,4,0.061306774616241455
8,1,5,0.08219151198863983
8,1,6,0.05779936909675598
8,2,2,0.0565904937684536
8,2,3,0.02632155455648899
8,2,4,0.015213491395115852
8,2,5,0.009911864064633846
8,2,6,0.06217975914478302
8,3,2,0.24438703060150146
8,3,3,0.130837082862854
8,3,4,0.0867687463760376
8,3,5,0.05194304138422012
8,3,6,0.06054810807108879
8,4,2,0.05522404611110687
8,4,3,0.02568598836660385
8,4,4,0.014846143312752247
8,4,5,0.009672529064118862
8,4,6,0.06178092956542969
8,5,2,0.12866324186325073
8,5,3,0.09121835231781006
8,5,4,0.05203131586313248
8,5,5,0.03389934450387955
8,5,6,0.05259287729859352
8,6,2,0.17742569744586945
8,6,3,0.08252481371164322
8,6,4,0.04769819229841232
8,6,5,0.031076237559318542
8,6,6,0.043546438217163086
8,7,2,0.22506660223007202
8,7,3,0.10468371212482452
8,7,4,0.06050572544336319
8,7,5,0.03942056745290756
8,7,6,0.05752888694405556
8,8,2,0.06264205276966095
8,8,3,0.029136277735233307
8,8,4,0.016840357333421707
8,8,5,0.053484607487916946
8,8,6,0.03761187195777893
8,9,2,0.26145413517951965
8,9,3,0.14299508929252625
8,9,4,0.08073640614748001
8,9,5,0.08047423511743546
8,9,6,0.05357661098241806
8,10,2,0.36844414472579956
8,10,3,0.22096814215183258
8,10,4,0.11786605417728424
8,10,5,0.08431711047887802
8,10,6,0.05613505095243454
8,11,2,0.22887390851974487
8,11,3,0.15023286640644073
8,11,4,0.08683249354362488
8,11,5,0.056572943925857544
8,11,6,0.057786259800195694
9,0,2,0.06833755970001221
9,0,3,0.09235534071922302
9,0,4,0.03547271713614464
9,0,5,0.023111114278435707
9,0,6,0.016252383589744568
9,1,2,0.31716224551200867
9,1,3,0.10456874221563339
9,1,4,0.05207100883126259
9,1,5,0.031174669042229652
9,1,6,0.020754879340529442
9,2,2,0.18987934291362762
9,2,3,0.08831729739904404
9,2,4,0.05104616656899452
9,2,5,0.03325749933719635
9,2,6,0.02338760532438755
9,3,2,0.08770187944173813
9,3,3,0.057456132024526596
9,3,4,0.03320883959531784
9,3,5,0.021636158227920532
9,3,6,0.015215154737234116
9,4,2,0.11906838417053223
9,4,3,0.055381473153829575
9,4,4,0.03200972080230713
9,4,5,0.020854908972978592
9,4,6,0.0146657545119524
9,5,2,0.09708333760499954
9,5,3,0.046819720417261124
9,5,4,0.02706114389002323
9,5,5,0.01763082668185234
9,5,6,0.0123984906822443
9,6,2,0.23084259033203125
9,6,3,0.21245580911636353
9,6,4,0.10579441487789154
9,6,5,0.06333861500024796
9,6,6,0.04216838255524635
9,7,2,0.19723838567733765
9,7,3,0.06502972543239594
9,7,4,0.03238217532634735
9,7,5,0.019387053325772285
9,7,6,0.012907146476209164
9,8,2,0.08551447838544846
9,8,3,0.054476115852594376
9,8,4,0.03148643299937248
9,8,5,0.020513981580734253
9,8,6,0.036126039922237396
9,9,2,0.12009783089160919
9,9,3,0.11809433251619339
9,9,4,0.06825686991214752
9,9,5,0.04447058215737343
9,9,6,0.03127296268939972
9,10,2,0.19316469132900238
9,10,3,0.08984541147947311
9,10,4,0.051929373294115067
9,10,5,0.033832941204309464
9,10,6,0.03378709778189659
9,11,2,0.2051953226327896
9,11,3,0.09544111788272858
9,11,4,0.05516362935304642
9,11,5,0.035940103232860565
9,11,6,0.025274086743593216
10,0,2,0.15709571540355682
10,0,3,0.17131976783275604
10,0,4,0.08614782989025116
10,0,5,0.056126877665519714
10,0,6,0.0706048309803009
10,1,2,0.16404464840888977
10,1,3,0.10074830800294876
10,1,4,0.0975567176938057
10,1,5,0.06355997174978256
10,1,6,0.044697146862745285
10,2,2,0.21275559067726135
10,2,3,0.13014626502990723
10,2,4,0.09582590311765671
10,2,5,0.06243231147527695
10,2,6,0.043904151767492294
10,3,2,0.265034556388855
10,3,3,0.18111947178840637
10,3,4,0.10725564509630203
10,3,5,0.07334446907043457
10,3,6,0.051577892154455185
10,4,2,0.16742944717407227
10,4,3,0.10912321507930756
10,4,4,0.08931240439414978
10,4,5,0.07993298023939133
10,4,6,0.07119348645210266
10,5,2,0.20255285501480103
10,5,3,0.11336688697338104
10,5,4,0.0946601927280426
10,5,5,0.062464941293001175
10,5,6,0.05632849410176277
10,6,2,0.17180323600769043
10,6,3,0.09134403616189957
10,6,4,0.07122548669576645
10,6,5,0.09076984971761703
10,6,6,0.06980258226394653
10,7,2,0.23833918571472168
10,7,3,0.20023244619369507
10,7,4,0.12458936870098114
10,7,5,0.08117224276065826
10,7,6,0.057082585990428925
10,8,2,0.22854945063591003
10,8,3,0.10630366206169128
10,8,4,0.0598219595849514
10,8,5,0.04323789104819298
10,8,6,0.03040608949959278
10,9,2,0.254703551530838
10,9,3,0.21100671589374542
10,9,4,0.12964487075805664
10,9,5,0.09030939638614655
10,9,6,0.06350809335708618
10,10,2,0.19555242359638214
10,10,3,0.1994631588459015
10,10,4,0.11208829283714294
10,10,5,0.07302755117416382
10,10,6,0.051355019211769104
10,11,2,0.2416277974843979
10,11,3,0.15055255591869354
10,11,4,0.10723868012428284
10,11,5,0.09797529876232147
10,11,6,0.08158749341964722
11,0,2,0.17137689888477325
11,0,3,0.11253394186496735
11,0,4,0.056037358939647675
11,0,5,0.03354929760098457
11,0,6,0.02233581803739071
11,1,2,0.09870941936969757
11,1,3,0.04591205716133118
11,1,4,0.037114668637514114
11,1,5,0.024558987468481064
11,1,6,0.015228169970214367
11,2,2,0.055015165358781815
11,2,3,0.06737781316041946
11,2,4,0.020820967853069305
11,2,5,0.05690693482756615
11,2,6,0.03264928609132767
11,3,2,0.10127803683280945
11,3,3,0.05279528722167015
11,3,4,0.10294652730226517
11,3,5,0.06707152724266052
11,3,6,0.047166574746370316
11,4,2,0.16585290431976318
11,4,3,0.09320513904094696
11,4,4,0.06039789691567421
11,4,5,0.03935032710433006
11,4,6,0.02767224609851837
11,5,2,0.1272364854812622
11,5,3,0.05182696506381035
11,5,4,0.08063316345214844
11,5,5,0.052533965557813644
11,5,6,0.036943353712558746
11,6,2,0.03549441322684288
11,6,3,0.12895309925079346
11,6,4,0.09505986422300339
11,6,5,0.03880554437637329
11,6,6,0.03115755505859852
11,7,2,0.1409483551979065
11,7,3,0.08818310499191284
11,7,4,0.05096859857439995
11,7,5,0.03320696949958801
11,7,6,0.023352069780230522
11,8,2,0.12247707694768906
11,8,3,0.10359606146812439
11,8,4,0.07636633515357971
11,8,5,0.049754057079553604
11,8,6,0.034988440573215485
11,9,2,0.08747749775648117
11,9,3,0.1588813215494156
11,9,4,0.03610444813966751
11,9,5,0.10904400050640106
11,9,6,0.06028606742620468
11,10,2,0.08192763477563858
11,10,3,0.028619112446904182
11,10,4,0.023896630853414536
11,10,5,0.07568253576755524
11,10,6,0.0276159830391407
11,11,2,0.3168471157550812
11,11,3,0.12042883038520813
11,11,4,0.09501741826534271
11,11,5,0.06821531057357788
11,11,6,0.04387575015425682
12,0,2,0.1472943127155304
12,0,3,0.09542283415794373
12,0,4,0.10104338079690933
12,0,5,0.06583159416913986
12,0,6,0.06534789502620697
12,1,2,0.11825364083051682
12,1,3,0.12190455943346024
12,1,4,0.09296269714832306
12,1,5,0.06056687608361244
12,1,6,0.04259232431650162
12,2,2,0.1330997198820114
12,2,3,0.07178884744644165
12,2,4,0.06094222888350487
12,2,5,0.03970497474074364
12,2,6,0.027921641245484352
12,3,2,0.13389097154140472
12,3,3,0.15556669235229492
12,3,4,0.11754880845546722
12,3,5,0.07949205487966537
12,3,6,0.05590103194117546
12,4,2,0.13695992529392242
12,4,3,0.09439264237880707
12,4,4,0.05455762892961502
12,4,5,0.041913628578186035
12,4,6,0.029474835842847824
12,5,2,0.1366649866104126
12,5,3,0.09272319823503494
12,5,4,0.0703059583902359
12,5,5,0.06635112315416336
12,5,6,0.046659961342811584
12,6,2,0.18090829253196716
12,6,3,0.13394492864608765
12,6,4,0.0795452818274498
12,6,5,0.05182519182562828
12,6,6,0.036444928497076035
12,7,2,0.10623836517333984
12,7,3,0.18967677652835846
12,7,4,0.07216829061508179
12,7,5,0.03803250566124916
12,7,6,0.023483822122216225
12,8,2,0.1519128829240799
12,8,3,0.09070906043052673
12,8,4,0.06663597375154495
12,8,5,0.0468737967312336
12,8,6,0.027604475617408752
12,9,2,0.040405597537755966
12,9,3,0.1304541379213333
12,9,4,0.09028767049312592
12,9,5,0.05405479297041893
12,9,6,0.035987574607133865
12,10,2,0.1436714231967926
12,10,3,0.1572287529706955
12,10,4,0.09383054822683334
12,10,5,0.08604677766561508
12,10,6,0.06051049381494522
12,11,2,0.24361246824264526
12,11,3,0.06303814798593521
12,11,4,0.15556573867797852
12,11,5,0.09696582704782486
12,11,6,0.059873200953006744
13,0,2,0.1807592362165451
13,0,3,0.1715567260980606
13,0,4,0.11124487966299057
13,0,5,0.07704121619462967
13,0,6,0.05417753756046295
13,1,2,0.2414872646331787
13,1,3,0.16354979574680328
13,1,4,0.08502501994371414
13,1,5,0.06717821210622787
13,1,6,0.04724159464240074
13,2,2,0.1394304633140564
13,2,3,0.15568803250789642
13,2,4,0.09484866261482239
13,2,5,0.06179562211036682
13,2,6,0.043456412851810455
13,3,2,0.2288777232170105
13,3,3,0.155018150806427
13,3,4,0.08959834277629852
13,3,5,0.058374930173158646
13,3,6,0.041050877422094345
13,4,2,0.051573071628808975
13,4,3,0.047243449836969376
13,4,4,0.1776304692029953
13,4,5,0.11889710277318954
13,4,6,0.07341504096984863
13,5,2,0.20853662490844727
13,5,3,0.11593420803546906
13,5,4,0.11441974341869354
13,5,5,0.07454653084278107
13,5,6,0.05242320895195007
13,6,2,0.22056405246257782
13,6,3,0.1557115763425827
13,6,4,0.09771322458982468
13,6,5,0.06366194039583206
13,6,6,0.04476885497570038
13,7,2,0.17685875296592712
13,7,3,0.15089984238147736
13,7,4,0.08582384884357452
13,7,5,0.05591578781604767
13,7,6,0.039321545511484146
13,8,2,0.18239374458789825
13,8,3,0.10075915604829788
13,8,4,0.047493141144514084
13,8,5,0.044493239372968674
13,8,6,0.031288888305425644
13,9,2,0.19774995744228363
13,9,3,0.10313370823860168
13,9,4,0.11430758237838745
13,9,5,0.08488988876342773
13,9,6,0.07536527514457703
13,10,2,0.1633811742067337
13,10,3,0.14573991298675537
13,10,4,0.0828951969742775
13,10,5,0.05400771647691727
13,10,6,0.037979744374752045
13,11,2,0.1983363926410675
13,11,3,0.12745915353298187
13,11,4,0.08667578548192978
13,11,5,0.0564708448946476
13,11,6,0.03971187397837639
14,0,2,0.11797894537448883
14,0,3,0.063323475420475
14,0,4,0.051847442984580994
14,0,5,0.03424139693379402
14,0,6,0.025258008390665054
14,1,2,0.122906394302845
14,1,3,0.05716661736369133
14,1,4,0.03304150700569153
14,1,5,0.021527139469981194
14,1,6,0.015138485468924046
14,2,2,0.06582760810852051
14,2,3,0.07028921693563461
14,2,4,0.040626175701618195
14,2,5,0.02646869607269764
14,2,6,0.018613532185554504
14,3,2,0.1447429358959198
14,3,3,0.0657956451177597
14,3,4,0.0603678934276104
14,3,5,0.03933078050613403
14,3,6,0.027658501639962196
14,4,2,0.14770498871803284
14,4,3,0.04869849979877472
14,4,4,0.024249887093901634
14,4,5,0.01451828982681036
14,4,6,0.009665715508162975
14,5,2,0.11480177193880081
14,5,3,0.10400626808404922
14,5,4,0.060114167630672455
14,5,5,0.03696269914507866
14,5,6,0.025993196293711662
14,6,2,0.23222856223583221
14,6,3,0.12253373861312866
14,6,4,0.08887388557195663
14,6,5,0.0532083697617054
14,6,6,0.03542406111955643
14,7,2,0.08355911821126938
14,7,3,0.20806819200515747
14,7,4,0.10073089599609375
14,7,5,0.06384368240833282
14,7,6,0.040327101945877075
14,8,2,0.11521440744400024
14,8,3,0.06962476670742035
14,8,4,0.08949793875217438
14,8,5,0.039173927158117294
14,8,6,0.03210979700088501
14,9,2,0.12659159302711487
14,9,3,0.058880701661109924
14,9,4,0.034032221883535385
14,9,5,0.031576208770275116
14,9,6,0.01732027344405651
14,10,2,0.17259135842323303
14,10,3,0.0905146598815918
14,10,4,0.06730791926383972
14,10,5,0.06359266489744186
14,10,6,0.04472013935446739
14,11,2,0.12855562567710876
14,11,3,0.09017958492040634
14,11,4,0.052122537046670914
14,11,5,0.03395877778530121
14,11,6,0.02388075925409794
15,0,2,0.1624455749988556
15,0,3,0.10656991600990295
15,0,4,0.07449547201395035
15,0,5,0.033179886639118195
15,0,6,0.04757910966873169
15,1,2,0.0884815976023674
15,1,3,0.13936324417591095
15,1,4,0.02806236408650875
15,1,5,0.03429890796542168
15,1,6,0.0776844248175621
15,2,2,0.1619744449853897
15,2,3,0.08384940773248672
15,2,4,0.0691065788269043
15,2,5,0.037438515573740005
15,2,6,0.059764470905065536
15,3,2,0.18006032705307007
15,3,3,0.08375024050474167
15,3,4,0.0567915253341198
15,3,5,0.037000708281993866
15,3,6,0.026019927114248276
15,4,2,0.2749561369419098
15,4,3,0.14961344003677368
15,4,4,0.09070108085870743
15,4,5,0.06043461337685585
15,4,6,0.040235016494989395
15,5,2,0.21481871604919434
15,5,3,0.12028840184211731
15,5,4,0.06970448046922684
15,5,5,0.04173174127936363
15,5,6,0.07105785608291626
15,6,2,0.1799139529466629
15,6,3,0.10876394063234329
15,6,4,0.09980738162994385
15,6,5,0.06502631306648254
15,6,6,0.04572832211852074
15,7,2,0.12908120453357697
15,7,3,0.06941508501768112
15,7,4,0.04910682886838913
15,7,5,0.05854496359825134
15,7,6,0.02789669670164585
15,8,2,0.1859758347272873
15,8,3,0.08650168776512146
15,8,4,0.049996767193078995
15,8,5,0.032573796808719635
15,8,6,0.02290680631995201
15,9,2,0.07846811413764954
15,9,3,0.19338072836399078
15,9,4,0.10697714984416962
15,9,5,0.016786888241767883
15,9,6,0.12424518167972565
15,10,2,0.19976821541786194
15,10,3,0.11953122168779373
15,10,4,0.08634789288043976
15,10,5,0.0525965541601181
15,10,6,0.0475875623524189
15,11,2,0.15703555941581726
15,11,3,0.08726675063371658
15,11,4,0.06376835703849792
15,11,5,0.015926167368888855
15,11,6,0.04079308360815048
16,0,2,0.14919613301753998
16,0,3,0.06939458847045898
16,0,4,0.04910167306661606
16,0,5,0.03199063241481781
16,0,6,0.022496705874800682
16,1,2,0.19156667590141296
16,1,3,0.0891021192073822
16,1,4,0.05149979144334793
16,1,5,0.03355304151773453
16,1,6,0.023595429956912994
16,2,2,0.14507505297660828
16,2,3,0.08314365893602371
16,2,4,0.048055876046419144
16,2,5,0.03130927309393883
16,2,6,0.022017555311322212
16,3,2,0.16485945880413055
16,3,3,0.08546879887580872
16,3,4,0.04939977079629898
16,3,5,0.032184842973947525
16,3,6,0.022633282467722893
16,4,2,0.17400093376636505
16,4,3,0.0809318944811821
16,4,4,0.046777497977018356
16,4,5,0.030476387590169907
16,4,6,0.021431852132081985
16,5,2,0.14473435282707214
16,5,3,0.06731931120157242
16,5,4,0.03890962153673172
16,5,5,0.02535032108426094
16,5,6,0.01782705821096897
16,6,2,0.2076457440853119
16,6,3,0.10623496770858765
16,6,4,0.061402324587106705
16,6,5,0.04000472649931908
16,6,6,0.028132444247603416
16,7,2,0.18593591451644897
16,7,3,0.09882395714521408
16,7,4,0.057118866592645645
16,7,5,0.037213973701000214
16,7,6,0.02616991102695465
16,8,2,0.13093258440494537
16,8,3,0.06089979410171509
16,8,4,0.035199228674173355
16,8,5,0.022932933643460274
16,8,6,0.016127079725265503
16,9,2,0.17279015481472015
16,9,3,0.08036872744560242
16,9,4,0.04645200073719025
16,9,5,0.030264317989349365
16,9,6,0.021282710134983063
16,10,2,0.1442950963973999
16,10,3,0.09001996368169785
16,10,4,0.052030280232429504
16,10,5,0.033898673951625824
16,10,6,0.02383849211037159
16,11,2,0.1640114188194275
16,11,3,0.07628553360700607
16,11,4,0.04409196972846985
16,11,5,0.028726715594530106
16,11,6,0.0202014297246933
17,0,2,0.15398862957954407
17,0,3,0.1214214414358139
17,0,4,0.07017988711595535
17,0,5,0.04572347551584244
17,0,6,0.03215401992201805
17,1,2,0.0702529326081276
17,1,3,0.20195211470127106
17,1,4,0.04104144126176834
17,1,5,0.09839612245559692
17,1,6,0.027093105018138885
17,2,2,0.06229241192340851
17,2,3,0.06413803994655609
17,2,4,0.09092821180820465
17,2,5,0.05924137309193611
17,2,6,0.04166019707918167
17,3,2,0.16668380796909332
17,3,3,0.13524509966373444
17,3,4,0.07816977053880692
17,3,5,0.05645700916647911
17,3,6,0.036825768649578094
17,4,2,0.1268129050731659
17,4,3,0.05898363143205643
17,4,4,0.03409171849489212
17,4,5,0.04410787299275398
17,4,6,0.05927117168903351
17,5,2,0.12297570705413818
17,5,3,0.08604592084884644
17,5,4,0.07890281081199646
17,5,5,0.056122180074453354
17,5,6,0.06176445260643959
17,6,2,0.19731390476226807
17,6,3,0.0404612235724926
17,6,4,0.11375624686479568
17,6,5,0.0681053176522255
17,6,6,0.05410272628068924
17,7,2,0.14935405552387238
17,7,3,0.25452667474746704
17,7,4,0.09754731506109238
17,7,5,0.16441307961940765
17,7,6,0.10188101977109909
17,8,2,0.14525938034057617
17,8,3,0.10547036677598953
17,8,4,0.0658402368426323
17,8,5,0.042896103113889694
17,8,6,0.030165737494826317
17,9,2,0.12456855177879333
17,9,3,0.08003924041986465
17,9,4,0.046261560171842575
17,9,5,0.05027002841234207
17,9,6,0.04518181085586548
17,10,2,0.39397889375686646
17,10,3,0.17661812901496887
17,10,4,0.10580574721097946
17,10,5,0.06770666688680649
17,10,6,0.07862462848424911
17,11,2,0.32775795459747314
17,11,3,0.12019332498311996
17,11,4,0.12362620234489441
17,11,5,0.07030213624238968
17,11,6,0.05126461386680603
18,0,2,0.10046462714672089
18,0,3,0.046728432178497314
18,0,4,0.027008380740880966
18,0,5,0.01759645715355873
18,0,6,0.012374315410852432
18,1,2,0.1592920422554016
18,1,3,0.12101983278989792
18,1,4,0.07491879910230637
18,1,5,0.06334193795919418
18,1,6,0.03718419000506401
18,2,2,0.13355596363544464
18,2,3,0.0621199831366539
18,2,4,0.03590448200702667
18,2,5,0.023392418399453163
18,2,6,0.03824933245778084
18,3,2,0.11932706832885742
18,3,3,0.0919714942574501
18,3,4,0.04835458844900131
18,3,5,0.05079438164830208
18,3,6,0.03661966696381569
18,4,2,0.1211889386177063
18,4,3,0.056367792189121246
18,4,4,0.0617535226047039
18,4,5,0.09919392317533493
18,4,6,0.0697559341788292
18,5,2,0.23244309425354004
18,5,3,0.10338917374610901
18,5,4,0.0903782844543457
18,5,5,0.06365592032670975
18,5,6,0.04507184401154518
18,6,2,0.09987090528011322
18,6,3,0.04930736497044563
18,6,4,0.03305080905556679
18,6,5,0.027816500514745712
18,6,6,0.044441867619752884
18,7,2,0.1110318973660469
18,7,3,0.18416188657283783
18,7,4,0.11393223702907562
18,7,5,0.09352251142263412
18,7,6,0.07540559023618698
18,8,2,0.17663656175136566
18,8,3,0.08215777575969696
18,8,4,0.04748604819178581
18,8,5,0.03093801997601986
18,8,6,0.021756483241915703
18,9,2,0.07461437582969666
18,9,3,0.1132817491889
18,9,4,0.06547526270151138
18,9,5,0.04265832155942917
18,9,6,0.04029424488544464
18,10,2,0.15966083109378815
18,10,3,0.07983563095331192
18,10,4,0.07910016924142838
18,10,5,0.04674308001995087
18,10,6,0.05346290022134781
18,11,2,0.17443960905075073
18,11,3,0.09399009495973587
18,11,4,0.06819796562194824
18,11,5,0.04082980006933212
18,11,6,0.027182893827557564
19,0,2,0.17871202528476715
19,0,3,0.08312312513589859
19,0,4,0.048044003546237946
19,0,5,0.048138927668333054
19,0,6,0.025546211749315262
19,1,2,0.09622614085674286
19,1,3,0.16062180697917938
19,1,4,0.037434086203575134
19,1,5,0.13071496784687042
19,1,6,0.07658054679632187
19,2,2,0.1718229502439499
19,2,3,0.09414439648389816
19,2,4,0.06698530912399292
19,2,5,0.05243106558918953
19,2,6,0.04186085984110832
19,3,2,0.1792047917842865
19,3,3,0.11404643952846527
19,3,4,0.06507730484008789
19,3,5,0.06365460157394409
19,3,6,0.044299036264419556
19,4,2,0.1454579383134842
19,4,3,0.09683138132095337
19,4,4,0.05596718564629555
19,4,5,0.03646363317966461
19,4,6,0.02564225159585476
19,5,2,0.16658714413642883
19,5,3,0.14846831560134888
19,5,4,0.08021508157253265
19,5,5,0.04504309222102165
19,5,6,0.0316755510866642
19,6,2,0.07679550349712372
19,6,3,0.06276572495698929
19,6,4,0.04578229784965515
19,6,5,0.10146363079547882
19,6,6,0.046875666826963425
19,7,2,0.26303815841674805
19,7,3,0.12640142440795898
19,7,4,0.07305824756622314
19,7,5,0.061443839222192764
19,7,6,0.0432090237736702
19,8,2,0.17943722009658813
19,8,3,0.13175161182880402
19,8,4,0.09704194217920303
19,8,5,0.05955022573471069
19,8,6,0.07441797852516174
19,9,2,0.18513116240501404
19,9,3,0.08161180466413498
19,9,4,0.0595276914536953
19,9,5,0.04386308044195175
19,9,6,0.07183803617954254
19,10,2,0.1061755120754242
19,10,3,0.20132796466350555
19,10,4,0.10919730365276337
19,10,5,0.08206597715616226
19,10,6,0.0880027711391449
19,11,2,0.26812323927879333
19,11,3,0.14146116375923157
19,11,4,0.11248977482318878
19,11,5,0.05414769798517227
19,11,6,0.06873036921024323
20,0,2,0.20961306989192963
20,0,3,0.13144996762275696
20,0,4,0.07597624510526657
20,0,5,0.04949990287423134
20,0,6,0.06145484000444412
20,1,2,0.23795783519744873
20,1,3,0.1302977204322815
20,1,4,0.10246443748474121
20,1,5,0.066757433116436
20,1,6,0.046945687383413315
20,2,2,0.17690083384513855
20,2,3,0.08228069543838501
20,2,4,0.04755708947777748
20,2,5,0.03098430670797825
20,2,6,0.021789031103253365
20,3,2,0.16446560621261597
20,3,3,0.08157938718795776
20,3,4,0.08289200067520142
20,3,5,0.054005641490221024
20,3,6,0.03797827288508415
20,4,2,0.176763117313385
20,4,3,0.08856794983148575
20,4,4,0.09190349280834198
20,4,5,0.05987678840756416
20,4,6,0.042107030749320984
20,5,2,0.210199773311615
20,5,3,0.14438290894031525
20,5,4,0.0809951201081276
20,5,5,0.04849139600992203
20,5,6,0.03798239678144455
20,6,2,0.30443274974823
20,6,3,0.16755732893943787
20,6,4,0.09657924622297287
20,6,5,0.05782153457403183
20,6,6,0.038495324552059174
20,7,2,0.1786630004644394
20,7,3,0.09911904484033585
20,7,4,0.05728942155838013
20,7,5,0.037325095385313034
20,7,6,0.06398359686136246
20,8,2,0.1506980061531067
20,8,3,0.14418762922286987
20,8,4,0.08333844691514969
20,8,5,0.05429650843143463
20,8,6,0.0381828136742115
20,9,2,0.12933503091335297
20,9,3,0.15014830231666565
20,9,4,0.09366638958454132
20,9,5,0.06404779106378555
20,9,6,0.04947224259376526
20,10,2,0.12468057125806808
20,10,3,0.22506742179393768
20,10,4,0.08563373237848282
20,10,5,0.034038249403238297
20,10,6,0.09149019420146942
20,11,2,0.20326711237430573
20,11,3,0.11122970283031464
20,11,4,0.09460444003343582
20,11,5,0.06163650378584862
20,11,6,0.05369525030255318
21,0,2,0.06439336389303207
21,0,3,0.17417298257350922
21,0,4,0.12053070962429047
21,0,5,0.07216116040945053
21,0,6,0.056765731424093246
21,1,2,0.08273723721504211
21,1,3,0.05893758311867714
21,1,4,0.03626980260014534
21,1,5,0.03416851907968521
21,1,6,0.03778700903058052
21,2,2,0.0565904937684536
21,2,3,0.02632155455648899
21,2,4,0.015213491395115852
21,2,5,0.009911864064633846
21,2,6,0.006970300804823637
21,3,2,0.15151698887348175
21,3,3,0.11497147381305695
21,3,4,0.08982428908348083
21,3,5,0.05852215364575386
21,3,6,0.06046814098954201
21,4,2,0.28525426983833313
21,4,3,0.0566522479057312
21,4,4,0.13264836370944977
21,4,5,0.07769855111837387
21,4,6,0.013714947737753391
21,5,2,0.1183839961886406
21,5,3,0.10256463289260864
21,5,4,0.05928092449903488
21,5,5,0.038622595369815826
21,5,6,0.027160486206412315
21,6,2,0.06389640271663666
21,6,3,0.1785098761320114
21,6,4,0.08889070898294449
21,6,5,0.053218454122543335
21,6,6,0.03543076664209366
21,7,2,0.30700409412384033
21,7,3,0.17324838042259216
21,7,4,0.08627069741487503
21,7,5,0.05164986103773117
21,7,6,0.03438646346330643
21,8,2,0.19176016747951508
21,8,3,0.07940374314785004
21,8,4,0.050750114023685455
21,8,5,0.033064618706703186
21,8,6,0.023251963779330254
21,9,2,0.3172362148761749
21,9,3,0.17159146070480347
21,9,4,0.14828726649284363
21,9,5,0.08877887576818466
21,9,6,0.0591055229306221
21,10,2,0.04794447496533394
21,10,3,0.04055822268128395
21,10,4,0.13267305493354797
21,10,5,0.06967199593782425
21,10,6,0.0496368408203125
21,11,2,0.09853405505418777
21,11,3,0.06710366904735565
21,11,4,0.18404121696949005
21,11,5,0.04225986823439598
21,11,6,0.10955405980348587
22,0,2,0.14480477571487427
22,0,3,0.0903143659234047
22,0,4,0.01584596559405327
22,0,5,0.06329634040594101
22,0,6,0.05499047785997391
22,1,2,0.1339878886938095
22,1,3,0.04725063219666481
22,1,4,0.12382043898105621
22,1,5,0.1249750405550003
22,1,6,0.0832035169005394
22,2,2,0.11934033781290054
22,2,3,0.055507976561784744
22,2,4,0.03208283334970474
22,2,5,0.041245754808187485
22,2,6,0.01634206809103489
22,3,2,0.2524738311767578
22,3,3,0.16429011523723602
22,3,4,0.09918612241744995
22,3,5,0.062301088124513626
22,3,6,0.07390310615301132
22,4,2,0.07319718599319458
22,4,3,0.043958403170108795
22,4,4,0.22207753360271454
22,4,5,0.11837982386350632
22,4,6,0.0730956420302391
22,5,2,0.17326723039150238
22,5,3,0.10502731800079346
22,5,4,0.05835550278425217
22,5,5,0.03801966831088066
22,5,6,0.026736488565802574
22,6,2,0.2077919840812683
22,6,3,0.035919420421123505
22,6,4,0.09312377125024796
22,6,5,0.04835137724876404
22,6,6,0.05647138133645058
22,7,2,0.054433517158031464
22,7,3,0.04832214489579201
22,7,4,0.16477146744728088
22,7,5,0.09611286967992783
22,7,6,0.05934653803706169
22,8,2,0.1732511967420578
22,8,3,0.04774918034672737
22,8,4,0.1512441635131836
22,8,5,0.0943169891834259
22,8,6,0.07030663639307022
22,9,2,0.18033522367477417
22,9,3,0.10689868032932281
22,9,4,0.05162854120135307
22,9,5,0.05448295548558235
22,9,6,0.033926453441381454
22,10,2,0.058459363877773285
22,10,3,0.16298386454582214
22,10,4,0.11196162551641464
22,10,5,0.07146104425191879
22,10,6,0.05824035778641701
22,11,2,0.0854632556438446
22,11,3,0.16398265957832336
22,11,4,0.034896768629550934
22,11,5,0.10766570270061493
22,11,6,0.0685577318072319
23,0,2,0.1860610693693161
23,0,3,0.09935162216424942
23,0,4,0.07811146974563599
23,0,5,0.06772743910551071
23,0,6,0.06325434893369675
23,1,2,0.07278905063867569
23,1,3,0.05704617500305176
23,1,4,0.11912979185581207
23,1,5,0.03215672820806503
23,1,6,0.025572262704372406
23,2,2,0.041376832872629166
23,2,3,0.10658925026655197
23,2,4,0.1437281370162964
23,2,5,0.08604934811592102
23,2,6,0.08209940791130066
23,3,2,0.217672660946846
23,3,3,0.1511513739824295
23,3,4,0.0843631699681282
23,3,5,0.06049387902021408
23,3,6,0.04684513434767723
23,4,2,0.16722097992897034
23,4,3,0.12105938792228699
23,4,4,0.02777264080941677
23,4,5,0.11100226640701294
23,4,6,0.0739009901881218
23,5,2,0.17199036478996277
23,5,3,0.11910524219274521
23,5,4,0.06932371109724045
23,5,5,0.053802039474248886
23,5,6,0.043467793613672256
23,6,2,0.10223203897476196
23,6,3,0.20648254454135895
23,6,4,0.11579998582601547
23,6,5,0.11667715758085251
23,6,6,0.07889744639396667
23,7,2,0.09893446415662766
23,7,3,0.21911592781543732
23,7,4,0.10395918041467667
23,7,5,0.08028946071863174
23,7,6,0.04639711603522301
23,8,2,0.21381168067455292
23,8,3,0.1067955419421196
23,8,4,0.1633967012166977
23,8,5,0.10078198462724686
23,8,6,0.08140575885772705
23,9,2,0.10461196303367615
23,9,3,0.08651407808065414
23,9,4,0.1862822026014328
23,9,5,0.10058868676424026
23,9,6,0.0845303162932396
23,10,2,0.06045391038060188
23,10,3,0.09389626234769821
23,10,4,0.03432488441467285
23,10,5,0.0775514543056488
23,10,6,0.0666339322924614
23,11,2,0.04818551614880562
23,11,3,0.16262298822402954
23,11,4,0.09740691632032394
23,11,5,0.06892643123865128
23,11,6,0.054032690823078156
24,0,2,0.18756689131259918
24,0,3,0.1053837388753891
24,0,4,0.052476849406957626
24,0,5,0.031417641788721085
24,0,6,0.020916640758514404
24,1,2,0.14781711995601654
24,1,3,0.09312115609645844
24,1,4,0.053822726011276245
24,1,5,0.03506648167967796
24,1,6,0.09307640045881271
24,2,2,0.12578624486923218
24,2,3,0.06554093211889267
24,2,4,0.03788173943758011
24,2,5,0.024680642411112785
24,2,6,0.017356116324663162
24,3,2,0.1983989179134369
24,3,3,0.09698554873466492
24,3,4,0.06901345402002335
24,3,5,0.04277222603559494
24,3,6,0.030078627169132233
24,4,2,0.13798783719539642
24,4,3,0.09884906560182571
24,4,4,0.057133376598358154
24,4,5,0.037223439663648605
24,4,6,0.02617655321955681
24,5,2,0.16169250011444092
24,5,3,0.08330366015434265
24,5,4,0.05291401594877243
24,5,5,0.0344744473695755
24,5,6,0.024243393912911415
24,6,2,0.1570950597524643
24,6,3,0.10278088599443436
24,6,4,0.059405915439128876
24,6,5,0.038704030215740204
24,6,6,0.02721775509417057
24,7,2,0.18036291003227234
24,7,3,0.11544084548950195
24,7,4,0.08302760124206543
24,7,5,0.06380371004343033
24,7,6,0.044868551194667816
24,8,2,0.11949063837528229
24,8,3,0.10983439534902573
24,8,4,0.056009285151958466
24,8,5,0.04020899534225464
24,8,6,0.025880401954054832
24,9,2,0.21247251331806183
24,9,3,0.10125774145126343
24,9,4,0.07717379927635193
24,9,5,0.0502801351249218
24,9,6,0.03535839915275574
24,10,2,0.20180188119411469
24,10,3,0.09386275708675385
24,10,4,0.05425135791301727
24,10,5,0.035345740616321564
24,10,6,0.024856112897396088
24,11,2,0.17232272028923035
24,11,3,0.08985301852226257
24,11,4,0.11356525868177414
24,11,5,0.06847105920314789
24,11,6,0.04815076291561127
25,0,2,0.18084314465522766
25,0,3,0.1206730529665947
25,0,4,0.06974734365940094
25,0,5,0.045441653579473495
25,0,6,0.031955841928720474
25,1,2,0.1391363888978958
25,1,3,0.08737804740667343
25,1,4,0.07715438306331635
25,1,5,0.03866111487150192
25,1,6,0.04284088686108589
25,2,2,0.1306583434343338
25,2,3,0.060772236436605453
25,2,4,0.035125501453876495
25,2,5,0.022884899750351906
25,2,6,0.01609329879283905
25,3,2,0.1624458283185959
25,3,3,0.11489631980657578
25,3,4,0.08739059418439865
25,3,5,0.05693655088543892
25,3,6,0.04003937542438507
25,4,2,0.1409924030303955
25,4,3,0.06557885557413101
25,4,4,0.03790365904569626
25,4,5,0.024694913998246193
25,4,6,0.017366163432598114
25,5,2,0.1699751764535904
25,5,3,0.09629309177398682
25,5,4,0.05888672545552254
25,5,5,0.038365766406059265
25,5,6,0.026979882270097733
25,6,2,0.1569405496120453
25,6,3,0.031592629849910736
25,6,4,0.08882230520248413
25,6,5,0.0636301264166832
25,6,6,0.042362459003925323
25,7,2,0.10159681737422943
25,7,3,0.04725504294037819
25,7,4,0.027312755584716797
25,7,5,0.01779475435614586
25,7,6,0.012513767927885056
25,8,2,0.1465054154396057
25,8,3,0.1344112604856491
25,8,4,0.0776878222823143
25,8,5,0.08052574098110199
25,8,6,0.05662795528769493
25,9,2,0.12967108190059662
25,9,3,0.1384117752313614
25,9,4,0.08326727151870728
25,9,5,0.054250139743089676
25,9,6,0.03815020993351936
25,10,2,0.11819127947092056
25,10,3,0.06910540908575058
25,10,4,0.08881875872612
25,10,5,0.06280860304832458
25,10,6,0.06023666635155678
25,11,2,0.10650482773780823
25,11,3,0.0951566994190216
25,11,4,0.05499923601746559
25,11,5,0.035833001136779785
25,11,6,0.025198766961693764
26,0,2,0.171627014875412
26,0,3,0.10471712052822113
26,0,4,0.08522599190473557
26,0,5,0.05552627891302109
26,0,6,0.03904762864112854
26,1,2,0.21550191938877106
26,1,3,0.0710512176156044
26,1,4,0.035380639135837555
26,1,5,0.021182214841246605
26,1,6,0.014102304354310036
26,2,2,0.12398052215576172
26,2,3,0.057666223496198654
26,2,4,0.033330272883176804
26,2,5,0.021715275943279266
26,2,6,0.01527079101651907
26,3,2,0.12943576276302338
26,3,3,0.060203585773706436
26,3,4,0.05295353755354881
26,3,5,0.03450019285082817
26,3,6,0.02426150068640709
26,4,2,0.13547612726688385
26,4,3,0.06112900748848915
26,4,4,0.04775767773389816
26,4,5,0.03111499361693859
26,4,6,0.02188093401491642
26,5,2,0.11916394531726837
26,5,3,0.07005704939365387
26,5,4,0.0404919870197773
26,5,5,0.026381265372037888
26,5,6,0.01855204440653324
26,6,2,0.20347145199775696
26,6,3,0.1300620436668396
26,6,4,0.10955389589071274
26,6,5,0.07199098914861679
26,6,6,0.04792879894375801
26,7,2,0.11945811659097672
26,7,3,0.0696190670132637
26,7,4,0.04023883491754532
26,7,5,0.02621634118258953
26,7,6,0.01843605563044548
26,8,2,0.21626794338226318
26,8,3,0.10300657153129578
26,8,4,0.07330809533596039
26,8,5,0.06944725662469864
26,8,6,0.04883725941181183
26,9,2,0.1911720186471939
26,9,3,0.03570595756173134
26,9,4,0.09722638875246048
26,9,5,0.019977573305368423
26,9,6,0.06908205896615982
26,10,2,0.14016443490982056
26,10,3,0.06519374996423721
26,10,4,0.04582865163683891
26,10,5,0.046198770403862
26,10,6,0.007947981357574463
26,11,2,0.08499657362699509
26,11,3,0.05663410946726799
26,11,4,0.039964497089385986
26,11,5,0.09089256078004837
26,11,6,0.04199188947677612
27,0,2,0.12879426777362823
27,0,3,0.1296873837709427
27,0,4,0.11946182698011398
27,0,5,0.07783155143260956
27,0,6,0.054733313620090485
27,1,2,0.2649855315685272
27,1,3,0.10064969956874847
27,1,4,0.06232619658112526
27,1,5,0.07125326991081238
27,1,6,0.04946969076991081
27,2,2,0.155686154961586
27,2,3,0.10386327654123306
27,2,4,0.06003152206540108
27,2,5,0.039111629128456116
27,2,6,0.027504390105605125
27,3,2,0.24178507924079895
27,3,3,0.1029241606593132
27,3,4,0.0912347286939621
27,3,5,0.059441082179546356
27,3,6,0.04180062562227249
27,4,2,0.2202991247177124
27,4,3,0.11784068495035172
27,4,4,0.07245294749736786
27,4,5,0.047204408794641495
27,4,6,0.03319546580314636
27,5,2,0.29863569140434265
27,5,3,0.13598617911338806
27,5,4,0.10076155513525009
27,5,5,0.06032547727227211
27,5,6,0.057882729917764664
27,6,2,0.23719218373298645
27,6,3,0.0525306798517704
27,6,4,0.13265569508075714
27,6,5,0.08286675810813904
27,6,6,0.05116749182343483
27,7,2,0.20487983524799347
27,7,3,0.12342441827058792
27,7,4,0.09038695693016052
27,7,5,0.058888740837574005
27,7,6,0.04141220450401306
27,8,2,0.18294835090637207
27,8,3,0.13138732314109802
27,8,4,0.07594003528356552
27,8,5,0.08523073047399521
27,8,6,0.05993662029504776
27,9,2,0.11903509497642517
27,9,3,0.14785505831241608
27,9,4,0.1032816618680954
27,9,5,0.08867815881967545
27,9,6,0.062360960990190506
27,10,2,0.21553093194961548
27,10,3,0.10167555510997772
27,10,4,0.06571587920188904
27,10,5,0.05896173417568207
27,10,6,0.04916224256157875
27,11,2,0.15684954822063446
27,11,3,0.12145356833934784
27,11,4,0.0784168392419815
27,11,5,0.07381551712751389
27,11,6,0.07279203832149506
28,0,2,0.1980004757642746
28,0,3,0.13478273153305054
28,0,4,0.09304942190647125
28,0,5,0.08863076567649841
28,0,6,0.07292243093252182
28,1,2,0.15689320862293243
28,1,3,0.15975865721702576
28,1,4,0.13711468875408173
28,1,5,0.08919766545295715
28,1,6,0.06311655789613724
28,2,2,0.15092842280864716
28,2,3,0.09826114773750305
28,2,4,0.06658933311700821
28,2,5,0.04411565884947777
28,2,6,0.06063424423336983
28,3,2,0.2231367975473404
28,3,3,0.10006865113973618
28,3,4,0.08431775867938995
28,3,5,0.09382379800081253
28,3,6,0.06597952544689178
28,4,2,0.13384614884853363
28,4,3,0.06873375177383423
28,4,4,0.05053243041038513
28,4,5,0.04708543419837952
28,4,6,0.03311179205775261
28,5,2,0.056522950530052185
28,5,3,0.19450083374977112
28,5,4,0.11810352653265
28,5,5,0.0707080140709877
28,5,6,0.05380392447113991
28,6,3,0.07966170459985733
28,6,4,0.2889489531517029
28,6,5,0.15088747441768646
28,6,6,0.14169692993164062
28,7,2,0.08549570292234421
28,7,3,0.15728183090686798
28,7,4,0.09004738926887512
28,7,5,0.06594860553741455
28,7,6,0.017428113147616386
28,8,2,0.13084784150123596
28,8,3,0.08742804825305939
28,8,4,0.0855313166975975
28,8,5,0.058733679354190826
28,8,6,0.07802139967679977
28,9,2,0.1080811619758606
28,9,3,0.21044956147670746
28,9,4,0.13383138179779053
28,9,5,0.10022567957639694
28,9,6,0.05918066203594208
28,10,2,0.15994906425476074
28,10,3,0.1137731745839119
28,10,4,0.12570291757583618
28,10,5,0.07416300475597382
28,10,6,0.06692292541265488
28,11,2,0.24856145679950714
28,11,3,0.20838630199432373
28,11,4,0.05768829584121704
28,11,5,0.15318498015403748
28,11,6,0.1138320341706276
29,0,2,0.18682938814163208
29,0,3,0.10181712359189987
29,0,4,0.08534685522317886
29,0,5,0.051096752285957336
29,0,6,0.03401822969317436
29,1,2,0.25375381112098694
29,1,3,0.08366291224956512
29,1,4,0.04166075214743614
29,1,5,0.024942094460129738
29,1,6,0.016605475917458534
29,2,2,0.1526973396539688
29,2,3,0.07102308422327042
29,2,4,0.041050348430871964
29,2,5,0.02674504742026329
29,2,6,0.01880786381661892
29,3,2,0.10851965099573135
29,3,3,0.09890121966600418
29,3,4,0.05716352537274361
29,3,5,0.0372430719435215
29,3,6,0.026190368458628654
29,4,2,0.13931088149547577
29,4,3,0.10828740149736404
29,4,4,0.06258860975503922
29,4,5,0.04077760875225067
29,4,6,0.028675951063632965
29,5,2,0.12515567243099213
29,5,3,0.06029469519853592
29,5,4,0.05064474791288376
29,5,5,0.03299597278237343
29,5,6,0.023203687742352486
29,6,2,0.23892280459403992
29,6,3,0.13787883520126343
29,6,4,0.06865809857845306
29,6,5,0.041105274111032486
29,6,6,0.027366289868950844
29,7,2,0.15218698978424072
29,7,3,0.0885041356086731
29,7,4,0.08778633177280426
29,7,5,0.057194385677576065
29,7,6,0.05153888091444969
29,8,2,0.20046935975551605
29,8,3,0.09452469646930695
29,8,4,0.0470694862306118
29,8,5,0.028180275112390518
29,8,6,0.05076619237661362
29,9,2,0.1533559113740921
29,9,3,0.07132941484451294
29,9,4,0.04122740030288696
29,9,5,0.026860397309064865
29,9,6,0.05020194128155708
29,10,2,0.1070014014840126
29,10,3,0.08043286204338074
29,10,4,0.05951195955276489
29,10,5,0.03877311944961548
29,10,6,0.02726634405553341
29,11,2,0.12860353291034698
29,11,3,0.05895374342799187
29,11,4,0.034074436873197556
29,11,5,0.022200115025043488
29,11,6,0.015611737966537476
30,0,2,0.2534453570842743
30,0,3,0.10476581007242203
30,0,4,0.07767637819051743
30,0,5,0.05060756206512451
30,0,6,0.03558865189552307
30,1,2,0.2957415282726288
30,1,3,0.14034534990787506
30,1,4,0.10413963347673416
30,1,5,0.09069430083036423
30,1,6,0.07452955096960068
30,2,2,0.13536220788955688
30,2,3,0.07999736815690994
30,2,4,0.04662308841943741
30,2,5,0.030375786125659943
30,2,6,0.023551929742097855
30,3,2,0.26972293853759766
30,3,3,0.1663907915353775
30,3,4,0.045653507113456726
30,3,5,0.11719267070293427
30,3,6,0.06769131869077682
30,4,2,0.16840368509292603
30,4,3,0.09369988739490509
30,4,4,0.07603399455547333
30,4,5,0.0495375320315361
30,4,6,0.03483617305755615
30,5,2,0.1067252829670906
30,5,3,0.16452324390411377
30,5,4,0.10466504096984863
30,5,5,0.05959019437432289
30,5,6,0.054209381341934204
30,6,2,0.17473258078098297
30,6,3,0.12407408654689789
30,6,4,0.08200986683368683
30,6,5,0.053430914878845215
30,6,6,0.03757411241531372
30,7,2,0.3242587447166443
30,7,3,0.14543922245502472
30,7,4,0.12048617750406265
30,7,5,0.07856133580207825
30,7,6,0.06522244960069656
30,8,2,0.16839945316314697
30,8,3,0.10911532491445541
30,8,4,0.08465170860290527
30,8,5,0.05515211820602417
30,8,6,0.038784511387348175
30,9,2,0.2520741820335388
30,9,3,0.2122909426689148
30,9,4,0.13769985735416412
30,9,5,0.08244025707244873
30,9,6,0.052504461258649826
30,10,2,0.06311911344528198
30,10,3,0.1470697969198227
30,10,4,0.1881885826587677
30,10,5,0.11266760528087616
30,10,6,0.07500971108675003
30,11,2,0.1939557045698166
30,11,3,0.10017655789852142
30,11,4,0.09107320010662079
30,11,5,0.06213518604636192
30,11,6,0.04570388048887253
31,0,2,0.1811363846063614
31,0,3,0.09531169384717941
31,0,4,0.0550888255238533
31,0,5,0.03589136525988579
31,0,6,0.025239814072847366
31,1,2,0.155271977186203
31,1,3,0.07294347882270813
31,1,4,0.09855532646179199
31,1,5,0.05688061565160751
31,1,6,0.03786889836192131
31,2,2,0.2140582650899887
31,2,3,0.09956348687410355
31,2,4,0.05754629895091057
31,2,5,0.037492457777261734
31,2,6,0.026365742087364197
31,3,2,0.2694891691207886
31,3,3,0.13691718876361847
31,3,4,0.1176639273762703
31,3,5,0.07044481486082077
31,3,6,0.04689943045377731
31,4,2,0.1588107943534851
31,4,3,0.10006791353225708
31,4,4,0.08031619340181351
31,4,5,0.05232745781540871
31,4,6,0.036798134446144104
31,5,2,0.0737997516989708
31,5,3,0.07339119911193848
31,5,4,0.11382010579109192
31,5,5,0.09262069314718246
31,5,6,0.0651334598660469
31,6,2,0.14668624103069305
31,6,3,0.14223697781562805
31,6,4,0.02795199677348137
31,6,5,0.09523100405931473
31,6,6,0.06641906499862671
31,7,2,0.1048629954457283
31,7,3,0.19444726407527924
31,7,4,0.0803794115781784
31,7,5,0.04235975816845894
31,7,6,0.026155756786465645
31,8,2,0.07391807436943054
31,8,3,0.03438101336359978
31,8,4,0.019871745258569717
31,8,5,0.01294680405408144
31,8,6,0.009104553610086441
31,9,2,0.19759675860404968
31,9,3,0.11525128781795502
31,9,4,0.021127186715602875
31,9,5,0.06481409817934036
31,9,6,0.067901611328125
31,10,2,0.06016230210661888
31,10,3,0.14094065129756927
31,10,4,0.05362515151500702
31,10,5,0.028260329738259315
31,10,6,0.060610294342041016
31,11,2,0.19962194561958313
31,11,3,0.14251841604709625
31,11,4,0.07096841931343079
31,11,5,0.0424884594976902
31,11,6,0.028287161141633987
32,0,2,0.1059570461511612
32,0,3,0.08540041744709015
32,0,4,0.07206963002681732
32,0,5,0.046954669058322906
32,0,6,0.03227035328745842
32,1,2,0.1699080914258957
32,1,3,0.14649756252765656
32,1,4,0.030055511742830276
32,1,5,0.08595902472734451
32,1,6,0.06511663645505905
32,2,2,0.12492571771144867
32,2,3,0.07631110399961472
32,2,4,0.03933432325720787
32,2,5,0.025627020746469498
32,2,6,0.01802164502441883
32,3,2,0.06773148477077484
32,3,3,0.2610854208469391
32,3,4,0.11320263147354126
32,3,5,0.0672135204076767
32,3,6,0.0484071709215641
32,4,2,0.15897463262081146
32,4,3,0.10077330470085144
32,4,4,0.027691131457686424
32,4,5,0.0849509984254837
32,4,6,0.01847241073846817
32,5,2,0.1974562704563141
32,5,3,0.11020607501268387
32,5,4,0.07428384572267532
32,5,5,0.04952557757496834
32,5,6,0.039422810077667236
32,6,2,0.08325468003749847
32,6,3,0.2017146795988083
32,6,4,0.10876686871051788
32,6,5,0.019032364711165428
32,6,6,0.02726677991449833
32,7,2,0.18090631067752838
32,7,3,0.10148430615663528
32,7,4,0.0785508081316948
32,7,5,0.0698864683508873
32,7,6,0.049146123230457306
32,8,2,0.17223601043224335
32,8,3,0.0592489093542099
32,8,4,0.08371138572692871
32,8,5,0.06439320743083954
32,8,6,0.0182027667760849
32,9,2,0.047562651336193085
32,9,3,0.16634906828403473
32,9,4,0.10087527334690094
32,9,5,0.07219046354293823
32,9,6,0.07692816108465195
32,10,2,0.23888526856899261
32,10,3,0.044271647930145264
32,10,4,0.07611335813999176
32,10,5,0.06716585904359818
32,10,6,0.033123038709163666
32,11,2,0.08461996167898178
32,11,3,0.06522153317928314
32,11,4,0.14948640763759613
32,11,5,0.24224230647087097
32,11,6,0.024564988911151886
33,0,2,0.135910302400589
33,0,3,0.08893633633852005
33,0,4,0.05140395835042
33,0,5,0.04772422835230827
33,0,6,0.03356100991368294
33,1,2,0.17024540901184082
33,1,3,0.12940186262130737
33,1,4,0.08587128669023514
33,1,5,0.06643282622098923
33,1,6,0.04671742394566536
33,2,2,0.1411259025335312
33,2,3,0.1148962751030922
33,2,4,0.06640844792127609
33,2,5,0.04326630383729935
33,2,6,0.030426066368818283
33,3,2,0.1672615110874176
33,3,3,0.08524512499570847
33,3,4,0.04927048459649086
33,3,5,0.04794621095061302
33,3,6,0.024259109050035477
33,4,2,0.13337983191013336
33,4,3,0.06203806772828102
33,4,4,0.03585712984204292
33,4,5,0.0233615729957819
33,4,6,0.01642851158976555
33,5,2,0.14103922247886658
33,5,3,0.11334796994924545
33,5,4,0.06551354378461838
33,5,5,0.04268325865268707
33,5,6,0.030016068369150162
33,6,2,0.18991626799106598
33,6,3,0.11411529034376144
33,6,4,0.09739765524864197
33,6,5,0.0501694492995739
33,6,6,0.03436394780874252
33,7,2,0.2129303365945816
33,7,3,0.13732567429542542
33,7,4,0.07937230914831161
33,7,5,0.05171250179409981
33,7,6,0.03636567294597626
33,8,2,0.041055697947740555
33,8,3,0.1116584911942482
33,8,4,0.07348816096782684
33,8,5,0.044402822852134705
33,8,6,0.02956167235970497
33,9,2,0.19677512347698212
33,9,3,0.10421446710824966
33,9,4,0.06023450195789337
33,9,5,0.03924386575818062
33,9,6,0.02759738638997078
33,10,2,0.1894659698009491
33,10,3,0.11012796312570572
33,10,4,0.07077983766794205
33,10,5,0.046114347875118256
33,10,6,0.03242889791727066
33,11,2,0.13557925820350647
33,11,3,0.08591315150260925
33,11,4,0.04873746261000633
33,11,5,0.03175333887338638
33,11,6,0.02232982963323593
34,0,2,0.18329264223575592
34,0,3,0.09511548280715942
34,0,4,0.05497541278600693
34,0,5,0.0358174704015255
34,0,6,0.025187859311699867
34,1,2,0.20230941474437714
34,1,3,0.06670163571834564
34,1,4,0.117008738219738
34,1,5,0.07005257159471512
34,1,6,0.046638280153274536
34,2,2,0.16287122666835785
34,2,3,0.07575519382953644
34,2,4,0.043785445392131805
34,2,5,0.02852701023221016
34,2,6,0.02006099373102188
34,3,2,0.24912285804748535
34,3,3,0.08213607966899872
34,3,4,0.04090045019984245
34,3,5,0.024486908689141273
34,3,6,0.016302429139614105
34,4,2,0.08426902443170547
34,4,3,0.12312471866607666
34,4,4,0.05459245294332504
34,4,5,0.03556796908378601
34,4,6,0.025012405589222908
34,5,2,0.10867325216531754
34,5,3,0.0661892294883728
34,5,4,0.0382564514875412
34,5,5,0.02492477372288704
34,5,6,0.01752779446542263
34,6,2,0.2854382395744324
34,6,3,0.15815110504627228
34,6,4,0.07875286787748337
34,6,5,0.047148965299129486
34,6,6,0.05182519555091858
34,7,2,0.22994112968444824
34,7,3,0.07581184059381485
34,7,4,0.03775123879313469
34,7,5,0.02260148711502552
34,7,6,0.09622278809547424
34,8,2,0.15804550051689148
34,8,3,0.07351063936948776
34,8,4,0.11522045731544495
34,8,5,0.07506821304559708
34,8,6,0.052790068089962006
34,9,2,0.16801372170448303
34,9,3,0.055394306778907776
34,9,4,0.027584129944443703
34,9,5,0.01651448756456375
34,9,6,0.06610549241304398
34,10,2,0.26232627034187317
34,10,3,0.08502694219350815
34,10,4,0.042339988052845
34,10,5,0.02534874714910984
34,10,6,0.016876211389899254
34,11,2,0.16728779673576355
34,11,3,0.15598659217357635
34,11,4,0.05988483503460884
34,11,5,0.039016056805849075
34,11,6,0.027437182143330574
35,0,2,0.22803562879562378
35,0,3,0.0956786498427391
35,0,4,0.08086230605840683
35,0,5,0.07975982874631882
35,0,6,0.05608934164047241
35,1,2,0.09890508651733398
35,1,3,0.09240754693746567
35,1,4,0.20167487859725952
35,1,5,0.06495506316423416
35,1,6,0.1310977041721344
35,2,2,0.14297063648700714
35,2,3,0.06649897247552872
35,2,4,0.038435470312833786
35,2,5,0.025041408836841583
35,2,6,0.0762655958533287
35,3,2,0.1639423668384552
35,3,3,0.0846075564622879
35,3,4,0.07295839488506317
35,3,5,0.04783901944756508
35,3,6,0.05316683277487755
35,4,2,0.18989677727222443
35,4,3,0.15221469104290009
35,4,4,0.08797796070575714
35,4,5,0.05731923133134842
35,4,6,0.04030849039554596
35,5,2,0.09058861434459686
35,5,3,0.05627356469631195
35,5,4,0.03252532705664635
35,5,5,0.04600295051932335
35,5,6,0.05496896430850029
35,6,2,0.24367913603782654
35,6,3,0.04917072132229805
35,6,4,0.15075461566448212
35,6,5,0.09321796149015427
35,6,6,0.07661628723144531
35,7,2,0.15903493762016296
35,7,3,0.14741912484169006
35,7,4,0.08110361546278
35,7,5,0.07080090790987015
35,7,6,0.0497891791164875
35,8,2,0.10535819083452225
35,8,3,0.12090709060430527
35,8,4,0.1100306361913681
35,8,5,0.08650578558444977
35,8,6,0.06083328276872635
35,9,2,0.11388405412435532
35,9,3,0.11489816009998322
35,9,4,0.07473048567771912
35,9,5,0.04868825897574425
35,9,6,0.04261244460940361
35,10,2,0.16772238910198212
35,10,3,0.11310864239931107
35,10,4,0.09823475033044815
35,10,5,0.0651010274887085
35,10,6,0.045780859887599945
35,11,2,0.09253288060426712
35,11,3,0.11394921690225601
35,11,4,0.05735469609498978
35,11,5,0.059121474623680115
35,11,6,0.04472934454679489
36,0,2,0.16077427566051483
36,0,3,0.12711390852928162
36,0,4,0.07347006350755692
36,0,5,0.04786708205938339
36,0,6,0.03366146981716156
36,1,2,0.225554421544075
36,1,3,0.11714434623718262
36,1,4,0.06770779192447662
36,1,5,0.04411284998059273
36,1,6,0.031021390110254288
36,2,2,0.1507222056388855
36,2,3,0.08988907188177109
36,2,4,0.05195462331175804
36,2,5,0.03384936973452568
36,2,6,0.023803835734725
36,3,2,0.12836116552352905
36,3,3,0.12137014418840408
36,3,4,0.08873066306114197
36,3,5,0.07880531251430511
36,3,6,0.03827584162354469
36,4,2,0.17870472371578217
36,4,3,0.10143806040287018
36,4,4,0.07341878116130829
36,4,5,0.04783366248011589
36,4,6,0.033637966960668564
36,5,2,0.09967514872550964
36,5,3,0.05461033806204796
36,5,4,0.03156401589512825
36,5,5,0.03588555008172989
36,5,6,0.025235723704099655
36,6,2,0.19381438195705414
36,6,3,0.11653092503547668
36,6,4,0.08752641081809998
36,6,5,0.05702504515647888
36,6,6,0.040101610124111176
36,7,2,0.15516017377376556
36,7,3,0.022118523716926575
36,7,4,0.09949243068695068
36,7,5,0.04884452372789383
36,7,6,0.029608944430947304
36,8,2,0.19530050456523895
36,8,3,0.12495569884777069
36,8,4,0.07222264260053635
36,8,5,0.04705435782670975
36,8,6,0.03308994695544243
36,9,2,0.18071766197681427
36,9,3,0.08405598998069763
36,9,4,0.04858317971229553
36,9,5,0.03165282681584358
36,9,6,0.022259149700403214
36,10,2,0.20904575288295746
36,10,3,0.10926410555839539
36,10,4,0.07837969809770584
36,10,5,0.05562543123960495
36,10,6,0.058812838047742844
36,11,2,0.10692522674798965
36,11,3,0.08288543671369553
36,11,4,0.038310617208480835
36,11,5,0.031537048518657684
36,11,6,0.02217773161828518
37,0,2,0.1963552087545395
37,0,3,0.09565190225839615
37,0,4,0.1434977501630783
37,0,5,0.08591143041849136
37,0,6,0.0571964830160141
37,1,2,0.06676099449396133
37,1,3,0.1744835376739502
37,1,4,0.12388208508491516
37,1,5,0.08301787823438644
37,1,6,0.055270079523324966
37,2,2,0.04759414121508598
37,2,3,0.1303398758172989
37,2,4,0.145499587059021
37,2,5,0.1273503303527832
37,2,6,0.07195813208818436
37,3,2,0.04846956208348274
37,3,3,0.10534202307462692
37,3,4,0.145866259932518
37,3,5,0.0873294398188591
37,3,6,0.07412039488554001
37,4,2,0.14381632208824158
37,4,3,0.09910490363836288
37,4,4,0.12155511975288391
37,4,5,0.07919535785913467
37,4,6,0.055692389607429504
37,5,2,0.164228156208992
37,5,3,0.14925767481327057
37,5,4,0.11379221081733704
37,5,5,0.07413767278194427
37,5,6,0.05213570594787598
37,6,2,0.21944159269332886
37,6,3,0.03976759314537048
37,6,4,0.14956481754779816
37,6,5,0.11677686125040054
37,6,6,0.07210586220026016
37,7,2,0.17162400484085083
37,7,3,0.10415022820234299
37,7,4,0.11621132493019104
37,7,5,0.08360395580530167
37,7,6,0.05879263952374458
37,8,2,0.16788361966609955
37,8,3,0.1360052525997162
37,8,4,0.11543156206607819
37,8,5,0.0752057433128357
37,8,6,0.05288677662611008
37,9,2,0.08779042214155197
37,9,3,0.16958174109458923
37,9,4,0.16402500867843628
37,9,5,0.08644077926874161
37,9,6,0.05337432771921158
37,10,2,0.09644676744937897
37,10,3,0.19539156556129456
37,10,4,0.16549451649188995
37,10,5,0.08721520006656647
37,10,6,0.053852517157793045
37,11,2,0.194537952542305
37,11,3,0.11408832669258118
37,11,4,0.03895113244652748
37,11,5,0.11366758495569229
37,11,6,0.07018598914146423
38,0,2,0.20231033861637115
38,0,3,0.17832383513450623
38,0,4,0.1714692860841751
38,0,5,0.10006104409694672
38,0,6,0.06661675870418549
38,1,2,0.19919735193252563
38,1,3,0.13809482753276825
38,1,4,0.06876565515995026
38,1,5,0.0411696694791317
38,1,6,0.02740916609764099
38,2,2,0.19176334142684937
38,2,3,0.11411910504102707
38,2,4,0.06595923751592636
38,2,5,0.04297364130616188
38,2,6,0.030220268294215202
38,3,2,0.1564093679189682
38,3,3,0.10157038271427155
38,3,4,0.09207996726036072
38,3,5,0.05604976788163185
38,3,6,0.04714293032884598
38,4,2,0.1684882491827011
38,4,3,0.09281817078590393
38,4,4,0.10863200575113297
38,4,5,0.11264926940202713
38,4,6,0.07921811938285828
38,5,2,0.1983613222837448
38,5,3,0.0849122479557991
38,5,4,0.15309666097164154
38,5,5,0.0997452586889267
38,5,6,0.07014365494251251
38,6,2,0.16571632027626038
38,6,3,0.17949675023555756
38,6,4,0.10472561419010162
38,6,5,0.08248145878314972
38,6,6,0.058003269135951996
38,7,2,0.05471467971801758
38,7,3,0.13911381363868713
38,7,4,0.06927306950092316
38,7,5,0.04147345572710037
38,7,6,0.02761141024529934
38,8,2,0.04958534985780716
38,8,3,0.05963018909096718
38,8,4,0.14957572519779205
38,8,5,0.07882603257894516
38,8,6,0.04867248237133026
38,9,2,0.1384013593196869
38,9,3,0.1995670199394226
38,9,4,0.12154871225357056
38,9,5,0.0791911780834198
38,9,6,0.055689457803964615
38,10,2,0.16430962085723877
38,10,3,0.18834532797336578
38,10,4,0.11532985419034958
38,10,5,0.07513947784900665
38,10,6,0.05523601174354553
38,11,2,0.22508253157138824
38,11,3,0.1518811136484146
38,11,4,0.09009364992380142
38,11,5,0.058697640895843506
38,11,6,0.04127782955765724
39,0,2,0.09838788211345673
39,0,3,0.0947621688246727
39,0,4,0.05477121099829674
39,0,5,0.035684432834386826
39,0,6,0.02509429305791855
39,1,2,0.13758313655853271
39,1,3,0.10120866447687149
39,1,4,0.07777490466833115
39,1,5,0.07268860191106796
39,1,6,0.0542776882648468
39,2,2,0.19071407616138458
39,2,3,0.08870554715394974
39,2,4,0.07874869555234909
39,2,5,0.05130620673298836
39,2,6,0.04496236890554428
39,3,2,0.1718900501728058
39,3,3,0.11254986375570297
39,3,4,0.06999723613262177
39,3,5,0.04560447111725807
39,3,6,0.0320703461766243
39,4,2,0.06368721276521683
39,4,3,0.03268217295408249
39,4,4,0.018889835104346275
39,4,5,0.012307076714932919
39,4,6,0.008654676377773285
39,5,2,0.06350177526473999
39,5,3,0.09291981905698776
39,5,4,0.05370635166764259
39,5,5,0.034990664571523666
39,5,6,0.03963339701294899
39,6,2,0.10445033013820648
39,6,3,0.13860030472278595
39,6,4,0.08010903745889664
39,6,5,0.05219249054789543
39,6,6,0.04349853843450546
39,7,2,0.1180763691663742
39,7,3,0.06742293387651443
39,7,4,0.06157052144408226
39,7,5,0.040114305913448334
39,7,6,0.028209500014781952
39,8,2,0.227426677942276
39,8,3,0.1057814434170723
39,8,4,0.10051796585321426
39,8,5,0.08004959672689438
39,8,6,0.05629310756921768
39,9,2,0.12619845569133759
39,9,3,0.07603990286588669
39,9,4,0.0798221156001091
39,9,5,0.05987528711557388
39,9,6,0.04210597276687622
39,10,2,0.10021854192018509
39,10,3,0.07814834266901016
39,10,4,0.04516865685582161
39,10,5,0.03390932455658913
39,10,6,0.06066771224141121
39,11,2,0.14687103033065796
39,11,3,0.06523447483778
39,11,4,0.06918103247880936
39,11,5,0.04141835495829582
39,11,6,0.03625080734491348
40,0,2,0.27225756645202637
40,0,3,0.12021169066429138
40,0,4,0.0840645283460617
40,0,5,0.04270896315574646
40,0,6,0.028433972969651222
40,1,2,0.20644550025463104
40,1,3,0.0960225984454155
40,1,4,0.09215366095304489
40,1,5,0.06003977730870247
40,1,6,0.04222164675593376
40,2,2,0.10948530584573746
40,2,3,0.07718178629875183
40,2,4,0.04460999369621277
40,2,5,0.029064219444990158
40,2,6,0.04990721121430397
40,3,2,0.2511723041534424
40,3,3,0.08281178772449493
40,3,4,0.04123692587018013
40,3,5,0.024688350036740303
40,3,6,0.016436539590358734
40,4,2,0.17742329835891724
40,4,3,0.08252370357513428
40,4,4,0.04769754782319069
40,4,5,0.031075814738869667
40,4,6,0.021853383630514145
40,5,2,0.12337210774421692
40,5,3,0.13250651955604553
40,5,4,0.07658690959215164
40,5,5,0.04989776387810707
40,5,6,0.04325210303068161
40,6,2,0.1869458556175232
40,6,3,0.11719115823507309
40,6,4,0.05835646763443947
40,6,5,0.03493773937225342
40,6,6,0.02326018735766411
40,7,2,0.16752055287361145
40,7,3,0.08477862179279327
40,7,4,0.0810767337679863
40,7,5,0.048540256917476654
40,7,6,0.03231620788574219
40,8,2,0.08241786062717438
40,8,3,0.2105344980955124
40,8,4,0.08010423928499222
40,8,5,0.07948111742734909
40,8,6,0.04907696694135666
40,9,2,0.20185253024101257
40,9,3,0.06930651515722275
40,9,4,0.03451184928417206
40,9,5,0.020662078633904457
40,9,6,0.013756006956100464
40,10,2,0.07092316448688507
40,10,3,0.209361732006073
40,10,4,0.1515575349330902
40,10,5,0.09560798853635788
40,10,6,0.06924590468406677
40,11,2,0.2601009011268616
40,11,3,0.060653749853372574
40,11,4,0.10951846092939377
40,11,5,0.06623858958482742
40,11,6,0.08195763826370239
41,0,2,0.1555653065443039
41,0,3,0.1217980608344078
41,0,4,0.11183217912912369
41,0,5,0.07325027137994766
41,0,6,0.06593985855579376
41,1,2,0.1909211128950119
41,1,3,0.13904781639575958
41,1,4,0.10222762823104858
41,1,5,0.0663730651140213
41,1,6,0.07062999904155731
41,2,2,0.17443163692951202
41,2,3,0.17657886445522308
41,2,4,0.12370095402002335
41,2,5,0.08059341460466385
41,2,6,0.056675542145967484
41,3,2,0.2268127202987671
41,3,3,0.11133036762475967
41,3,4,0.11101425439119339
41,3,5,0.09573156386613846
41,3,6,0.06070071831345558
41,4,2,0.1952255368232727
41,4,3,0.10977033525705338
41,4,4,0.06816760450601578
41,4,5,0.04464066028594971
41,4,6,0.03998348116874695
41,5,2,0.13740600645542145
41,5,3,0.09968896210193634
41,5,4,0.09431760013103485
41,5,5,0.10438665747642517
41,5,6,0.06828479468822479
41,6,2,0.1825532168149948
41,6,3,0.11214491724967957
41,6,4,0.08016109466552734
41,6,5,0.05413248389959335
41,6,6,0.04564131796360016
41,7,2,0.1519307941198349
41,7,3,0.08055069297552109
41,7,4,0.08350411802530289
41,7,5,0.06119176000356674
41,7,6,0.04922627657651901
41,8,2,0.18567267060279846
41,8,3,0.1141594871878624
41,8,4,0.0705384761095047
41,8,5,0.07119157165288925
41,8,6,0.050063904374837875
41,9,2,0.17949756979942322
41,9,3,0.1418754905462265
41,9,4,0.09149301052093506
41,9,5,0.07506908476352692
41,9,6,0.05239488184452057
41,10,2,0.20242927968502045
41,10,3,0.14480115473270416
41,10,4,0.10381628572940826
41,10,5,0.08154445886611938
41,10,6,0.06023608520627022
41,11,2,0.14953678846359253
41,11,3,0.08022838830947876
41,11,4,0.057134922593832016
41,11,5,0.06171673908829689
41,11,6,0.05688639357686043
42,0,2,0.1883661448955536
42,0,3,0.11794602125883102
42,0,4,0.07530508190393448
42,0,5,0.04906262457370758
42,0,6,0.03450220823287964
42,1,2,0.18413685262203217
42,1,3,0.13813142478466034
42,1,4,0.11020395904779434
42,1,5,0.08304861187934875
42,1,6,0.07152969390153885
42,2,2,0.21070367097854614
42,2,3,0.12697172164916992
42,2,4,0.07338788360357285
42,2,5,0.0478135384619236
42,2,6,0.033623818308115005
42,3,2,0.2230449765920639
42,3,3,0.17665135860443115
42,3,4,0.1446312665939331
42,3,5,0.09508585929870605
42,3,6,0.06330446153879166
42,4,2,0.12613750994205475
42,4,3,0.10417947918176651
42,4,4,0.06021428853273392
42,4,5,0.06410933285951614
42,4,6,0.04508347809314728
42,5,2,0.14076702296733856
42,5,3,0.10410510003566742
42,5,4,0.05349734425544739
42,5,5,0.0915452092885971
42,5,6,0.06437714397907257
42,6,2,0.19690659642219543
42,6,3,0.12095817178487778
42,6,4,0.07512278854846954
42,6,5,0.014621599577367306
42,6,6,0.05617488920688629
42,7,2,0.10794074088335037
42,7,3,0.09430471807718277
42,7,4,0.053804684430360794
42,7,5,0.09509868174791336
42,7,6,0.06687605381011963
42,8,2,0.24356025457382202
42,8,3,0.12463685870170593
42,8,4,0.07440521568059921
42,8,5,0.0671587735414505
42,8,6,0.04722793027758598
42,9,2,0.1672409027814865
42,9,3,0.0848657488822937
42,9,4,0.08516508340835571
42,9,5,0.05458617955446243
42,9,6,0.03838653117418289
42,10,2,0.1938570737838745
42,10,3,0.15626704692840576
42,10,4,0.12127453833818436
42,10,5,0.09201651066541672
42,10,6,0.06470858305692673
42,11,2,0.1634141504764557
42,11,3,0.19163036346435547
42,11,4,0.12366887927055359
42,11,5,0.08935855329036713
42,11,6,0.0657023936510086
43,0,2,0.18451395630836487
43,0,3,0.09272115677595139
43,0,4,0.05295221135020256
43,0,5,0.03170223906636238
43,0,6,0.036161430180072784
43,1,2,0.2041817307472229
43,1,3,0.09496968239545822
43,1,4,0.05489114671945572
43,1,5,0.035762567073106766
43,1,6,0.02514924854040146
43,2,2,0.19368217885494232
43,2,3,0.09478636085987091
43,2,4,0.05478518828749657
43,2,5,0.03569354861974716
43,2,6,0.025100696831941605
43,3,2,0.155939981341362
43,3,3,0.12151786684989929
43,3,4,0.07023562490940094
43,3,5,0.045759789645671844
43,3,6,0.03217955678701401
43,4,2,0.10295519232749939
43,4,3,0.04788685590028763
43,4,4,0.027677927166223526
43,4,5,0.018032673746347427
43,4,6,0.012681081891059875
43,5,2,0.14067958295345306
43,5,3,0.10344026982784271
43,5,4,0.059787020087242126
43,5,5,0.04687466844916344
43,5,6,0.03296357020735741
43,6,2,0.24630169570446014
43,6,3,0.10104445368051529
43,6,4,0.05513080582022667
43,6,5,0.03300655260682106
43,6,6,0.05461478978395462
43,7,2,0.10205014050006866
43,7,3,0.058452654629945755
43,7,4,0.033784814178943634
43,7,5,0.022011419758200645
43,7,6,0.025798698887228966
43,8,2,0.21833212673664093
43,8,3,0.1015513613820076
43,8,4,0.05869526043534279
43,8,5,0.038241032510995865
43,8,6,0.04987822100520134
43,9,2,0.11217894405126572
43,9,3,0.06713054329156876
43,9,4,0.036260321736335754
43,9,5,0.03155645728111267
43,9,6,0.03262452408671379
43,10,2,0.060826703906059265
43,10,3,0.12418395280838013
43,10,4,0.09291663020849228
43,10,5,0.09649649262428284
43,10,6,0.017033066600561142
43,11,2,0.08642502129077911
43,11,3,0.051355957984924316
43,11,4,0.029683031141757965
43,11,5,0.019339028745889664
43,11,6,0.016717571765184402
44,0,2,0.1209874078631401
44,0,3,0.08274299651384354
44,0,4,0.045365653932094574
44,0,5,0.029556548222899437
44,0,6,0.02078498713672161
44,1,2,0.13924987614154816
44,1,3,0.11180466413497925
44,1,4,0.07061152160167694
44,1,5,0.03462612256407738
44,1,6,0.024350060150027275
44,2,2,0.09925798326730728
44,2,3,0.0894463062286377
44,2,4,0.04934496432542801
44,2,5,0.032149139791727066
44,2,6,0.02260817028582096
44,3,2,0.14100287854671478
44,3,3,0.13792143762111664
44,3,4,0.09311290085315704
44,3,5,0.06387805938720703
44,3,6,0.056328192353248596
44,4,2,0.13865478336811066
44,4,3,0.07804057747125626
44,4,4,0.04510635882616043
44,4,5,0.029387610033154488
44,4,6,0.07569219917058945
44,5,2,0.13157060742378235
44,5,3,0.11207826435565948
44,5,4,0.06730655580759048
44,5,5,0.05031593516469002
44,5,6,0.03538357466459274
44,6,2,0.24082905054092407
44,6,3,0.2011614292860031
44,6,4,0.09650612622499466
44,6,5,0.07165434211492538
44,6,6,0.06638912111520767
44,7,2,0.0863366350531578
44,7,3,0.040157172828912735
44,7,4,0.02321029081940651
44,7,5,0.015121922828257084
44,7,6,0.010634158737957478
44,8,2,0.18936586380004883
44,8,3,0.11842117458581924
44,8,4,0.06844577938318253
44,8,5,0.04459366574883461
44,8,6,0.031359512358903885
44,9,2,0.12355133146047592
44,9,3,0.057466600090265274
44,9,4,0.03321488946676254
44,9,5,0.021640103310346603
44,9,6,0.026041781529784203
44,10,2,0.15674176812171936
44,10,3,0.09253012388944626
44,10,4,0.063058041036129
44,10,5,0.06531305611133575
44,10,6,0.03012743964791298
44,11,2,0.15886761248111725
44,11,3,0.07964305579662323
44,11,4,0.05853596702218056
44,11,5,0.043820396065711975
44,11,6,0.03517463803291321
45,0,2,0.1719275563955307
45,0,3,0.1269838511943817
45,0,4,0.11785808950662613
45,0,5,0.07678667455911636
45,0,6,0.06397707015275955
45,1,2,0.11393428593873978
45,1,3,0.22765682637691498
45,1,4,0.09110565483570099
45,1,5,0.04801245406270027
45,1,6,0.02964610978960991
45,2,2,0.18237201869487762
45,2,3,0.09569064527750015
45,2,4,0.055307842791080475
45,2,5,0.03603407368063927
45,2,6,0.025340169668197632
45,3,2,0.17131204903125763
45,3,3,0.20471686124801636
45,3,4,0.11832346767187119
45,3,5,0.07708989083766937
45,3,6,0.05421176180243492
45,4,2,0.1581713855266571
45,4,3,0.09964310377836227
45,4,4,0.10044105350971222
45,4,5,0.05625021830201149
45,4,6,0.03955672308802605
45,5,2,0.15524788200855255
45,5,3,0.0930435061454773
45,5,4,0.06524728983640671
45,5,5,0.04250979796051979
45,5,6,0.02989407442510128
45,6,2,0.21196851134300232
45,6,3,0.1572006642818451
45,6,4,0.03140467032790184
45,6,5,0.06260992586612701
45,6,6,0.038659561425447464
45,7,2,0.22578981518745422
45,7,3,0.10502009093761444
45,7,4,0.06070014089345932
45,7,5,0.03954724594950676
45,7,6,0.027810726314783096
45,8,2,0.18884693086147308
45,8,3,0.10173618048429489
45,8,4,0.09439647942781448
45,8,5,0.061501018702983856
45,8,6,0.04324923828244209
45,9,2,0.13020935654640198
45,9,3,0.2555175721645355
45,9,4,0.17531827092170715
45,9,5,0.14811448752880096
45,9,6,0.09145581722259521
45,10,2,0.30058959126472473
45,10,3,0.1872403472661972
45,10,4,0.12506698071956635
45,10,5,0.09107349812984467
45,10,6,0.05923574045300484
45,11,2,0.06524632126092911
45,11,3,0.1882515400648117
45,11,4,0.1670231968164444
45,11,5,0.08260267972946167
45,11,6,0.05504580959677696
46,0,2,0.1629217565059662
46,0,3,0.10885916650295258
46,0,4,0.09351363033056259
46,0,5,0.0783383771777153
46,0,6,0.06487824767827988
46,1,2,0.19173309206962585
46,1,3,0.10565467923879623
46,1,4,0.08245767652988434
46,1,5,0.09389985352754593
46,1,6,0.0660330057144165
46,2,2,0.21249231696128845
46,2,3,0.09883511811494827
46,2,4,0.057125311344861984
46,2,5,0.03721817955374718
46,2,6,0.02617286518216133
46,3,2,0.1349405199289322
46,3,3,0.11331800371408463
46,3,4,0.1101999580860138
46,3,5,0.07179727405309677
46,3,6,0.05320688709616661
46,4,2,0.1435723751783371
46,4,3,0.11322001367807388
46,4,4,0.09010476619005203
46,4,5,0.06502407789230347
46,4,6,0.06453913450241089
46,5,2,0.21503005921840668
46,5,3,0.11449738591909409
46,5,4,0.06993652135133743
46,5,5,0.04972312971949577
46,5,6,0.06496414542198181
46,6,2,0.19054605066776276
46,6,3,0.09903445839881897
46,6,4,0.06435469537973404
46,6,5,0.05238661915063858
46,6,6,0.04161745309829712
46,7,2,0.22104419767856598
46,7,3,0.1869724541902542
46,7,4,0.12414820492267609
46,7,5,0.1140332967042923
46,7,6,0.07031234353780746
46,8,2,0.18439635634422302
46,8,3,0.10576435178518295
46,8,4,0.05537709966301918
46,8,5,0.049812983721494675
46,8,6,0.03502988442778587
46,9,2,0.14938023686408997
46,9,3,0.09492367506027222
46,9,4,0.0701460912823677
46,9,5,0.06363366544246674
46,9,6,0.06840147823095322
46,10,2,0.22889640927314758
46,10,3,0.11321878433227539
46,10,4,0.07009430229663849
46,10,5,0.06386683881282806
46,10,6,0.03872953727841377
46,11,2,0.21150533854961395
46,11,3,0.13345985114574432
46,11,4,0.11067374050617218
46,11,5,0.07015275210142136
46,11,6,0.06324334442615509
47,0,2,0.18101483583450317
47,0,3,0.12257389724254608
47,0,4,0.09725187718868256
47,0,5,0.06336136162281036
47,0,6,0.04455748200416565
47,1,2,0.17455098032951355
47,1,3,0.04360726475715637
47,1,4,0.13383230566978455
47,1,5,0.09014975279569626
47,1,6,0.07023391872644424
47,2,2,0.13062047958374023
47,2,3,0.11909741163253784
47,2,4,0.06883663684129715
47,2,5,0.04484831169247627
47,2,6,0.03153859078884125
47,3,2,0.16389796137809753
47,3,3,0.13772660493850708
47,3,4,0.08826498687267303
47,3,5,0.06896756589412689
47,3,6,0.05034366622567177
47,4,2,0.19316035509109497
47,4,3,0.14408087730407715
47,4,4,0.09630684554576874
47,4,5,0.06274566054344177
47,4,6,0.05517683923244476
47,5,2,0.2276087999343872
47,5,3,0.09058446437120438
47,5,4,0.06664853543043137
47,5,5,0.09305843710899353
47,5,6,0.06676718592643738
47,6,2,0.15095052123069763
47,6,3,0.11988215148448944
47,6,4,0.07357240468263626
47,6,5,0.044147200882434845
47,6,6,0.056884173303842545
47,7,2,0.1751987487077713
47,7,3,0.08640105277299881
47,7,4,0.06985899806022644
47,7,5,0.04551440849900246
47,7,6,0.03724269941449165
47,8,2,0.16349142789840698
47,8,3,0.11390241235494614
47,8,4,0.06783335655927658
47,8,5,0.04419466480612755
47,8,6,0.05026581883430481
47,9,2,0.18681316077709198
47,9,3,0.13237330317497253
47,9,4,0.07650991529226303
47,9,5,0.07681886106729507
47,9,6,0.05402116850018501
47,10,2,0.15035979449748993
47,10,3,0.1037772074341774
47,10,4,0.09274700284004211
47,10,5,0.06210174039006233
47,10,6,0.04367167502641678
47,11,2,0.2172752320766449
47,11,3,0.17453444004058838
47,11,4,0.0726844072341919
47,11,5,0.06022513285279274
47,11,6,0.03859880939126015
48,0,2,0.19976806640625
48,0,3,0.10909558832645416
48,0,4,0.06632927805185318
48,0,5,0.03576204180717468
48,0,6,0.05218686908483505
48,1,2,0.20776766538619995
48,1,3,0.09697458893060684
48,1,4,0.06678194552659988
48,1,5,0.03673059120774269
48,1,6,0.06245368346571922
48,2,2,0.13498790562152863
48,2,3,0.10370147973299026
48,2,4,0.07209785282611847
48,2,5,0.08960745483636856
48,2,6,0.04003431275486946
48,3,2,0.10927058756351471
48,3,3,0.09212243556976318
48,3,4,0.05799666419625282
48,3,5,0.03852551430463791
48,3,6,0.04959249496459961
48,4,2,0.11429159343242645
48,4,3,0.08195497840642929
48,4,4,0.047500111162662506
48,4,5,0.030947184190154076
48,4,6,0.021762924268841743
48,5,2,0.18178993463516235
48,5,3,0.1097886711359024
48,5,4,0.05084032565355301
48,5,5,0.0384494848549366
48,5,6,0.09830602258443832
48,6,2,0.15854570269584656
48,6,3,0.12004529684782028
48,6,4,0.018040500581264496
48,6,5,0.05205358564853668
48,6,6,0.058906637132167816
48,7,2,0.14706498384475708
48,7,3,0.06840335577726364
48,7,4,0.1061473935842514
48,7,5,0.055539026856422424
48,7,6,0.010757746174931526
48,8,2,0.13128367066383362
48,8,3,0.07399442046880722
48,8,4,0.08884783089160919
48,8,5,0.05788597837090492
48,8,6,0.04070703312754631
48,9,2,0.06822402030229568
48,9,3,0.14449912309646606
48,9,4,0.060629040002822876
48,9,5,0.08166521787643433
48,9,6,0.05042558163404465
48,10,2,0.15549862384796143
48,10,3,0.08632645756006241
48,10,4,0.06846413761377335
48,10,5,0.03931858390569687
48,10,6,0.032301269471645355
48,11,2,0.16674397885799408
48,11,3,0.10481265932321548
48,11,4,0.08301568031311035
48,11,5,0.049480363726615906
48,11,6,0.04914071038365364
49,0,2,0.0691734179854393
49,0,3,0.22405144572257996
49,0,4,0.11156857758760452
49,0,5,0.06679558008909225
49,0,6,0.04446989297866821
49,1,2,0.1723346710205078
49,1,3,0.13615849614143372
49,1,4,0.09398594498634338
49,1,5,0.06123354658484459
49,1,6,0.043061140924692154
49,2,2,0.18120770156383514
49,2,3,0.08428391814231873
49,2,4,0.1308363676071167
49,2,5,0.08524225652217865
49,2,6,0.059944745153188705
49,3,2,0.21807774901390076
49,3,3,0.16343972086906433
49,3,4,0.08631451427936554
49,3,5,0.06657178699970245
49,3,6,0.046815138310194016
49,4,2,0.1321253478527069
49,4,3,0.10621823370456696
49,4,4,0.0613926537334919
49,4,5,0.03999842703342438
49,4,6,0.028128011152148247
49,5,2,0.1338072121143341
49,5,3,0.1772414743900299
49,5,4,0.10244309157133102
49,5,5,0.06674353033304214
49,5,6,0.04693591967225075
49,6,2,0.1973625123500824
49,6,3,0.1263158917427063
49,6,4,0.11071288585662842
49,6,5,0.11848658323287964
49,6,6,0.07888374477624893
49,7,2,0.18787311017513275
49,7,3,0.11385931819677353
49,7,4,0.03541361913084984
49,7,5,0.11028307676315308
49,7,6,0.07342219352722168
49,8,2,0.18546608090400696
49,8,3,0.14856266975402832
49,8,4,0.08586713671684265
49,8,5,0.05594399943947792
49,8,6,0.039341382682323456
49,9,2,0.14252254366874695
49,9,3,0.09295720607042313
49,9,4,0.11990592628717422
49,9,5,0.0781208872795105
49,9,6,0.05493679270148277
49,10,2,0.10641538351774216
49,10,3,0.154494047164917
49,10,4,0.16568954288959503
49,10,5,0.10559609532356262
49,10,6,0.018639283254742622
49,11,2,0.07710000872612
49,11,3,0.18612731993198395
49,11,4,0.11427558213472366
49,11,5,0.06022294983267784
49,11,6,0.03718568757176399
50,0,2,0.17830224335193634
50,0,3,0.1107296422123909
50,0,4,0.09067348390817642
50,0,5,0.05907541885972023
50,0,6,0.04154348745942116
50,1,2,0.1852329820394516
50,1,3,0.13619157671928406
50,1,4,0.07950573414564133
50,1,5,0.058966513723134995
50,1,6,0.041466906666755676
50,2,2,0.20336025953292847
50,2,3,0.1195140928030014
50,2,4,0.092075414955616
50,2,5,0.05110883340239525
50,2,6,0.03402627632021904
50,3,2,0.18451543152332306
50,3,3,0.12281987071037292
50,3,4,0.07098817080259323
50,3,5,0.046250078827142715
50,3,6,0.032524339854717255
50,4,2,0.16675515472888947
50,4,3,0.07756169885396957
50,4,4,0.044829580932855606
50,4,5,0.02920728363096714
50,4,6,0.020539380609989166
50,5,2,0.15519820153713226
50,5,3,0.09107678383588791
50,5,4,0.07535049319267273
50,5,5,0.049092214554548264
50,5,6,0.0598936565220356
50,6,2,0.15190912783145905
50,6,3,0.11116410046815872
50,6,4,0.07748037576675415
50,6,5,0.050479862838983536
50,6,6,0.03549885377287865
50,7,2,0.13502119481563568
50,7,3,0.10366754233837128
50,7,4,0.059918392449617386
50,7,5,0.03903791680932045
50,7,6,0.027452552691102028
50,8,2,0.14457473158836365
50,8,3,0.10957635194063187
50,8,4,0.06320863962173462
50,8,5,0.07117465883493423
50,8,6,0.050052013248205185
50,9,2,0.1744546890258789
50,9,3,0.11124159395694733
50,9,4,0.06429608166217804
50,9,5,0.041890066117048264
50,9,6,0.029458267614245415
50,10,2,0.18471531569957733
50,10,3,0.10615947097539902
50,10,4,0.0685456246137619
50,10,5,0.04712048918008804
50,10,6,0.03277641162276268
50,11,2,0.1672658920288086
50,11,3,0.08676103502511978
50,11,4,0.08829544484615326
50,11,5,0.05752607807517052
50,11,6,0.04045395180583
51,0,2,0.03344469144940376
51,0,3,0.031845901161432266
51,0,4,0.09161708503961563
51,0,5,0.05105746164917946
51,0,6,0.05213944613933563
51,1,2,0.1355675458908081
51,1,3,0.09674651175737381
51,1,4,0.06794572621583939
51,1,5,0.04426787421107292
51,1,6,0.031130405142903328
51,2,2,0.07691629976034164
51,2,3,0.0758410319685936
51,2,4,0.03765355423092842
51,2,5,0.02453196980059147
51,2,6,0.03822832927107811
51,3,2,0.19744114577770233
51,3,3,0.10771169513463974
51,3,4,0.066220223903656
51,3,5,0.052946124225854874
51,3,6,0.035271476954221725
51,4,2,0.10573801398277283
51,4,3,0.1225365474820137
51,4,4,0.07584992796182632
51,4,5,0.04941760376095772
51,4,6,0.03475184366106987
51,5,2,0.12991152703762054
51,5,3,0.05709003657102585
51,5,4,0.05563005432486534
51,5,5,0.057164840400218964
51,5,6,0.04019991308450699
51,6,2,0.1534322053194046
51,6,3,0.07136489450931549
51,6,4,0.041247908025979996
51,6,5,0.026873761788010597
51,6,6,0.018898379057645798
51,7,2,0.18078003823757172
51,7,3,0.11683487892150879
51,7,4,0.018445534631609917
51,7,5,0.020858194679021835
51,7,6,0.022836554795503616
51,8,2,0.11025650054216385
51,8,3,0.0621015802025795
51,8,4,0.054607927799224854
51,8,5,0.042557790875434875
51,8,6,0.02992783859372139
51,9,2,0.14044703543186188
51,9,3,0.07258374243974686
51,9,4,0.0405958816409111
51,9,5,0.04356685280799866
51,9,6,0.04356669634580612
51,10,2,0.1295112520456314
51,10,3,0.0893976241350174
51,10,4,0.07422865182161331
51,10,5,0.05814029648900032
51,10,6,0.05405272915959358
51,11,2,0.13307541608810425
51,11,3,0.1162823960185051
51,11,4,0.08892624825239182
51,11,5,0.051282450556755066
51,11,6,0.06183495745062828
52,0,2,0.2352026253938675
52,0,3,0.12056537717580795
52,0,4,0.08255508542060852
52,0,5,0.049425333738327026
52,0,6,0.032905463129282
52,1,2,0.09481290727853775
52,1,3,0.17115174233913422
52,1,4,0.13030780851840973
52,1,5,0.06867190450429916
52,1,6,0.042402636259794235
52,2,2,0.09799493104219437
52,2,3,0.07740209996700287
52,2,4,0.0447373241186142
52,2,5,0.029147189110517502
52,2,6,0.02049710787832737
52,3,2,0.179190993309021
52,3,3,0.08124659210443497
52,3,4,0.04695940017700195
52,3,5,0.030594894662499428
52,3,6,0.02151518315076828
52,4,2,0.14908044040203094
52,4,3,0.15161454677581787
52,4,4,0.08763109147548676
52,4,5,0.06296857446432114
52,4,6,0.0442812442779541
52,5,2,0.18002371490001678
52,5,3,0.08928856998682022
52,5,4,0.05160754919052124
52,5,5,0.06511203199625015
52,5,6,0.04767484590411186
52,6,2,0.21424414217472076
52,6,3,0.12801435589790344
52,6,4,0.06374599784612656
52,6,5,0.0381644181907177
52,6,6,0.02540838159620762
52,7,2,0.17743995785713196
52,7,3,0.08253145962953568
52,7,4,0.04770202189683914
52,7,5,0.03107873536646366
52,7,6,0.0442165806889534
52,8,2,0.2300264686346054
52,8,3,0.10699065774679184
52,8,4,0.061839111149311066
52,8,5,0.040289297699928284
52,8,6,0.028332559391856194
52,9,2,0.08360927551984787
52,9,3,0.18875905871391296
52,9,4,0.13320466876029968
52,9,5,0.07019852846860886
52,9,6,0.04334527626633644
52,10,2,0.05835123732686043
52,10,3,0.11184914410114288
52,10,4,0.10881567746400833
52,10,5,0.07265523076057434
52,10,6,0.06240564212203026
52,11,2,0.13028807938098907
52,11,3,0.10888542234897614
52,11,4,0.06293424963951111
52,11,5,0.041002798825502396
52,11,6,0.07793847471475601
53,0,2,0.1710892617702484
53,0,3,0.11684790998697281
53,0,4,0.06753645837306976
53,0,5,0.04415896534919739
53,0,6,0.03359655663371086
53,1,2,0.1915982961654663
53,1,3,0.1634111851453781
53,1,4,0.09444937855005264
53,1,5,0.061535485088825226
53,1,6,0.04327347129583359
53,2,2,0.12637126445770264
53,2,3,0.08469483256340027
53,2,4,0.06801208853721619
53,2,5,0.0523386187851429
53,2,6,0.08442114293575287
53,3,2,0.1822027862071991
53,3,3,0.15945176780223846
53,3,4,0.0921608954668045
53,3,5,0.07010134309530258
53,3,6,0.0446164570748806
53,4,2,0.17729318141937256
53,4,3,0.08246318250894547
53,4,4,0.08504481613636017
53,4,5,0.055408231914043427
53,4,6,0.03896462544798851
53,5,2,0.20902833342552185
53,5,3,0.12137360870838165
53,5,4,0.07015224546194077
53,5,5,0.04996979609131813
53,5,6,0.08413103967905045
53,6,2,0.14272791147232056
53,6,3,0.12505847215652466
53,6,4,0.07228204607963562
53,6,5,0.04709305986762047
53,6,6,0.04738646373152733
53,7,2,0.14184832572937012
53,7,3,0.16937752068042755
53,7,4,0.09789783507585526
53,7,5,0.07906728982925415
53,7,6,0.04839691147208214
53,8,2,0.15041550993919373
53,8,3,0.1219233050942421
53,8,4,0.07046996802091599
53,8,5,0.04591245576739311
53,8,6,0.03228692710399628
53,9,2,0.172852024435997
53,9,3,0.15991197526454926
53,9,4,0.09388494491577148
53,9,5,0.06116773933172226
53,9,6,0.04301486536860466
53,10,2,0.3789604902267456
53,10,3,0.12344525754451752
53,10,4,0.15815700590610504
53,10,5,0.09468784183263779
53,10,6,0.06303948163986206
53,11,2,0.12007830291986465
53,11,3,0.11776366084814072
53,11,4,0.08748988807201385
53,11,5,0.05700124427676201
53,11,6,0.040084872394800186
54,0,2,0.1808013916015625
54,0,3,0.059610411524772644
54,0,4,0.029683584347367287
54,0,5,0.017771415412425995
54,0,6,0.011831519193947315
54,1,2,0.18297624588012695
54,1,3,0.026083776727318764
54,1,4,0.1296352595090866
54,1,5,0.07031386345624924
54,1,6,0.046812236309051514
54,2,2,0.09708163142204285
54,2,3,0.04515492916107178
54,2,4,0.026098918169736862
54,2,5,0.017003916203975677
54,2,6,0.011957625858485699
54,3,2,0.2189318835735321
54,3,3,0.11157949268817902
54,3,4,0.0644913837313652
54,3,5,0.04201730713248253
54,3,6,0.02954774536192417
54,4,2,0.13717029988765717
54,4,3,0.0638011023402214
54,4,4,0.036876142024993896
54,4,5,0.024025477468967438
54,4,6,0.016895385459065437
54,5,2,0.132027268409729
54,5,3,0.09675553441047668
54,5,4,0.05592334643006325
54,5,5,0.036435071378946304
54,5,6,0.025622161105275154
54,6,2,0.10923195630311966
54,6,3,0.05080631375312805
54,6,4,0.02936534769833088
54,6,5,0.04686662554740906
54,6,6,0.019946731626987457
54,7,2,0.0902261957526207
54,7,3,0.04196630418300629
54,7,4,0.024255935102701187
54,7,5,0.01580318622291088
54,7,6,0.011113236658275127
54,8,2,0.19933994114398956
54,8,3,0.20321181416511536
54,8,4,0.10119128972291946
54,8,5,0.06058273836970329
54,8,6,0.04033362492918968
54,9,2,0.05023708567023277
54,9,3,0.03526582941412926
54,9,4,0.0886077955365181
54,9,5,0.04669608175754547
54,9,6,0.0288332961499691
54,10,2,0.04014519229531288
54,10,3,0.10779730975627899
54,10,4,0.08395291864871979
54,10,5,0.09093552082777023
54,10,6,0.07598802447319031
54,11,2,0.15184873342514038
54,11,3,0.016394969075918198
54,11,4,0.04119348153471947
54,11,5,0.021708857268095016
54,11,6,0.05420205742120743
55,0,2,0.16410832107067108
55,0,3,0.0774877518415451
55,0,4,0.07640212774276733
55,0,5,0.03691848739981651
55,0,6,0.025962112471461296
55,1,2,0.23224946856498718
55,1,3,0.18550078570842743
55,1,4,0.09237190335988998
55,1,5,0.05530262365937233
55,1,6,0.036818332970142365
55,2,2,0.2050258368253708
55,2,3,0.09536229074001312
55,2,4,0.05511806532740593
55,2,5,0.03591041639447212
55,2,6,0.07808380573987961
55,3,2,0.20266596972942352
55,3,3,0.10981322079896927
55,3,4,0.06696749478578568
55,3,5,0.057395704090595245
55,3,6,0.05311300978064537
55,4,2,0.13737232983112335
55,4,3,0.0824110135436058
55,4,4,0.04763241484761238
55,4,5,0.031033379957079887
55,4,6,0.021823538467288017
55,5,2,0.1437743902206421
55,5,3,0.11349194496870041
55,5,4,0.06559675186872482
55,5,5,0.04273747280240059
55,5,6,0.030054189264774323
55,6,2,0.18253745138645172
55,6,3,0.13596458733081818
55,6,4,0.07858563214540482
55,6,5,0.05119996517896652
55,6,6,0.03600524365901947
55,7,2,0.1811889261007309
55,7,3,0.11255958676338196
55,7,4,0.06505786627531052
55,7,5,0.042386382818222046
55,7,6,0.029807282611727715
55,8,2,0.10213631391525269
55,8,3,0.09237486869096756
55,8,4,0.03637632727622986
55,8,5,0.0434206947684288
55,8,6,0.03350178897380829
55,9,2,0.2019641399383545
55,9,3,0.11219335347414017
55,9,4,0.06484618782997131
55,9,5,0.04224846512079239
55,9,6,0.029710302129387856
55,10,2,0.1869606375694275
55,10,3,0.1579541563987732
55,10,4,0.09101268649101257
55,10,5,0.05345979332923889
55,10,6,0.035591449588537216
55,11,2,0.19909103214740753
55,11,3,0.1193528026342392
55,11,4,0.0689842477440834
55,11,5,0.044944487512111664
55,11,6,0.03160621598362923
56,0,2,0.2141706347465515
56,0,3,0.13563531637191772
56,0,4,0.08450604230165482
56,0,5,0.051196951419115067
56,0,6,0.036003127694129944
56,1,2,0.18383470177650452
56,1,3,0.08110029250383377
56,1,4,0.07664670795202255
56,1,5,0.04993671178817749
56,1,6,0.03511689603328705
56,2,2,0.1292053908109665
56,2,3,0.06009642779827118
56,2,4,0.03473489731550217
56,2,5,0.022630415856838226
56,2,6,0.01591433957219124
56,3,2,0.13876374065876007
56,3,3,0.0645422488451004
56,3,4,0.03730451688170433
56,3,5,0.024304566904902458
56,3,6,0.017091650515794754
56,4,2,0.2617289125919342
56,4,3,0.0502808652818203
56,4,4,0.1263340562582016
56,4,5,0.0771271362900734
56,4,6,0.048445794731378555
56,5,2,0.17672574520111084
56,5,3,0.13319368660449982
56,5,4,0.07243327796459198
56,5,5,0.047191593796014786
56,5,6,0.033186446875333786
56,6,2,0.11393634229898453
56,6,3,0.08969884365797043
56,6,4,0.05184467136859894
56,6,5,0.03377774357795715
56,6,6,0.028554517775774002
56,7,2,0.14399731159210205
56,7,3,0.10788187384605408
56,7,4,0.06235421076416969
56,7,5,0.04062489792704582
56,7,6,0.0344802625477314
56,8,2,0.11137815564870834
56,8,3,0.08491160720586777
56,8,4,0.08276080340147018
56,8,5,0.049729906022548676
56,8,6,0.06167944148182869
56,9,2,0.18885625898838043
56,9,3,0.09890608489513397
56,9,4,0.061939917504787445
56,9,5,0.040354982018470764
56,9,6,0.03592464327812195
56,10,2,0.1806933879852295
56,10,3,0.03603936359286308
56,10,4,0.08396206796169281
56,10,5,0.050267696380615234
56,10,6,0.04091968014836311
56,11,2,0.10553950816392899
56,11,3,0.08590086549520493
56,11,4,0.09098464995622635
56,11,5,0.05828621983528137
56,11,6,0.0360996387898922
57,0,2,0.1873648762702942
57,0,3,0.07771066576242447
57,0,4,0.047990575432777405
57,0,5,0.03126673400402069
57,0,6,0.02218581736087799
57,1,2,0.08180823177099228
57,1,3,0.14832629263401031
57,1,4,0.04449494928121567
57,1,5,0.03721775859594345
57,1,6,0.030105721205472946
57,2,3,0.13073290884494781
57,2,4,0.08273836225271225
57,2,5,0.05910801142454147
57,2,6,0.03111390210688114
57,3,2,0.19781523942947388
57,3,3,0.0858355313539505
57,3,4,0.06770698726177216
57,3,5,0.04517306014895439
57,3,6,0.03176695480942726
57,4,2,0.16138029098510742
57,4,3,0.1150863841176033
57,4,4,0.08305078744888306
57,4,5,0.0546109601855278
57,4,6,0.038192037492990494
57,5,2,0.19576503336429596
57,5,3,0.09397753328084946
57,5,4,0.057353775948286057
57,5,5,0.036349017173051834
57,5,6,0.02556164376437664
57,6,2,0.18096815049648285
57,6,3,0.09199921786785126
57,6,4,0.05317426472902298
57,6,5,0.0346439927816391
57,6,6,0.024362627416849136
57,7,2,0.17332026362419128
57,7,3,0.08385717123746872
57,7,4,0.048468269407749176
57,7,5,0.031577955931425095
57,7,6,0.0222065020352602
57,8,2,0.26077306270599365
57,8,3,0.1327267289161682
57,8,4,0.06984005123376846
57,8,5,0.05479058623313904
57,8,6,0.03664032369852066
57,9,2,0.17536374926567078
57,9,3,0.11145427823066711
57,9,4,0.06441901624202728
57,9,5,0.0419701486825943
57,9,6,0.02951459400355816
57,10,2,0.11813125014305115
57,10,3,0.20759423077106476
57,10,4,0.1810842603445053
57,10,5,0.03353951871395111
57,10,6,0.08545413613319397
57,11,2,0.1468513011932373
57,11,3,0.030715983361005783
57,11,4,0.11034873127937317
57,11,5,0.08979666233062744
57,11,6,0.0735536441206932
58,0,2,0.0511108823120594
58,0,3,0.04621165618300438
58,0,4,0.11445382237434387
58,0,5,0.02032811939716339
58,0,6,0.023898661136627197
58,1,2,0.12509290874004364
58,1,3,0.027135523036122322
58,1,4,0.15217798948287964
58,1,5,0.026207584887742996
58,1,6,0.09124046564102173
58,2,2,0.1772930771112442
58,2,3,0.09409154951572418
58,2,4,0.11303449422121048
58,2,5,0.0767001137137413
58,2,6,0.05880908668041229
58,3,2,0.1833740621805191
58,3,3,0.14429280161857605
58,3,4,0.10856469720602036
58,3,5,0.07641281932592392
58,3,6,0.05162372067570686
58,4,2,0.1773563027381897
58,4,3,0.11369437724351883
58,4,4,0.0678417757153511
58,4,5,0.04650389775633812
58,4,6,0.0358152762055397
58,5,2,0.153211772441864
58,5,3,0.12888996303081512
58,5,4,0.08356586843729019
58,5,5,0.08018113672733307
58,5,6,0.04674949869513512
58,6,2,0.07468908280134201
58,6,3,0.1905163675546646
58,6,4,0.12287741154432297
58,6,5,0.08396169543266296
58,6,6,0.06018371880054474
58,7,2,0.34062957763671875
58,7,3,0.13915275037288666
58,7,4,0.1842367798089981
58,7,5,0.11639082431793213
58,7,6,0.1120254173874855
58,8,2,0.29773467779159546
58,8,3,0.12196004390716553
58,8,4,0.11656264960765839
58,8,5,0.06978549808263779
58,8,6,0.04646046832203865
58,9,2,0.19320765137672424
58,9,3,0.16105712950229645
58,9,4,0.12337049096822739
58,9,5,0.07770462334156036
58,9,6,0.07337750494480133
58,10,2,0.10762890428304672
58,10,3,0.10301504284143448
58,10,4,0.06333253532648087
58,10,5,0.23074893653392792
58,10,6,0.04304865002632141
58,11,2,0.2780758738517761
58,11,3,0.2190515697002411
58,11,4,0.12276424467563629
58,11,5,0.093285471200943
58,11,6,0.06984423100948334
59,0,2,0.17963925004005432
59,0,3,0.13572832942008972
59,0,4,0.10178130120038986
59,0,5,0.061763737350702286
59,0,6,0.04345094412565231
59,1,2,0.0922711193561554
59,1,3,0.07842136174440384
59,1,4,0.0712222084403038
59,1,5,0.06775016337633133
59,1,6,0.012630376033484936
59,2,2,0.09520365297794342
59,2,3,0.06496904790401459
59,2,4,0.039029255509376526
59,2,5,0.059048913419246674
59,2,6,0.01668894849717617
59,3,2,0.2305716574192047
59,3,3,0.16540569067001343
59,3,4,0.09400112181901932
59,3,5,0.12007994949817657
59,3,6,0.08567914366722107
59,4,2,0.12750346958637238
59,4,3,0.05930482596158981
59,4,4,0.034277357161045074
59,4,5,0.0223323255777359
59,4,6,0.01570470631122589
59,5,2,0.07511885464191437
59,5,3,0.18448446691036224
59,5,4,0.1406428962945938
59,5,5,0.08124334365129471
59,5,6,0.058657385408878326
59,6,2,0.08972793072462082
59,6,3,0.15910032391548157
59,6,4,0.10136125236749649
59,6,5,0.06379082798957825
59,6,6,0.04741379991173744
59,7,2,0.2476481795310974
59,7,3,0.15371735394001007
59,7,4,0.09344496577978134
59,7,5,0.09291739761829376
59,7,6,0.05752076953649521
59,8,2,0.15008936822414398
59,8,3,0.12446663528680801
59,8,4,0.06503994017839432
59,8,5,0.06188281998038292
59,8,6,0.040857069194316864
59,9,2,0.060306694358587265
59,9,3,0.05021607130765915
59,9,4,0.029024185612797737
59,9,5,0.01890978403389454
59,9,6,0.01329788938164711
59,10,2,0.2300804704427719
59,10,3,0.12395371496677399
59,10,4,0.08213546872138977
59,10,5,0.04819873347878456
59,10,6,0.03208884224295616
59,11,2,0.21032936871051788
59,11,3,0.13117967545986176
59,11,4,0.12302075326442719
59,11,5,0.06404722481966019
59,11,6,0.07243861258029938
60,0,2,0.18120232224464417
60,0,3,0.08003398030996323
60,0,4,0.0696086660027504
60,0,5,0.04711664095520973
60,0,6,0.032119251787662506
60,1,2,0.2217181771993637
60,1,3,0.14313776791095734
60,1,4,0.08273163437843323
60,1,5,0.053901154547929764
60,1,6,0.03790479898452759
60,2,2,0.13401371240615845
60,2,3,0.10152528434991837
60,2,4,0.05868019536137581
60,2,5,0.07323974370956421
60,2,6,0.051504239439964294
60,3,2,0.13585637509822845
60,3,3,0.10777110606431961
60,3,4,0.062290191650390625
60,3,5,0.040583185851573944
60,3,6,0.05371375009417534
60,4,2,0.136698380112648
60,4,3,0.06583268940448761
60,4,4,0.03805037587881088
60,4,5,0.024790506809949875
60,4,6,0.01743338070809841
60,5,2,0.1111469566822052
60,5,3,0.08843342959880829
60,5,4,0.05986960604786873
60,5,5,0.039006128907203674
60,5,6,0.047247715294361115
60,6,2,0.11929906904697418
60,6,3,0.06112687289714813
60,6,4,0.06388948857784271
60,6,5,0.04604058340191841
60,6,6,0.043265342712402344
60,7,2,0.1288783699274063
60,7,3,0.07959870249032974
60,7,4,0.04999229684472084
60,7,5,0.032634004950523376
60,7,6,0.02294914796948433
60,8,2,0.1059604063630104
60,8,3,0.08698272705078125
60,8,4,0.047313690185546875
60,8,5,0.03569216653704643
60,8,6,0.025099731981754303
60,9,2,0.05663296952843666
60,9,3,0.13292567431926727
60,9,4,0.0652306005358696
60,9,5,0.03947572410106659
60,9,6,0.029904590919613838
60,10,2,0.1224745362997055
60,10,3,0.11188123375177383
60,10,4,0.06988608837127686
60,10,5,0.04135897010564804
60,10,6,0.03925669938325882
60,11,2,0.08126309514045715
60,11,3,0.0329953171312809
60,11,4,0.1005004271864891
60,11,5,0.06016912683844566
60,11,6,0.040058258920907974
61,0,2,0.11144984513521194
61,0,3,0.02712692692875862
61,0,4,0.08879797905683517
61,0,5,0.09147719293832779
61,0,6,0.058601174503564835
61,1,2,0.09666022658348083
61,1,3,0.06368867307901382
61,1,4,0.047672487795352936
61,1,5,0.05993518605828285
61,1,6,0.0588829480111599
61,2,2,0.16665641963481903
61,2,3,0.09492430090904236
61,2,4,0.09381795674562454
61,2,5,0.07046255469322205
61,2,6,0.04540408030152321
61,3,2,0.12191180884838104
61,3,3,0.08787202090024948
61,3,4,0.05654123052954674
61,3,5,0.035001710057258606
61,3,6,0.024614181369543076
61,4,2,0.24476775527000427
61,4,3,0.08732094615697861
61,4,4,0.08488789200782776
61,4,5,0.02510698139667511
61,4,6,0.06488978117704391
61,5,2,0.12271202355623245
61,5,3,0.11020806431770325
61,5,4,0.055203162133693695
61,5,5,0.08568496257066727
61,5,6,0.06590279191732407
61,6,2,0.16161976754665375
61,6,3,0.08508600294589996
61,6,4,0.021627411246299744
61,6,5,0.062265459448099136
61,6,6,0.0713803693652153
61,7,2,0.08205181360244751
61,7,3,0.05911572650074959
61,7,4,0.21965716779232025
61,7,5,0.04013408347964287
61,7,6,0.12261124700307846
61,8,2,0.10723399370908737
61,8,3,0.06561508774757385
61,8,4,0.06598418951034546
61,8,5,0.05622514337301254
61,8,6,0.04341316223144531
61,9,2,0.06057732552289963
61,9,3,0.04422362893819809
61,9,4,0.02846026048064232
61,9,5,0.1128958985209465
61,9,6,0.07122211158275604
61,10,2,0.10439206659793854
61,10,3,0.06359487771987915
61,10,4,0.19492140412330627
61,10,5,0.1394570767879486
61,10,6,0.022663943469524384
61,11,2,0.1715787947177887
61,11,3,0.13130520284175873
61,11,4,0.09138571470975876
61,11,5,0.08509109914302826
61,11,6,0.05624520033597946
62,0,2,0.12879201769828796
62,0,3,0.1114906445145607
62,0,4,0.12958432734012604
62,0,5,0.09165715426206589
62,0,6,0.07254253327846527
62,1,2,0.054855477064847946
62,1,3,0.19087788462638855
62,1,4,0.0947691947221756
62,1,5,0.06235671043395996
62,1,6,0.04454502835869789
62,2,2,0.1300344467163086
62,2,3,0.10840040445327759
62,2,4,0.10638734698295593
62,2,5,0.05708261951804161
62,2,6,0.04597010463476181
62,3,2,0.05568258464336395
62,3,3,0.0554012805223465
62,3,4,0.14777126908302307
62,3,5,0.10029645264148712
62,3,6,0.08311150223016739
62,4,2,0.14832094311714172
62,4,3,0.15509171783924103
62,4,4,0.06351708620786667
62,4,5,0.04138253256678581
62,4,6,0.03779001161456108
62,5,2,0.19724950194358826
62,5,3,0.09133705496788025
62,5,4,0.060640979558229446
62,5,5,0.050399091094732285
62,5,6,0.032450832426548004
62,6,2,0.17482100427150726
62,6,3,0.11321308463811874
62,6,4,0.09228534996509552
62,6,5,0.11210348457098007
62,6,6,0.059095416218042374
62,7,2,0.1313917189836502
62,7,3,0.15045671164989471
62,7,4,0.028946030884981155
62,7,5,0.11122528463602066
62,7,6,0.09100961685180664
62,8,2,0.06317506730556488
62,8,3,0.1655019372701645
62,8,4,0.1424616575241089
62,8,5,0.10104013979434967
62,8,6,0.0683327317237854
62,9,2,0.14626532793045044
62,9,3,0.09425376355648041
62,9,4,0.12096388638019562
62,9,5,0.09065442532300949
62,9,6,0.05604155734181404
62,10,2,0.14419753849506378
62,10,3,0.10490965098142624
62,10,4,0.09456086903810501
62,10,5,0.1121806874871254
62,10,6,0.08122406899929047
62,11,2,0.19901324808597565
62,11,3,0.10334296524524689
62,11,4,0.11227834969758987
62,11,5,0.10094942897558212
62,11,6,0.07648585736751556
63,0,2,0.3297233581542969
63,0,3,0.189794659614563
63,0,4,0.09451008588075638
63,0,5,0.0565827339887619
63,0,6,0.037670593708753586
63,1,2,0.20822900533676147
63,1,3,0.19182981550693512
63,1,4,0.09552350640296936
63,1,5,0.0571894645690918
63,1,6,0.03807452321052551
63,2,2,0.19007182121276855
63,2,3,0.12033684551715851
63,2,4,0.08044224232435226
63,2,5,0.0524095743894577
63,2,6,0.03685588017106056
63,3,2,0.24075788259506226
63,3,3,0.16000640392303467
63,3,4,0.07967673242092133
63,3,5,0.04770207777619362
63,3,6,0.03175818920135498
63,4,2,0.205679789185524
63,4,3,0.09566645324230194
63,4,4,0.05529387667775154
63,4,5,0.060195036232471466
63,4,6,0.02893766574561596
63,5,2,0.1380530446767807
63,5,3,0.10225226730108261
63,5,4,0.06553547829389572
63,5,5,0.042697545140981674
63,5,6,0.030026117339730263
63,6,2,0.15210606157779694
63,6,3,0.2992379367351532
63,6,4,0.19718055427074432
63,6,5,0.10391366481781006
63,6,6,0.08920512348413467
63,7,2,0.19141550362110138
63,7,3,0.1376541256904602
63,7,4,0.06854619830846786
63,7,5,0.041038282215595245
63,7,6,0.027321690693497658
63,8,2,0.1804337501525879
63,8,3,0.1200704276561737
63,8,4,0.06939902901649475
63,8,5,0.04521472379565239
63,8,6,0.031796254217624664
63,9,2,0.1735411435365677
63,9,3,0.0926615297794342
63,9,4,0.07492806017398834
63,9,5,0.07220400869846344
63,9,6,0.05077587813138962
63,10,2,0.2069646120071411
63,10,3,0.16076745092868805
63,10,4,0.09053599834442139
63,10,5,0.01661248691380024
63,10,6,0.05379873886704445
63,11,2,0.26567569375038147
63,11,3,0.17336180806159973
63,11,4,0.09164826571941376
63,11,5,0.054338205605745316
63,11,6,0.03617626056075096
64,0,2,0.18879155814647675
64,0,3,0.03365475684404373
64,0,4,0.1339663416147232
64,0,5,0.07076498121023178
64,0,6,0.05623222887516022
64,1,2,0.23913216590881348
64,1,3,0.17735573649406433
64,1,4,0.09878727048635483
64,1,5,0.07648419588804245
64,1,6,0.08470262587070465
64,2,2,0.09627283364534378
64,2,3,0.11111031472682953
64,2,4,0.06399309635162354
64,2,5,0.04169265925884247
64,2,6,0.06580908596515656
64,3,2,0.2097809910774231
64,3,3,0.09757402539253235
64,3,4,0.08161810785531998
64,3,5,0.1005936786532402
64,3,6,0.08440640568733215
64,4,2,0.14495044946670532
64,4,3,0.0756247341632843
64,4,4,0.0734989121556282
64,4,5,0.042396530508995056
64,4,6,0.029814427718520164
64,5,2,0.054366640746593475
64,5,3,0.13172315061092377
64,5,4,0.10582131147384644
64,5,5,0.06197303161025047
64,5,6,0.04715827479958534
64,6,2,0.13205476105213165
64,6,3,0.1143803820014
64,6,4,0.07038074731826782
64,6,5,0.08286479115486145
64,6,6,0.0366298146545887
64,7,2,0.1784713715314865
64,7,3,0.144868865609169
64,7,4,0.08373218774795532
64,7,5,0.0626605823636055
64,7,6,0.042485225945711136
64,8,2,0.15668070316314697
64,8,3,0.07356566935777664
64,8,4,0.05031188204884529
64,8,5,0.04309830814599991
64,8,6,0.04210623726248741
64,9,2,0.15897886455059052
64,9,3,0.09889911115169525
64,9,4,0.07125108689069748
64,9,5,0.08628221601247787
64,9,6,0.05685856565833092
64,10,2,0.29140928387641907
64,10,3,0.133684903383255
64,10,4,0.073973648250103
64,10,5,0.07821416854858398
64,10,6,0.06590547412633896
64,11,2,0.2512494623661041
64,11,3,0.1530824899673462
64,11,4,0.07420240342617035
64,11,5,0.07899953424930573
64,11,6,0.08986897021532059
65,0,2,0.1691625714302063
65,0,3,0.1298932284116745
65,0,4,0.0768263190984726
65,0,5,0.07245832681655884
65,0,6,0.06262513250112534
65,1,2,0.20812438428401947
65,1,3,0.14192982017993927
65,1,4,0.09165577590465546
65,1,5,0.07782574743032455
65,1,6,0.07036518305540085
65,2,2,0.11661217361688614
65,2,3,0.11459044367074966
65,2,4,0.07343661040067673
65,2,5,0.06165418028831482
65,2,6,0.044909801334142685
65,3,2,0.17099283635616302
65,3,3,0.09179911762475967
65,3,4,0.07567217200994492
65,3,5,0.049301791936159134
65,3,6,0.0346703976392746
65,4,2,0.16942742466926575
65,4,3,0.10529690235853195
65,4,4,0.06086013466119766
65,4,5,0.039651479572057724
65,4,6,0.02788403257727623
65,5,2,0.17064879834651947
65,5,3,0.11942999064922333
65,5,4,0.06931369751691818
65,5,5,0.08106634020805359
65,5,6,0.05700811371207237
65,6,2,0.18986299633979797
65,6,3,0.09038659930229187
65,6,4,0.05224219337105751
65,6,5,0.03403673693537712
65,6,6,0.023935584351420403
65,7,2,0.1876382678747177
65,7,3,0.08933600038290024
65,7,4,0.07580598443746567
65,7,5,0.060234058648347855
65,7,6,0.04117574542760849
65,8,2,0.1513344645500183
65,8,3,0.09352903813123703
65,8,4,0.09107176214456558
65,8,5,0.05933490768074989
65,8,6,0.04172596335411072
65,9,2,0.19727669656276703
65,9,3,0.11302860826253891
65,9,4,0.09323131293058395
65,9,5,0.08028540760278702
65,9,6,0.05645895004272461
65,10,2,0.06631769984960556
65,10,3,0.1404321789741516
65,10,4,0.10932546854019165
65,10,5,0.09500481933355331
65,10,6,0.06909111142158508
65,11,2,0.21764756739139557
65,11,3,0.10666867345571518
65,11,4,0.02450684644281864
65,11,5,0.08377101272344589
65,11,6,0.06708861142396927
66,0,2,0.24768905341625214
66,0,3,0.1709621250629425
66,0,4,0.09151948988437653
66,0,5,0.09763827174901962
66,0,6,0.07599989324808121
66,1,2,0.2225886583328247
66,1,3,0.07724316418170929
66,1,4,0.07328534126281738
66,1,5,0.06674818694591522
66,1,6,0.027555856853723526
66,2,2,0.19380240142345428
66,2,3,0.111543670296669
66,2,4,0.06489808112382889
66,2,5,0.049124687910079956
66,2,6,0.0461018942296505
66,3,2,0.20356781780719757
66,3,3,0.14704012870788574
66,3,4,0.10901951044797897
66,3,5,0.09180212020874023
66,3,6,0.01626710221171379
66,4,2,0.1774759441614151
66,4,3,0.08254819363355637
66,4,4,0.04771169647574425
66,4,5,0.03108503855764866
66,4,6,0.06905341148376465
66,5,2,0.09396451711654663
66,5,3,0.07687326520681381
66,5,4,0.039974529296159744
66,5,5,0.061819303780794144
66,5,6,0.04347306117415428
66,6,2,0.10309992730617523
66,6,3,0.055064357817173004
66,6,4,0.05225376412272453
66,6,5,0.034044284373521805
66,6,6,0.023940883576869965
66,7,2,0.06362228840589523
66,7,3,0.0660770833492279
66,7,4,0.16380897164344788
66,7,5,0.037421081215143204
66,7,6,0.14393141865730286
66,8,2,0.1756398230791092
66,8,3,0.09041573107242584
66,8,4,0.05225902795791626
66,8,5,0.03926033154129982
66,8,6,0.036296963691711426
66,9,2,0.13145886361598969
66,9,3,0.10411303490400314
66,9,4,0.021864162757992744
66,9,5,0.07382693141698837
66,9,6,0.049076665192842484
66,10,2,0.17064620554447174
66,10,3,0.026024144142866135
66,10,4,0.0801204964518547
66,10,5,0.032637257128953934
66,10,6,0.052594032138586044
66,11,2,0.19400076568126678
66,11,3,0.13927105069160461
66,11,4,0.08363670855760574
66,11,5,0.05493456870317459
66,11,6,0.06571963429450989
67,0,2,0.14553715288639069
67,0,3,0.11939415335655212
67,0,4,0.06900814920663834
67,0,5,0.02060842327773571
67,0,6,0.02588648349046707
67,1,2,0.140724778175354
67,1,3,0.1688697636127472
67,1,4,0.08315926045179367
67,1,5,0.054179757833480835
67,1,6,0.03820318356156349
67,2,2,0.3262583315372467
67,2,3,0.1578046828508377
67,2,4,0.07645810395479202
67,2,5,0.06960777193307877
67,2,6,0.06310920417308807
67,3,2,0.2558962404727936
67,3,3,0.13032713532447815
67,3,4,0.0871889516711235
67,3,5,0.05680517852306366
67,3,6,0.039946988224983215
67,4,2,0.15341585874557495
67,4,3,0.07135728001594543
67,4,4,0.04124351218342781
67,4,5,0.06829457730054855
67,4,6,0.04802665114402771
67,5,2,0.17082694172859192
67,5,3,0.09418780356645584
67,5,4,0.046901725232601166
67,5,5,0.028079841285943985
67,5,6,0.01869446411728859
67,6,2,0.12887655198574066
67,6,3,0.10064108669757843
67,6,4,0.18864791095256805
67,6,5,0.04248158261179924
67,6,6,0.1474812775850296
67,7,2,0.20767514407634735
67,7,3,0.11713790893554688
67,7,4,0.08094717562198639
67,7,5,0.05273854732513428
67,7,6,0.037087224423885345
67,8,2,0.22818470001220703
67,8,3,0.10613400489091873
67,8,4,0.0613439716398716
67,8,5,0.03996670991182327
67,8,6,0.028105709701776505
67,9,2,0.22388839721679688
67,9,3,0.1141880601644516
67,9,4,0.07963632792234421
67,9,5,0.06774552166461945
67,9,6,0.06809166818857193
67,10,2,0.2125101238489151
67,10,3,0.1858469545841217
67,10,4,0.10023520886898041
67,10,5,0.06001034006476402
67,10,6,0.03995255008339882
67,11,2,0.2457069605588913
67,11,3,0.14773845672607422
67,11,4,0.08640013635158539
67,11,5,0.050629135221242905
67,11,6,0.0337068997323513
68,0,2,0.16495241224765778
68,0,3,0.07563646882772446
68,0,4,0.061018314212560654
68,0,5,0.039754536002874374
68,0,6,0.036510877311229706
68,1,2,0.1728309690952301
68,1,3,0.11634820699691772
68,1,4,0.06724763661623001
68,1,5,0.04381305351853371
68,1,6,0.030810564756393433
68,2,2,0.11122070997953415
68,2,3,0.06913220882415771
68,2,4,0.039957448840141296
68,2,5,0.026033001020550728
68,2,6,0.018307136371731758
68,3,2,0.2729054391384125
68,3,3,0.12693464756011963
68,3,4,0.09780670702457428
68,3,5,0.06372284144163132
68,3,6,0.044811684638261795
68,4,2,0.1745273917913437
68,4,3,0.024879366159439087
68,4,4,0.08561019599437714
68,4,5,0.05125441402196884
68,4,6,0.034123193472623825
68,5,2,0.20291082561016083
68,5,3,0.04032928869128227
68,5,4,0.09756147861480713
68,5,5,0.05787847936153412
68,5,6,0.03853323683142662
68,6,2,0.31900760531425476
68,6,3,0.11568216979503632
68,6,4,0.05760505422949791
68,6,5,0.03448786959052086
68,6,6,0.022960681468248367
68,7,2,0.15026484429836273
68,7,3,0.08232709765434265
68,7,4,0.0475839227437973
68,7,5,0.031001782044768333
68,7,6,0.03331473097205162
68,8,2,0.12530675530433655
68,8,3,0.06644957512617111
68,8,4,0.08058369159698486
68,8,5,0.04401736333966255
68,8,6,0.03095424175262451
68,9,2,0.1357729583978653
68,9,3,0.06315116584300995
68,9,4,0.06882347166538239
68,9,5,0.03262481838464737
68,9,6,0.022942686453461647
68,10,2,0.2508767545223236
68,10,3,0.09995933622121811
68,10,4,0.08306466788053513
68,10,5,0.04973042756319046
68,10,6,0.04568497836589813
68,11,2,0.12274863570928574
68,11,3,0.11584041267633438
68,11,4,0.07836248725652695
68,11,5,0.05474206060171127
68,11,6,0.038496144115924835
69,0,2,0.17523154616355896
69,0,3,0.10198018699884415
69,0,4,0.08330431580543518
69,0,5,0.05427427217364311
69,0,6,0.038167182356119156
69,1,2,0.17293813824653625
69,1,3,0.140419140458107
69,1,4,0.03419603034853935
69,1,5,0.09906034916639328
69,1,6,0.1006825715303421
69,2,2,0.25045540928840637
69,2,3,0.1317196488380432
69,2,4,0.07659582793712616
69,2,5,0.04585755616426468
69,2,6,0.0305301733314991
69,3,2,0.1700347512960434
69,3,3,0.12429369986057281
69,3,4,0.11339718848466873
69,3,5,0.09314749389886856
69,3,6,0.05640212073922157
69,4,2,0.15745417773723602
69,4,3,0.0742061585187912
69,4,4,0.07124391943216324
69,4,5,0.04641670361161232
69,4,6,0.03264152258634567
69,5,2,0.24260470271110535
69,5,3,0.1225944459438324
69,5,4,0.1142461746931076
69,5,5,0.07697702944278717
69,5,6,0.06180017814040184
69,6,2,0.14534243941307068
69,6,3,0.11171069741249084
69,6,4,0.11388260126113892
69,6,5,0.07635721564292908
69,6,6,0.07160583883523941
69,7,2,0.1743229180574417
69,7,3,0.08108165115118027
69,7,4,0.04686405509710312
69,7,5,0.030532782897353172
69,7,6,0.07121235132217407
69,8,2,0.13859371840953827
69,8,3,0.13396602869033813
69,8,4,0.08832727372646332
69,8,5,0.07265818119049072
69,8,6,0.06057159975171089
69,9,2,0.05792402848601341
69,9,3,0.12696972489356995
69,9,4,0.11895999312400818
69,9,5,0.10431777685880661
69,9,6,0.06945071369409561
69,10,2,0.17800204455852509
69,10,3,0.11469767242670059
69,10,4,0.0706624686717987
69,10,5,0.04603787884116173
69,10,6,0.0640786811709404
69,11,2,0.11118359118700027
69,11,3,0.12443419545888901
69,11,4,0.07773435115814209
69,11,5,0.09995580464601517
69,11,6,0.06916739046573639
70,0,2,0.1841644048690796
70,0,3,0.12152640521526337
70,0,4,0.0836729109287262
70,0,5,0.05451441556215286
70,0,6,0.03833606839179993
70,1,2,0.10889716446399689
70,1,3,0.17370468378067017
70,1,4,0.10039887577295303
70,1,5,0.06541168689727783
70,1,6,0.045999325811862946
70,2,2,0.15214970707893372
70,2,3,0.07577738910913467
70,2,4,0.07488130033016205
70,2,5,0.048786528408527374
70,2,6,0.0343080498278141
70,3,2,0.21750855445861816
70,3,3,0.11304160952568054
70,3,4,0.06533646583557129
70,3,5,0.042567893862724304
70,3,6,0.05152415856719017
70,4,2,0.15979740023612976
70,4,3,0.07432547956705093
70,4,4,0.07310667634010315
70,4,5,0.04763032868504524
70,4,6,0.0334949791431427
70,5,2,0.125422403216362
70,5,3,0.11444193869829178
70,5,4,0.06172586604952812
70,5,5,0.05544295534491539
70,5,6,0.03898903355002403
70,6,2,0.18072164058685303
70,6,3,0.08405784517526627
70,6,4,0.04858425259590149
70,6,5,0.031653523445129395
70,6,6,0.02225964516401291
70,7,2,0.15983964502811432
70,7,3,0.0883018970489502
70,7,4,0.060665249824523926
70,7,5,0.03952450677752495
70,7,6,0.027794739231467247
70,8,2,0.16690339148044586
70,8,3,0.0776306539773941
70,8,4,0.07898102700710297
70,8,5,0.05145757272839546
70,8,6,0.036186400800943375
70,9,2,0.16027672588825226
70,9,3,0.10411755740642548
70,9,4,0.07533618807792664
70,9,5,0.05680982023477554
70,9,6,0.03995025157928467
70,10,2,0.09181772917509079
70,10,3,0.04270656034350395
70,10,4,0.024683795869350433
70,10,5,0.06661559641361237
70,10,6,0.046845942735672
70,11,2,0.13507118821144104
70,11,3,0.06282474845647812
70,11,4,0.0925118550658226
70,11,5,0.06027312949299812
70,11,6,0.0423857681453228
71,0,2,0.15504084527492523
71,0,3,0.09537661075592041
71,0,4,0.056925248354673386
71,0,5,0.056053828448057175
71,0,6,0.03908173739910126
71,1,2,0.1645643711090088
71,1,3,0.10620797425508499
71,1,4,0.07241791486740112
71,1,5,0.06701115518808365
71,1,6,0.047124117612838745
71,2,2,0.15825539827346802
71,2,3,0.09696772694587708
71,2,4,0.05604599043726921
71,2,5,0.04920545592904091
71,2,6,0.029419003054499626
71,3,2,0.140140101313591
71,3,3,0.13187840580940247
71,3,4,0.10285896062850952
71,3,5,0.08824757486581802
71,3,6,0.056302256882190704
71,4,2,0.08644254505634308
71,4,3,0.0528692901134491
71,4,4,0.05067015811800957
71,4,5,0.03301252797245979
71,4,6,0.023215332999825478
71,5,2,0.17710551619529724
71,5,3,0.09904848784208298
71,5,4,0.05464208498597145
71,5,5,0.04482736811041832
71,5,6,0.03152386099100113
71,6,2,0.21220578253269196
71,6,3,0.11966322362422943
71,6,4,0.06916367262601852
71,6,5,0.08347320556640625
71,6,6,0.058700691908597946
71,7,2,0.1243719756603241
71,7,3,0.09032436460256577
71,7,4,0.05819490924477577
71,7,5,0.05068127438426018
71,7,6,0.03564048931002617
71,8,2,0.17615367472171783
71,8,3,0.11707363277673721
71,8,4,0.06399762630462646
71,8,5,0.05462820827960968
71,8,6,0.04297560825943947
71,9,2,0.15304674208164215
71,9,3,0.0798342376947403
71,9,4,0.10860274732112885
71,9,5,0.07365646958351135
71,9,6,0.051408253610134125
71,10,2,0.1511184275150299
71,10,3,0.12597018480300903
71,10,4,0.09181445837020874
71,10,5,0.0682358518242836
71,10,6,0.05834420770406723
71,11,2,0.14657089114189148
71,11,3,0.08659306913614273
71,11,4,0.07348117977380753
71,11,5,0.0666024312376976
71,11,6,0.02974432148039341
72,0,2,0.20332227647304535
72,0,3,0.09456991404294968
72,0,4,0.054660096764564514
72,0,5,0.035612039268016815
72,0,6,0.025043383240699768
72,1,2,0.0879228487610817
72,1,3,0.18656957149505615
72,1,4,0.09290412068367004
72,1,5,0.05562124773859978
72,1,6,0.03703046590089798
72,2,2,0.21550992131233215
72,2,3,0.10023868083953857
72,2,4,0.05793655663728714
72,2,5,0.037746720016002655
72,2,6,0.026544541120529175
72,3,2,0.20309050381183624
72,3,3,0.14357489347457886
72,3,4,0.08598191291093826
72,3,5,0.05601877719163895
72,3,6,0.05159724876284599
72,4,2,0.16449204087257385
72,4,3,0.0709318146109581
72,4,4,0.040997590869665146
72,4,5,0.026710674166679382
72,4,6,0.018783697858452797
72,5,2,0.18041276931762695
72,5,3,0.08917469531297684
72,5,4,0.06005667895078659
72,5,5,0.03912801668047905
72,5,6,0.027515914291143417
72,6,2,0.19271479547023773
72,6,3,0.08963613957166672
72,6,4,0.0518084354698658
72,6,5,0.0337541289627552
72,6,6,0.023736849427223206
72,7,2,0.13752514123916626
72,7,3,0.11092895269393921
72,7,4,0.06411537528038025
72,7,5,0.04177233576774597
72,7,6,0.0293754693120718
72,8,2,0.20012058317661285
72,8,3,0.09308073669672012
72,8,4,0.05379936099052429
72,8,5,0.03505126014351845
72,8,6,0.02464902773499489
72,9,2,0.2279902547597885
72,9,3,0.1499350517988205
72,9,4,0.08666035532951355
72,9,5,0.05646079033613205
72,9,6,0.039704807102680206
72,10,2,0.1846972405910492
72,10,3,0.09455379098653793
72,10,4,0.052284494042396545
72,10,5,0.03406429663300514
72,10,6,0.03781374543905258
72,11,2,0.1738530546426773
72,11,3,0.0713384747505188
72,11,4,0.0412326417863369
72,11,5,0.026863811537623405
72,11,6,0.018891382962465286
73,0,2,0.05847160890698433
73,0,3,0.1393590271472931
73,0,4,0.06939516961574554
73,0,5,0.06130722165107727
73,0,6,0.06500861048698425
73,1,2,0.053823914378881454
73,1,3,0.11855190247297287
73,1,4,0.08113768696784973
73,1,5,0.040121037513017654
73,1,6,0.017362313345074654
73,2,2,0.20271682739257812
73,2,3,0.09428831189870834
73,2,4,0.05449732393026352
73,2,5,0.0355059951543808
73,2,6,0.024968808516860008
73,3,2,0.19162432849407196
73,3,3,0.09788589924573898
73,3,4,0.09073497354984283
73,3,5,0.05432260408997536
73,3,6,0.03863565996289253
73,4,2,0.09741157293319702
73,4,3,0.12066906690597534
73,4,4,0.06891908496618271
73,4,5,0.04490203410387039
73,4,6,0.03157636523246765
73,5,2,0.11275261640548706
73,5,3,0.09304237365722656
73,5,4,0.08227083832025528
73,5,5,0.053600944578647614
73,5,6,0.010382347740232944
73,6,2,0.16098052263259888
73,6,3,0.12880274653434753
73,6,4,0.0744461938738823
73,6,5,0.04850304126739502
73,6,6,0.03410869836807251
73,7,2,0.12931005656719208
73,7,3,0.11115486919879913
73,7,4,0.06424595415592194
73,7,5,0.04185740277171135
73,7,6,0.029435299336910248
73,8,2,0.198178231716156
73,8,3,0.09217731654644012
73,8,4,0.05327719822525978
73,8,5,0.03471105918288231
73,8,6,0.024409785866737366
73,9,2,0.08399469405412674
73,9,3,0.1369386464357376
73,9,4,0.06485112011432648
73,9,5,0.010176459327340126
73,9,6,0.02653362601995468
73,10,2,0.19207392632961273
73,10,3,0.11918078362941742
73,10,4,0.019891057163476944
73,10,5,0.06102188676595688
73,10,6,0.04062599688768387
73,11,2,0.13121870160102844
73,11,3,0.13420096039772034
73,11,4,0.07756627351045609
73,11,5,0.05053582787513733
73,11,6,0.0355382077395916
74,0,2,0.17740611732006073
74,0,3,0.15089787542819977
74,0,4,0.09486767649650574
74,0,5,0.05679681897163391
74,0,6,0.03781311586499214
74,1,2,0.2511150538921356
74,1,3,0.178118035197258
74,1,4,0.11480334401130676
74,1,5,0.06873220950365067
74,1,6,0.04575922712683678
74,2,2,0.17431586980819702
74,2,3,0.11441311985254288
74,2,4,0.07753506302833557
74,2,5,0.05051549896597862
74,2,6,0.0355239100754261
74,3,2,0.16131491959095
74,3,3,0.1350078284740448
74,3,4,0.15334126353263855
74,3,5,0.0999046117067337
74,3,6,0.07025571912527084
74,4,2,0.14356350898742676
74,4,3,0.08411429822444916
74,4,4,0.05996198579668999
74,4,5,0.0361405685544014
74,4,6,0.025415057316422462
74,5,2,0.2500187158584595
74,5,3,0.15064039826393127
74,5,4,0.10939639061689377
74,5,5,0.0859668105840683
74,5,6,0.06045426428318024
74,6,2,0.1988825500011444
74,6,3,0.09338367730379105
74,6,4,0.0539744570851326
74,6,5,0.05423232540488243
74,6,6,0.05487805977463722
74,7,2,0.2124606817960739
74,7,3,0.09882041066884995
74,7,4,0.05711681768298149
74,7,5,0.037212636321783066
74,7,6,0.02616897225379944
74,8,2,0.13555431365966797
74,8,3,0.06304946541786194
74,8,4,0.036441706120967865
74,8,5,0.0237424336373806
74,8,6,0.016696341335773468
74,9,2,0.05710107088088989
74,9,3,0.1415218859910965
74,9,4,0.07047218084335327
74,9,5,0.15451714396476746
74,9,6,0.10287149250507355
74,10,2,0.2638707458972931
74,10,3,0.15225784480571747
74,10,4,0.08800290524959564
74,10,5,0.05733548849821091
74,10,6,0.050510674715042114
74,11,2,0.19578437507152557
74,11,3,0.2214040607213974
74,11,4,0.13378575444221497
74,11,5,0.08716383576393127
74,11,6,0.06129605323076248
75,0,2,0.15774944424629211
75,0,3,0.12399502098560333
75,0,4,0.08147531747817993
75,0,5,0.0574926994740963
75,0,6,0.05043480917811394
75,1,2,0.16242964565753937
75,1,3,0.07476142793893814
75,1,4,0.07328445464372635
75,1,5,0.060559336096048355
75,1,6,0.053434573113918304
75,2,2,0.16410291194915771
75,2,3,0.0763280838727951
75,2,4,0.044116564095020294
75,2,5,0.028742743656039238
75,2,6,0.020212702453136444
75,3,2,0.12531425058841705
75,3,3,0.12634560465812683
75,3,4,0.07302599400281906
75,3,5,0.04757775738835335
75,3,6,0.03345801681280136
75,4,2,0.1946100890636444
75,4,3,0.09481951594352722
75,4,4,0.08067447692155838
75,4,5,0.05256088823080063
75,4,6,0.03696228563785553
75,5,2,0.05106591433286667
75,5,3,0.14370889961719513
75,5,4,0.07156123220920563
75,5,5,0.05596872791647911
75,5,6,0.037261802703142166
75,6,2,0.1723780781030655
75,6,3,0.03537048399448395
75,6,4,0.02983270213007927
75,6,5,0.02675856277346611
75,6,6,0.020439419895410538
75,7,2,0.2732641100883484
75,7,3,0.1233569011092186
75,7,4,0.016876719892024994
75,7,5,0.051096562296152115
75,7,6,0.047035787254571915
75,8,2,0.027277493849396706
75,8,3,0.03243632614612579
75,8,4,0.027486048638820648
75,8,5,0.07939594984054565
75,8,6,0.014727316796779633
75,9,2,0.1772681027650833
75,9,3,0.03554729372262955
75,9,4,0.0814160406589508
75,9,5,0.028802286833524704
75,9,6,0.08973551541566849
75,10,2,0.17896924912929535
75,10,3,0.13510708510875702
75,10,4,0.06727787107229233
75,10,5,0.04027894139289856
75,10,6,0.02681615576148033
75,11,2,0.048588868230581284
75,11,3,0.13410601019859314
75,11,4,0.03614022582769394
75,11,5,0.08895566314458847
75,11,6,0.05492718890309334
76,0,2,0.13133734464645386
76,0,3,0.13128459453582764
76,0,4,0.12872712314128876
76,0,5,0.08386804908514023
76,0,6,0.0589783638715744
76,1,2,0.16287469863891602
76,1,3,0.07575681060552597
76,1,4,0.04343955218791962
76,1,5,0.028301650658249855
76,1,6,0.019902518019080162
76,2,2,0.15073293447494507
76,2,3,0.08949659019708633
76,2,4,0.0517277717590332
76,2,5,0.0337015800178051
76,2,6,0.023699898272752762
76,3,2,0.1992136687040329
76,3,3,0.13727733492851257
76,3,4,0.10160606354475021
76,3,5,0.060831066220998764
76,3,6,0.04049895331263542
76,4,2,0.26484107971191406
76,4,3,0.08731839805841446
76,4,4,0.09354689717292786
76,4,5,0.056006088852882385
76,4,6,0.0372866690158844
76,5,2,0.12576064467430115
76,5,3,0.11039580404758453
76,5,4,0.07280037552118301
76,5,5,0.04743076115846634
76,5,6,0.04835415631532669
76,6,2,0.14818324148654938
76,6,3,0.08924183249473572
76,6,4,0.07324568927288055
76,6,5,0.04772089794278145
76,6,6,0.033558666706085205
76,7,3,0.1441076546907425
76,7,4,0.07666204124689102
76,7,5,0.08632880449295044
76,7,6,0.06518537551164627
76,8,2,0.27171215415000916
76,8,3,0.15620890259742737
76,8,4,0.07778571546077728
76,8,5,0.046569954603910446
76,8,6,0.03100445307791233
76,9,3,0.21205966174602509
76,9,4,0.04790091514587402
76,9,5,0.13142645359039307
76,9,6,0.03357318416237831
76,10,3,0.18313714861869812
76,10,4,0.09740118682384491
76,10,5,0.07854416221380234
76,10,6,0.047024019062519073
76,11,2,0.18264779448509216
76,11,3,0.10183264315128326
76,11,4,0.01945151761174202
76,11,5,0.06890865415334702
76,11,6,0.05157535895705223
77,0,2,0.15058594942092896
77,0,3,0.09486349672079086
77,0,4,0.06467270106077194
77,0,5,0.0414062961935997
77,0,6,0.032902080565690994
77,1,2,0.18932050466537476
77,1,3,0.04059526324272156
77,1,4,0.09130922704935074
77,1,5,0.06073891371488571
77,1,6,0.046634942293167114
77,2,2,0.11878880113363266
77,2,3,0.1210990622639656
77,2,4,0.09272940456867218
77,2,5,0.060414887964725494
77,2,6,0.04248543456196785
77,3,2,0.2380608469247818
77,3,3,0.16379135847091675
77,3,4,0.11526225507259369
77,3,5,0.06900695711374283
77,3,6,0.04594215750694275
77,4,2,0.10602352023124695
77,4,3,0.11885979771614075
77,4,4,0.08600632846355438
77,4,5,0.05487050861120224
77,4,6,0.046954523772001266
77,5,2,0.17221762239933014
77,5,3,0.1198020726442337
77,5,4,0.07716234028339386
77,5,5,0.0635971650481224
77,5,6,0.0433630496263504
77,6,2,0.05777740851044655
77,6,3,0.04201161116361618
77,6,4,0.12160772830247879
77,6,5,0.027230767533183098
77,6,6,0.08198194950819016
77,7,2,0.099726103246212
77,7,3,0.0726543515920639
77,7,4,0.057395268231630325
77,7,5,0.11672672629356384
77,7,6,0.03337918967008591
77,8,2,0.16172124445438385
77,8,3,0.0973372608423233
77,8,4,0.056259576231241226
77,8,5,0.036654144525527954
77,8,6,0.025776207447052002
77,9,2,0.1650097519159317
77,9,3,0.039445582777261734
77,9,4,0.03783659636974335
77,9,5,0.10308554023504257
77,9,6,0.0735410824418068
77,10,2,0.07440231740474701
77,10,3,0.06600780040025711
77,10,4,0.1711547076702118
77,10,5,0.07258804142475128
77,10,6,0.04013102129101753
77,11,2,0.16960076987743378
77,11,3,0.11576411873102188
77,11,4,0.09281352162361145
77,11,5,0.07980571687221527
77,11,6,0.05612161383032799
78,0,2,0.06880056113004684
78,0,3,0.12752704322338104
78,0,4,0.07721984386444092
78,0,5,0.015158694237470627
78,0,6,0.016542408615350723
78,1,2,0.0925053060054779
78,1,3,0.06178506463766098
78,1,4,0.0361051931977272
78,1,5,0.032808542251586914
78,1,6,0.08363468199968338
78,2,2,0.2114025354385376
78,2,3,0.09748349338769913
78,2,4,0.103453628718853
78,2,5,0.06740190088748932
78,2,6,0.04752972349524498
78,3,2,0.07233944535255432
78,3,3,0.06390709429979324
78,3,4,0.010746599175035954
78,3,5,0.07297714799642563
78,3,6,0.03980729356408119
78,4,2,0.0896134153008461
78,4,3,0.041681285947561264
78,4,4,0.024091197177767754
78,4,5,0.015695853158831596
78,4,6,0.01103776041418314
78,5,2,0.14633138477802277
78,5,3,0.11239702999591827
78,5,4,0.01688382960855961
78,5,5,0.07277008891105652
78,5,6,0.04844749718904495
78,6,2,0.2394402027130127
78,6,3,0.11222794651985168
78,6,4,0.0874091386795044
78,6,5,0.06473148614168167
78,6,6,0.04309570789337158
78,7,2,0.09332263469696045
78,7,3,0.07832160592079163
78,7,4,0.04526880010962486
78,7,5,0.07216513156890869
78,7,6,0.04004330188035965
78,8,2,0.112001433968544
78,8,3,0.07941371947526932
78,8,4,0.04316450282931328
78,8,5,0.04692411050200462
78,8,6,0.009089060127735138
78,9,2,0.10051935911178589
78,9,3,0.05472975969314575
78,9,4,0.031633034348487854
78,9,5,0.020609496161341667
78,9,6,0.01449317391961813
78,10,2,0.09689857065677643
78,10,3,0.06261496245861053
78,10,4,0.08317086100578308
78,10,5,0.06593815982341766
78,10,6,0.03561433032155037
78,11,2,0.15143056213855743
78,11,3,0.07043387740850449
78,11,4,0.05114109069108963
78,11,5,0.009650368243455887
78,11,6,0.06806596368551254
79,0,2,0.08516409248113632
79,0,3,0.15797071158885956
79,0,4,0.10568387806415558
79,0,5,0.0711258128285408
79,0,6,0.04157591611146927
79,1,2,0.04644105210900307
79,1,3,0.16308222711086273
79,1,4,0.06106878072023392
79,1,5,0.06146961450576782
79,1,6,0.05858885869383812
79,2,2,0.13495691120624542
79,2,3,0.10759343206882477
79,2,4,0.07603497058153152
79,2,5,0.05883568525314331
79,2,6,0.04260028898715973
79,3,2,0.15498386323451996
79,3,3,0.0832238495349884
79,3,4,0.06873324513435364
79,3,5,0.04716145247220993
79,3,6,0.04777871072292328
79,4,2,0.09685591608285904
79,4,3,0.04233655333518982
79,4,4,0.024469934403896332
79,4,5,0.015942605212330818
79,4,6,0.06211020424962044
79,5,2,0.19153156876564026
79,5,3,0.10522259026765823
79,5,4,0.061761267483234406
79,5,5,0.06258618831634521
79,5,6,0.04870415851473808
79,6,2,0.23581543564796448
79,6,3,0.037269964814186096
79,6,4,0.11289866268634796
79,6,5,0.10013210028409958
79,6,6,0.06666406244039536
79,7,2,0.1816776841878891
79,7,3,0.08466143906116486
79,7,4,0.05049874633550644
79,7,5,0.06569693237543106
79,7,6,0.049914900213479996
79,8,2,0.08642470091581345
79,8,3,0.0932285264134407
79,8,4,0.05112120509147644
79,8,5,0.06201143190264702
79,8,6,0.03393184766173363
79,9,2,0.181350439786911
79,9,3,0.09145393967628479
79,9,4,0.052859093993902206
79,9,5,0.034438662230968475
79,9,6,0.024218223989009857
79,10,2,0.17466570436954498
79,10,3,0.030366966500878334
79,10,4,0.08344018459320068
79,10,5,0.0715584009885788
79,10,6,0.04739132896065712
79,11,2,0.16232500970363617
79,11,3,0.10240630060434341
79,11,4,0.06466536968946457
79,11,5,0.07294362783432007
79,11,6,0.051295991986989975
80,0,2,0.12530511617660522
80,0,3,0.06623829156160355
80,0,4,0.053913094103336334
80,0,5,0.011369162239134312
80,0,6,0.009806008078157902
80,1,2,0.0860917940735817
80,1,3,0.058875057846307755
80,1,4,0.041825417429208755
80,1,5,0.11080916970968246
80,1,6,0.03398805856704712
80,2,2,0.1382821798324585
80,2,3,0.07644835114479065
80,2,4,0.07320328056812286
80,2,5,0.056065160781145096
80,2,6,0.040494464337825775
80,3,2,0.08307244628667831
80,3,3,0.06593059003353119
80,3,4,0.12253545224666595
80,3,5,0.033832207322120667
80,3,6,0.08006023615598679
80,4,2,0.1518077850341797
80,4,3,0.07362952828407288
80,4,4,0.05005073547363281
80,4,5,0.03260895982384682
80,4,6,0.038611285388469696
80,5,2,0.04455992206931114
80,5,3,0.12022724747657776
80,5,4,0.0194860752671957
80,5,5,0.08021333813667297
80,5,6,0.04643039032816887
80,6,2,0.17616568505764008
80,6,3,0.03420954570174217
80,6,4,0.026597823947668076
80,6,5,0.08301349729299545
80,6,6,0.059086184948682785
80,7,2,0.11155139654874802
80,7,3,0.0684124007821083
80,7,4,0.0461106076836586
80,7,5,0.03668021410703659
80,7,6,0.025794552639126778
80,8,2,0.02045784331858158
80,8,3,0.10090765357017517
80,8,4,0.06848205626010895
80,8,5,0.03640379384160042
80,8,6,0.07674387842416763
80,9,2,0.10967129468917847
80,9,3,0.08405353873968124
80,9,4,0.014471429400146008
80,9,5,0.054463546723127365
80,9,6,0.03360729292035103
80,10,2,0.0759534239768982
80,10,3,0.14099006354808807
80,10,4,0.04736528918147087
80,10,5,0.0809502899646759
80,10,6,0.04890546575188637
80,11,2,0.11759518831968307
80,11,3,0.017968429252505302
80,11,4,0.07036224007606506
80,11,5,0.04490320757031441
80,11,6,0.0380990132689476
81,0,2,0.05301586538553238
81,0,3,0.061316195875406265
81,0,4,0.13504229485988617
81,0,5,0.12795153260231018
81,0,6,0.08829579502344131
81,1,2,0.08399724215269089
81,1,3,0.2893083989620209
81,1,4,0.1445264369249344
81,1,5,0.11354996263980865
81,1,6,0.06113768368959427
81,2,2,0.20783506333827972
81,2,3,0.12340600788593292
81,2,4,0.07871918380260468
81,2,5,0.0512869730591774
81,2,6,0.036066435277462006
81,3,2,0.13259732723236084
81,3,3,0.12543486058712006
81,3,4,0.01813603937625885
81,3,5,0.10021810978651047
81,3,6,0.05595988407731056
81,4,2,0.12609809637069702
81,4,3,0.12202095240354538
81,4,4,0.10062357038259506
81,4,5,0.04541405290365219
81,4,6,0.03193643316626549
81,5,2,0.03595785051584244
81,5,3,0.17904235422611237
81,5,4,0.09946022182703018
81,5,5,0.08261663466691971
81,5,6,0.055002935230731964
81,6,2,0.13208727538585663
81,6,3,0.0693722516298294
81,6,4,0.20628371834754944
81,6,5,0.10413877665996552
81,6,6,0.07718225568532944
81,7,2,0.1773238629102707
81,7,3,0.12609082460403442
81,7,4,0.08748315274715424
81,7,5,0.09020663797855377
81,7,6,0.05683336406946182
81,8,2,0.0665082037448883
81,8,3,0.030934514477849007
81,8,4,0.01787971332669258
81,8,5,0.011648958548903465
81,8,6,0.00819187331944704
81,9,2,0.07782867550849915
81,9,3,0.03619993105530739
81,9,4,0.07214079052209854
81,9,5,0.02278640680015087
81,9,6,0.06502044945955276
81,10,2,0.3273395001888275
81,10,3,0.0584811307489872
81,10,4,0.155683234333992
81,10,5,0.10685402154922485
81,10,6,0.07902038097381592
81,11,2,0.05956745147705078
81,11,3,0.15777826309204102
81,11,4,0.10694514214992523
81,11,5,0.021861357614398003
81,11,6,0.06811055541038513
82,0,2,0.14598864316940308
82,0,3,0.11340776085853577
82,0,4,0.06554809212684631
82,0,5,0.04270577430725098
82,0,6,0.030031895264983177
82,1,2,0.16701996326446533
82,1,3,0.038650188595056534
82,1,4,0.035786330699920654
82,1,5,0.10230274498462677
82,1,6,0.081830233335495
82,2,2,0.1604790836572647
82,2,3,0.08241535723209381
82,2,4,0.06017391011118889
82,2,5,0.03845084458589554
82,2,6,0.033673517405986786
82,3,2,0.24710343778133392
82,3,3,0.2554543614387512
82,3,4,0.1272059679031372
82,3,5,0.07615761458873749
82,3,6,0.0507027693092823
82,4,2,0.19008027017116547
82,4,3,0.1112678050994873
82,4,4,0.10728739202022552
82,4,5,0.06989967823028564
82,4,6,0.04915541410446167
82,5,2,0.23287633061408997
82,5,3,0.10647954046726227
82,5,4,0.08499836176633835
82,5,5,0.08354226499795914
82,5,6,0.08464795351028442
82,6,2,0.08198970556259155
82,6,3,0.16277654469013214
82,6,4,0.04561975598335266
82,6,5,0.10081741958856583
82,6,6,0.05573790892958641
82,7,2,0.1609397679567337
82,7,3,0.10478749126195908
82,7,4,0.07095033675432205
82,7,5,0.04622542858123779
82,7,6,0.032507020980119705
82,8,2,0.12867550551891327
82,8,3,0.125663161277771
82,8,4,0.06833531707525253
82,8,5,0.06198839843273163
82,8,6,0.041693586856126785
82,9,2,0.04027077555656433
82,9,3,0.17039498686790466
82,9,4,0.08492996543645859
82,9,5,0.07537762820720673
82,9,6,0.0501834936439991
82,10,2,0.11799522489309311
82,10,3,0.2890304923057556
82,10,4,0.1080552265048027
82,10,5,0.0703999325633049
82,10,6,0.12745825946331024
82,11,2,0.16655558347702026
82,11,3,0.1140938550233841
82,11,4,0.09353753924369812
82,11,5,0.06094139814376831
82,11,6,0.04285569489002228
